#2026 10 06 12:36:36.107#Z#INFO#91ca7629-c182-11f1-ab57-eeee0a835edd.OPERATION#http-nio-0.0.0.0-8080-exec-14#
[XS2StartProcessListener] Operation ID: 91ca7629-c182-11f1-ab57-eeee0a835edd#
#2026 10 06 12:36:36.120#Z#DEBUG#91ca7629-c182-11f1-ab57-eeee0a835edd.OPERATION#http-nio-0.0.0.0-8080-exec-14#
[XS2StartProcessListener] Process environment: {
  "SKIP_SSL_VALIDATION" : "false",
  "FLOWABLE_JOB_EXECUTOR_MAX_THREADS" : "32",
  "VERSION" : "2.54.1",
  "BASIC_AUTH_ENABLED" : "true",
  "FLOWABLE_JOB_EXECUTOR_QUEUE_CAPACITY" : "16",
  "FLOWABLE_JOB_EXECUTOR_CORE_THREADS" : "8"
}#
#2026 10 06 12:36:36.120#Z#DEBUG#91ca7629-c182-11f1-ab57-eeee0a835edd.OPERATION#http-nio-0.0.0.0-8080-exec-14#
[XS2StartProcessListener] Current user: athil.abdulrahman@applexus.com#
#2026 10 06 12:36:36.120#Z#DEBUG#91ca7629-c182-11f1-ab57-eeee0a835edd.OPERATION#http-nio-0.0.0.0-8080-exec-14#
[XS2StartProcessListener] Client space: dev#
#2026 10 06 12:36:36.120#Z#DEBUG#91ca7629-c182-11f1-ab57-eeee0a835edd.OPERATION#http-nio-0.0.0.0-8080-exec-14#
[XS2StartProcessListener] Client organization: 8894508ftrial#
#2026 10 06 12:36:36.120#Z#INFO#91ca7629-c182-11f1-ab57-eeee0a835edd.OPERATION#http-nio-0.0.0.0-8080-exec-14#
[XS2StartProcessListener] Process variables: {
  "keepFiles" : false,
  "skipAppDigestCalculation" : false,
  "abortOnError" : false,
  "mtaId" : "EAM",
  "noFailOnMissingPermissions" : false,
  "isSecurityEnabled" : false,
  "apiRequestPath" : "https://deploy-service.cf.us10-001.hana.ondemand.com/api/v1/spaces/a0f7d9f4-737c-456d-9bbf-cfb1f4c0ebd8/operations",
  "deleteServiceBrokers" : false,
  "appArchiveId" : "03ab4676-6455-4eec-be80-138c6400d387",
  "isDisposableUserProvidedServiceEnabled" : false,
  "deleteServiceKeys" : false,
  "noRestartSubscribedApps" : false,
  "noStart" : false,
  "deleteServices" : false
}#
#2026 10 06 12:36:36.465#Z#DEBUG#91ca7629-c182-11f1-ab57-eeee0a835edd.OPERATION#flowable-async-job-executor-thread-13296#
[ValidateDeployParametersStep] Executing task "validateParametersTask" of process "91ca764f-c182-11f1-ab57-eeee0a835edd"...#
#2026 10 06 12:36:36.465#Z#DEBUG#91ca7629-c182-11f1-ab57-eeee0a835edd.OPERATION#flowable-async-job-executor-thread-13296#
[ValidateDeployParametersStep] Validating parameters...#
#2026 10 06 12:36:36.467#Z#INFO#91ca7629-c182-11f1-ab57-eeee0a835edd.OPERATION#flowable-async-job-executor-thread-13296#
[ValidateDeployParametersStep] Size of mtars is 12,549,436 and size of extension descriptors is 0#
#2026 10 06 12:36:36.491#Z#INFO#91ca7629-c182-11f1-ab57-eeee0a835edd.OPERATION#flowable-async-job-executor-thread-13296#
[ValidateDeployParametersStep] Archive was not split! Total size in bytes: 12,549,436#
#2026 10 06 12:36:36.491#Z#INFO#91ca7629-c182-11f1-ab57-eeee0a835edd.OPERATION#flowable-async-job-executor-thread-13296#
[ValidateDeployParametersStep] Deploying in org "8894508ftrial" and space "dev"#
#2026 10 06 12:36:36.495#Z#DEBUG#91ca7629-c182-11f1-ab57-eeee0a835edd.OPERATION#flowable-async-job-executor-thread-13296#
[ValidateDeployParametersStep] Parameters validated#
#2026 10 06 12:36:36.495#Z#DEBUG#91ca7629-c182-11f1-ab57-eeee0a835edd.OPERATION#flowable-async-job-executor-thread-13296#
Step "Validate Parameters" finished#
#2026 10 06 12:36:36.517#Z#DEBUG#91ca7629-c182-11f1-ab57-eeee0a835edd.OPERATION#flowable-async-job-executor-thread-13296#
[DeleteRemainingFileParts] Executing task "deleteRemainingFileParts" of process "91ca764f-c182-11f1-ab57-eeee0a835edd"...#
#2026 10 06 12:36:36.517#Z#DEBUG#91ca7629-c182-11f1-ab57-eeee0a835edd.OPERATION#flowable-async-job-executor-thread-13296#
Step "Delete Remaining File Parts" finished#
#2026 10 06 12:36:36.535#Z#DEBUG#91ca7629-c182-11f1-ab57-eeee0a835edd.OPERATION#flowable-async-job-executor-thread-13296#
[XS2ProcessMtaArchiveStep] Executing task "processArchiveTask" of process "91ca764f-c182-11f1-ab57-eeee0a835edd"...#
#2026 10 06 12:36:36.536#Z#DEBUG#91ca7629-c182-11f1-ab57-eeee0a835edd.OPERATION#flowable-async-job-executor-thread-13296#
[XS2ProcessMtaArchiveStep] Processing MTA archive...#
#2026 10 06 12:36:36.536#Z#DEBUG#91ca7629-c182-11f1-ab57-eeee0a835edd.OPERATION#flowable-async-job-executor-thread-13296#
[XS2ProcessMtaArchiveStep] MTA Archive ID: 03ab4676-6455-4eec-be80-138c6400d387#
#2026 10 06 12:36:36.731#Z#DEBUG#91ca7629-c182-11f1-ab57-eeee0a835edd.OPERATION#flowable-async-job-executor-thread-13296#
[XS2ProcessMtaArchiveStep] MTA Descriptor length: 2,675#
#2026 10 06 12:36:36.731#Z#DEBUG#91ca7629-c182-11f1-ab57-eeee0a835edd.OPERATION#flowable-async-job-executor-thread-13296#
[XS2ProcessMtaArchiveStep] MTA Archive Modules: [EAM, EAM-db-deployer, EAM-srv, EAM-app-deployer]#
#2026 10 06 12:36:36.731#Z#DEBUG#91ca7629-c182-11f1-ab57-eeee0a835edd.OPERATION#flowable-async-job-executor-thread-13296#
[XS2ProcessMtaArchiveStep] MTA Archive Requires: []#
#2026 10 06 12:36:36.731#Z#DEBUG#91ca7629-c182-11f1-ab57-eeee0a835edd.OPERATION#flowable-async-job-executor-thread-13296#
[XS2ProcessMtaArchiveStep] MTA Archive Resources: [EAM-auth]#
#2026 10 06 12:36:36.740#Z#DEBUG#91ca7629-c182-11f1-ab57-eeee0a835edd.OPERATION#flowable-async-job-executor-thread-13296#
[XS2ProcessMtaArchiveStep] MTA archive processed#
#2026 10 06 12:36:36.740#Z#DEBUG#91ca7629-c182-11f1-ab57-eeee0a835edd.OPERATION#flowable-async-job-executor-thread-13296#
Step "Process Archive" finished#
#2026 10 06 12:36:36.768#Z#DEBUG#91ca7629-c182-11f1-ab57-eeee0a835edd.OPERATION#flowable-async-job-executor-thread-13301#
[ProcessMtaExtensionDescriptorsStep] Executing task "processExtensionDescriptorsTask" of process "91ca764f-c182-11f1-ab57-eeee0a835edd"...#
#2026 10 06 12:36:36.768#Z#DEBUG#91ca7629-c182-11f1-ab57-eeee0a835edd.OPERATION#flowable-async-job-executor-thread-13301#
[ProcessMtaExtensionDescriptorsStep] Processing MTA extension descriptors...#
#2026 10 06 12:36:36.769#Z#DEBUG#91ca7629-c182-11f1-ab57-eeee0a835edd.OPERATION#flowable-async-job-executor-thread-13301#
[ProcessMtaExtensionDescriptorsStep] Provided extension descriptors: [ ]#
#2026 10 06 12:36:36.769#Z#DEBUG#91ca7629-c182-11f1-ab57-eeee0a835edd.OPERATION#flowable-async-job-executor-thread-13301#
[ProcessMtaExtensionDescriptorsStep] No extension descriptors in use#
#2026 10 06 12:36:36.769#Z#DEBUG#91ca7629-c182-11f1-ab57-eeee0a835edd.OPERATION#flowable-async-job-executor-thread-13301#
[ProcessMtaExtensionDescriptorsStep] MTA extension descriptors processed#
#2026 10 06 12:36:36.769#Z#DEBUG#91ca7629-c182-11f1-ab57-eeee0a835edd.OPERATION#flowable-async-job-executor-thread-13301#
Step "Process Extension Descriptors" finished#
#2026 10 06 12:36:36.790#Z#DEBUG#91ca7629-c182-11f1-ab57-eeee0a835edd.OPERATION#flowable-async-job-executor-thread-13299#
[XS2DetectMtaSchemaVersionStep] Executing task "detectSchemaVersionTask" of process "91ca764f-c182-11f1-ab57-eeee0a835edd"...#
#2026 10 06 12:36:36.791#Z#DEBUG#91ca7629-c182-11f1-ab57-eeee0a835edd.OPERATION#flowable-async-job-executor-thread-13299#
[XS2DetectMtaSchemaVersionStep] Detecting MTA major schema version...#
#2026 10 06 12:36:36.792#Z#INFO#91ca7629-c182-11f1-ab57-eeee0a835edd.OPERATION#flowable-async-job-executor-thread-13299#
[XS2DetectMtaSchemaVersionStep] Detected MTA schema version: "3"#
#2026 10 06 12:36:36.795#Z#DEBUG#91ca7629-c182-11f1-ab57-eeee0a835edd.OPERATION#flowable-async-job-executor-thread-13299#
Step "Detect Schema Version" finished#
#2026 10 06 12:36:36.814#Z#DEBUG#91ca7629-c182-11f1-ab57-eeee0a835edd.OPERATION#flowable-async-job-executor-thread-13299#
[MergeDescriptorsStep] Executing task "mergeDescriptorsTask" of process "91ca764f-c182-11f1-ab57-eeee0a835edd"...#
#2026 10 06 12:36:36.815#Z#DEBUG#91ca7629-c182-11f1-ab57-eeee0a835edd.OPERATION#flowable-async-job-executor-thread-13299#
[MergeDescriptorsStep] Validating and merging descriptors...#
#2026 10 06 12:36:36.817#Z#DEBUG#91ca7629-c182-11f1-ab57-eeee0a835edd.OPERATION#flowable-async-job-executor-thread-13299#
[MergeDescriptorsStep] Merged deployment descriptor: {
  "majorSchemaVersion" : 3,
  "schemaVersion" : "3.3.0",
  "id" : "EAM",
  "version" : "1.0.0",
  "modules" : [ {
    "majorSchemaVersion" : 3,
    "name" : "EAM-srv",
    "type" : "javascript.nodejs",
    "path" : "EAM-srv",
    "properties" : { },
    "parameters" : {
      "buildpack" : "nodejs_buildpack",
      "instances" : 1
    },
    "requiredDependencies" : [ {
      "majorSchemaVersion" : 3,
      "name" : "********",
      "properties" : { },
      "parameters" : { },
      "propertiesMetadata" : {
        "metadata" : { }
      },
      "parametersMetadata" : {
        "metadata" : { }
      }
    }, {
      "majorSchemaVersion" : 3,
      "name" : "EAM-db",
      "properties" : { },
      "parameters" : { },
      "propertiesMetadata" : {
        "metadata" : { }
      },
      "parametersMetadata" : {
        "metadata" : { }
      }
    }, {
      "majorSchemaVersion" : 3,
      "name" : "EAM-connectivity",
      "properties" : { },
      "parameters" : { },
      "propertiesMetadata" : {
        "metadata" : { }
      },
      "parametersMetadata" : {
        "metadata" : { }
      }
    }, {
      "majorSchemaVersion" : 3,
      "name" : "EAM-destination",
      "properties" : { },
      "parameters" : { },
      "propertiesMetadata" : {
        "metadata" : { }
      },
      "parametersMetadata" : {
        "metadata" : { }
      }
    }, {
      "majorSchemaVersion" : 3,
      "name" : "EAM-logging",
      "properties" : { },
      "parameters" : { },
      "propertiesMetadata" : {
        "metadata" : { }
      },
      "parametersMetadata" : {
        "metadata" : { }
      }
    } ],
    "providedDependencies" : [ {
      "majorSchemaVersion" : 3,
      "name" : "srv-api",
      "isPublic" : false,
      "properties" : {
        "srv-url" : "${default-url}"
      },
      "parameters" : { },
      "propertiesMetadata" : {
        "metadata" : { }
      },
      "parametersMetadata" : {
        "metadata" : { }
      }
    }, {
      "majorSchemaVersion" : 3,
      "name" : "EAM-srv",
      "isPublic" : false,
      "properties" : { },
      "parameters" : { },
      "propertiesMetadata" : {
        "metadata" : { }
      },
      "parametersMetadata" : {
        "metadata" : { }
      }
    } ],
    "propertiesMetadata" : {
      "metadata" : { }
    },
    "parametersMetadata" : {
      "metadata" : { }
    },
    "hooks" : [ ]
  }, {
    "majorSchemaVersion" : 3,
    "name" : "EAM-db-deployer",
    "type" : "com.sap.xs.hdi",
    "path" : "EAM-db-deployer",
    "properties" : {
      "EXIT" : 1
    },
    "parameters" : {
      "memory" : "256M",
      "buildpack" : "nodejs_buildpack",
      "no-route" : true,
      "dependency-type" : "hard",
      "tasks" : [ {
        "name" : "deploy",
        "memory" : "256M",
        "command" : "npm start"
      } ],
      "no-start" : true
    },
    "requiredDependencies" : [ {
      "majorSchemaVersion" : 3,
      "name" : "EAM-db",
      "properties" : { },
      "parameters" : { },
      "propertiesMetadata" : {
        "metadata" : { }
      },
      "parametersMetadata" : {
        "metadata" : { }
      }
    } ],
    "providedDependencies" : [ {
      "majorSchemaVersion" : 3,
      "name" : "EAM-db-deployer",
      "isPublic" : false,
      "properties" : { },
      "parameters" : { },
      "propertiesMetadata" : {
        "metadata" : { }
      },
      "parametersMetadata" : {
        "metadata" : { }
      }
    } ],
    "propertiesMetadata" : {
      "metadata" : { }
    },
    "parametersMetadata" : {
      "metadata" : { }
    },
    "hooks" : [ ]
  }, {
    "majorSchemaVersion" : 3,
    "name" : "EAM",
    "type" : "javascript.nodejs",
    "path" : "EAM",
    "properties" : { },
    "parameters" : {
      "disk-quota" : "256M",
      "keep-existing-routes" : true,
      "memory" : "256M"
    },
    "requiredDependencies" : [ {
      "majorSchemaVersion" : 3,
      "name" : "srv-api",
      "group" : "destinations",
      "properties" : {
        "name" : "srv-api",
        "forwardAuthToken" : "********",
        "url" : "~{srv-url}"
      },
      "parameters" : { },
      "propertiesMetadata" : {
        "metadata" : { }
      },
      "parametersMetadata" : {
        "metadata" : { }
      }
    }, {
      "majorSchemaVersion" : 3,
      "name" : "********",
      "properties" : { },
      "parameters" : { },
      "propertiesMetadata" : {
        "metadata" : { }
      },
      "parametersMetadata" : {
        "metadata" : { }
      }
    }, {
      "majorSchemaVersion" : 3,
      "name" : "EAM-destination",
      "properties" : { },
      "parameters" : { },
      "propertiesMetadata" : {
        "metadata" : { }
      },
      "parametersMetadata" : {
        "metadata" : { }
      }
    }, {
      "majorSchemaVersion" : 3,
      "name" : "EAM-html5-runtime",
      "properties" : { },
      "parameters" : { },
      "propertiesMetadata" : {
        "metadata" : { }
      },
      "parametersMetadata" : {
        "metadata" : { }
      }
    }, {
      "majorSchemaVersion" : 3,
      "name" : "EAM-logging",
      "properties" : { },
      "parameters" : { },
      "propertiesMetadata" : {
        "metadata" : { }
      },
      "parametersMetadata" : {
        "metadata" : { }
      }
    } ],
    "providedDependencies" : [ {
      "majorSchemaVersion" : 3,
      "name" : "app-api",
      "isPublic" : false,
      "properties" : {
        "app-protocol" : "${protocol}",
        "app-uri" : "${default-uri}"
      },
      "parameters" : { },
      "propertiesMetadata" : {
        "metadata" : { }
      },
      "parametersMetadata" : {
        "metadata" : { }
      }
    }, {
      "majorSchemaVersion" : 3,
      "name" : "EAM",
      "isPublic" : false,
      "properties" : { },
      "parameters" : { },
      "propertiesMetadata" : {
        "metadata" : { }
      },
      "parametersMetadata" : {
        "metadata" : { }
      }
    } ],
    "propertiesMetadata" : {
      "metadata" : { }
    },
    "parametersMetadata" : {
      "metadata" : { }
    },
    "hooks" : [ ]
  }, {
    "majorSchemaVersion" : 3,
    "name" : "EAM-app-deployer",
    "type" : "com.sap.application.content",
    "path" : "EAM-app-deployer",
    "properties" : { },
    "parameters" : { },
    "requiredDependencies" : [ {
      "majorSchemaVersion" : 3,
      "name" : "********",
      "properties" : { },
      "parameters" : { },
      "propertiesMetadata" : {
        "metadata" : { }
      },
      "parametersMetadata" : {
        "metadata" : { }
      }
    }, {
      "majorSchemaVersion" : 3,
      "name" : "srv-api",
      "properties" : { },
      "parameters" : { },
      "propertiesMetadata" : {
        "metadata" : { }
      },
      "parametersMetadata" : {
        "metadata" : { }
      }
    }, {
      "majorSchemaVersion" : 3,
      "name" : "EAM-html5-repo-host",
      "properties" : { },
      "parameters" : {
        "config" : {
          "HTML5Runtime_enabled" : true
        },
        "content-target" : true
      },
      "propertiesMetadata" : {
        "metadata" : { }
      },
      "parametersMetadata" : {
        "metadata" : { }
      }
    } ],
    "providedDependencies" : [ {
      "majorSchemaVersion" : 3,
      "name" : "EAM-app-deployer",
      "isPublic" : false,
      "properties" : { },
      "parameters" : { },
      "propertiesMetadata" : {
        "metadata" : { }
      },
      "parametersMetadata" : {
        "metadata" : { }
      }
    } ],
    "propertiesMetadata" : {
      "metadata" : { }
    },
    "parametersMetadata" : {
      "metadata" : { }
    },
    "hooks" : [ ]
  } ],
  "resources" : [ {
    "majorSchemaVersion" : 3,
    "name" : "********",
    "type" : "org.cloudfoundry.managed-service",
    "properties" : { },
    "parameters" : {
      "path" : "./xs-security.json",
      "service-plan" : "application",
      "type" : "managed-service",
      "config" : {
        "oauth2-configuration" : "********",
        "tenant-mode" : "dedicated",
        "xsappname" : "EAM-${org}-${space}"
      },
      "service" : "xsuaa"
    },
    "isActive" : true,
    "isOptional" : false,
    "propertiesMetadata" : {
      "metadata" : { }
    },
    "parametersMetadata" : {
      "metadata" : { }
    },
    "requiredDependencies" : [ {
      "majorSchemaVersion" : 3,
      "name" : "app-api",
      "properties" : { },
      "parameters" : { },
      "propertiesMetadata" : {
        "metadata" : { }
      },
      "parametersMetadata" : {
        "metadata" : { }
      }
    } ],
    "processedAfter" : [ ]
  }, {
    "majorSchemaVersion" : 3,
    "name" : "EAM-db",
    "type" : "com.sap.xs.hdi-container",
    "properties" : { },
    "parameters" : {
      "type" : "managed-service",
      "service" : "hana",
      "service-plan" : "hdi-shared"
    },
    "isActive" : true,
    "isOptional" : false,
    "propertiesMetadata" : {
      "metadata" : { }
    },
    "parametersMetadata" : {
      "metadata" : { }
    },
    "requiredDependencies" : [ ],
    "processedAfter" : [ ]
  }, {
    "majorSchemaVersion" : 3,
    "name" : "EAM-connectivity",
    "type" : "org.cloudfoundry.managed-service",
    "properties" : { },
    "parameters" : {
      "type" : "managed-service",
      "service" : "connectivity",
      "service-plan" : "lite"
    },
    "isActive" : true,
    "isOptional" : false,
    "propertiesMetadata" : {
      "metadata" : { }
    },
    "parametersMetadata" : {
      "metadata" : { }
    },
    "requiredDependencies" : [ ],
    "processedAfter" : [ ]
  }, {
    "majorSchemaVersion" : 3,
    "name" : "EAM-destination",
    "type" : "org.cloudfoundry.managed-service",
    "properties" : { },
    "parameters" : {
      "type" : "managed-service",
      "service" : "destination",
      "service-plan" : "lite"
    },
    "isActive" : true,
    "isOptional" : false,
    "propertiesMetadata" : {
      "metadata" : { }
    },
    "parametersMetadata" : {
      "metadata" : { }
    },
    "requiredDependencies" : [ ],
    "processedAfter" : [ ]
  }, {
    "majorSchemaVersion" : 3,
    "name" : "EAM-html5-repo-host",
    "type" : "org.cloudfoundry.managed-service",
    "properties" : { },
    "parameters" : {
      "type" : "managed-service",
      "service" : "html5-apps-repo",
      "service-plan" : "app-host"
    },
    "isActive" : true,
    "isOptional" : false,
    "propertiesMetadata" : {
      "metadata" : { }
    },
    "parametersMetadata" : {
      "metadata" : { }
    },
    "requiredDependencies" : [ ],
    "processedAfter" : [ ]
  }, {
    "majorSchemaVersion" : 3,
    "name" : "EAM-html5-runtime",
    "type" : "org.cloudfoundry.managed-service",
    "properties" : { },
    "parameters" : {
      "type" : "managed-service",
      "service" : "html5-apps-repo",
      "service-plan" : "app-runtime"
    },
    "isActive" : true,
    "isOptional" : false,
    "propertiesMetadata" : {
      "metadata" : { }
    },
    "parametersMetadata" : {
      "metadata" : { }
    },
    "requiredDependencies" : [ ],
    "processedAfter" : [ ]
  }, {
    "majorSchemaVersion" : 3,
    "name" : "EAM-logging",
    "type" : "org.cloudfoundry.managed-service",
    "properties" : { },
    "parameters" : {
      "type" : "managed-service",
      "service" : "application-logs",
      "service-plan" : "lite"
    },
    "isActive" : true,
    "isOptional" : false,
    "propertiesMetadata" : {
      "metadata" : { }
    },
    "parametersMetadata" : {
      "metadata" : { }
    },
    "requiredDependencies" : [ ],
    "processedAfter" : [ ]
  } ],
  "parameters" : {
    "enable-parallel-deployments" : true,
    "deploy_mode" : "html5-repo"
  },
  "parametersMetadata" : {
    "metadata" : { }
  }
}#
#2026 10 06 12:36:36.818#Z#DEBUG#91ca7629-c182-11f1-ab57-eeee0a835edd.OPERATION#flowable-async-job-executor-thread-13299#
[MergeDescriptorsStep] Descriptors validated and merged#
#2026 10 06 12:36:36.818#Z#DEBUG#91ca7629-c182-11f1-ab57-eeee0a835edd.OPERATION#flowable-async-job-executor-thread-13299#
Step "Merge Descriptors" finished#
#2026 10 06 12:36:36.843#Z#DEBUG#91ca7629-c182-11f1-ab57-eeee0a835edd.OPERATION#flowable-async-job-executor-thread-13299#
[CollectCloudLoggingServiceParametersStep] Executing task "sid-9C5714DF-CEC8-4019-8873-CBBA99AC459A" of process "91ca764f-c182-11f1-ab57-eeee0a835edd"...#
#2026 10 06 12:36:36.845#Z#DEBUG#91ca7629-c182-11f1-ab57-eeee0a835edd.OPERATION#flowable-async-job-executor-thread-13299#
Step "Collect Cloud Logging Service Parameters" finished#
#2026 10 06 12:36:36.864#Z#DEBUG#91ca7629-c182-11f1-ab57-eeee0a835edd.OPERATION#flowable-async-job-executor-thread-13299#
[DetectDeployedMtaStep] Executing task "detectDeployedMtaTask" of process "91ca764f-c182-11f1-ab57-eeee0a835edd"...#
#2026 10 06 12:36:36.865#Z#DEBUG#91ca7629-c182-11f1-ab57-eeee0a835edd.OPERATION#flowable-async-job-executor-thread-13299#
[DetectDeployedMtaStep] Detecting deployed MTA...#
#2026 10 06 12:36:36.918#Z#DEBUG#91ca7629-c182-11f1-ab57-eeee0a835edd.OPERATION#flowable-async-job-executor-thread-13299#
[DetectDeployedMtaStep] Detecting MTA by id EAM and namespace null#
#2026 10 06 12:36:36.918#Z#DEBUG#91ca7629-c182-11f1-ab57-eeee0a835edd.OPERATION#flowable-async-job-executor-thread-13299#
[DetectDeployedMtaStep] Getting applications by metadata label selector "mta_id=ec1231c3d53e4af35daf2c83ae17f028,!mta_namespace"...#
#2026 10 06 12:36:36.960#Z#DEBUG#91ca7629-c182-11f1-ab57-eeee0a835edd.OPERATION#flowable-async-job-executor-thread-13299#
[DetectDeployedMtaStep] Getting service instances by metadata label selector "mta_id=ec1231c3d53e4af35daf2c83ae17f028,!mta_namespace"...#
#2026 10 06 12:36:37.114#Z#DEBUG#91ca7629-c182-11f1-ab57-eeee0a835edd.OPERATION#flowable-async-job-executor-thread-13299#
[DetectDeployedMtaStep] Deployed MTA: {
  "metadata" : {
    "id" : "EAM",
    "version" : "1.0.0"
  },
  "applications" : [ {
    "name" : "EAM-srv",
    "metadata" : {
      "guid" : "c585b5c4-a6da-4931-ac71-1a4919acace9",
      "createdAt" : [ 2026, 10, 1, 8, 9, 47 ],
      "updatedAt" : [ 2026, 10, 2, 0, 9 ]
    },
    "v3Metadata" : {
      "annotations" : {
        "mta_id" : "EAM",
        "mta_version" : "1.0.0",
        "mta_module" : "{\"name\":\"EAM-srv\"}",
        "mta_module_provided_dependencies" : "[]",
        "mta_bound_services" : "********"
      },
      "labels" : {
        "mta_id" : "ec1231c3d53e4af35daf2c83ae17f028"
      }
    },
    "state" : "STOPPED",
    "lifecycle" : {
      "type" : "BUILDPACK",
      "data" : {
        "stack" : "cflinuxfs4",
        "buildpacks" : [ "nodejs_buildpack" ]
      }
    },
    "space" : {
      "name" : "dev",
      "metadata" : {
        "guid" : "a0f7d9f4-737c-456d-9bbf-cfb1f4c0ebd8",
        "createdAt" : [ 2026, 9, 23, 10, 11, 24 ],
        "updatedAt" : [ 2026, 9, 23, 10, 11, 24 ]
      },
      "organization" : {
        "name" : "8894508ftrial",
        "metadata" : {
          "guid" : "7c52c0bf-6234-4eda-bf16-6bca621c3f90",
          "createdAt" : [ 2026, 9, 23, 10, 11, 22 ],
          "updatedAt" : [ 2026, 9, 23, 10, 11, 23 ]
        }
      }
    },
    "moduleName" : "EAM-srv",
    "boundMtaServices" : [ "********", "EAM-db", "EAM-connectivity", "EAM-destination", "EAM-logging" ],
    "providedDependencyNames" : [ ],
    "productizationState" : "LIVE"
  }, {
    "name" : "EAM",
    "metadata" : {
      "guid" : "fdff3cfa-eac9-4271-9cc2-7c17f54349a4",
      "createdAt" : [ 2026, 10, 1, 8, 9, 48 ],
      "updatedAt" : [ 2026, 10, 2, 0, 9 ]
    },
    "v3Metadata" : {
      "annotations" : {
        "mta_id" : "EAM",
        "mta_version" : "1.0.0",
        "mta_module" : "{\"name\":\"EAM\"}",
        "mta_module_provided_dependencies" : "[]",
        "mta_bound_services" : "********"
      },
      "labels" : {
        "mta_id" : "ec1231c3d53e4af35daf2c83ae17f028"
      }
    },
    "state" : "STOPPED",
    "lifecycle" : {
      "type" : "BUILDPACK",
      "data" : {
        "stack" : "cflinuxfs4",
        "buildpacks" : [ ]
      }
    },
    "space" : {
      "name" : "dev",
      "metadata" : {
        "guid" : "a0f7d9f4-737c-456d-9bbf-cfb1f4c0ebd8",
        "createdAt" : [ 2026, 9, 23, 10, 11, 24 ],
        "updatedAt" : [ 2026, 9, 23, 10, 11, 24 ]
      },
      "organization" : {
        "name" : "8894508ftrial",
        "metadata" : {
          "guid" : "7c52c0bf-6234-4eda-bf16-6bca621c3f90",
          "createdAt" : [ 2026, 9, 23, 10, 11, 22 ],
          "updatedAt" : [ 2026, 9, 23, 10, 11, 23 ]
        }
      }
    },
    "moduleName" : "EAM",
    "boundMtaServices" : [ "********", "EAM-destination", "EAM-html5-runtime", "EAM-logging" ],
    "providedDependencyNames" : [ ],
    "productizationState" : "LIVE"
  }, {
    "name" : "EAM-db-deployer",
    "metadata" : {
      "guid" : "9531f7fa-4c33-4611-b045-6530a56e307f",
      "createdAt" : [ 2026, 10, 1, 8, 9, 49 ],
      "updatedAt" : [ 2026, 10, 1, 11, 52, 13 ]
    },
    "v3Metadata" : {
      "annotations" : {
        "mta_id" : "EAM",
        "mta_version" : "1.0.0",
        "mta_module" : "{\"name\":\"EAM-db-deployer\"}",
        "mta_module_provided_dependencies" : "[]",
        "mta_bound_services" : "[\"EAM-db\"]"
      },
      "labels" : {
        "mta_id" : "ec1231c3d53e4af35daf2c83ae17f028"
      }
    },
    "state" : "STOPPED",
    "lifecycle" : {
      "type" : "BUILDPACK",
      "data" : {
        "stack" : "cflinuxfs4",
        "buildpacks" : [ "nodejs_buildpack" ]
      }
    },
    "space" : {
      "name" : "dev",
      "metadata" : {
        "guid" : "a0f7d9f4-737c-456d-9bbf-cfb1f4c0ebd8",
        "createdAt" : [ 2026, 9, 23, 10, 11, 24 ],
        "updatedAt" : [ 2026, 9, 23, 10, 11, 24 ]
      },
      "organization" : {
        "name" : "8894508ftrial",
        "metadata" : {
          "guid" : "7c52c0bf-6234-4eda-bf16-6bca621c3f90",
          "createdAt" : [ 2026, 9, 23, 10, 11, 22 ],
          "updatedAt" : [ 2026, 9, 23, 10, 11, 23 ]
        }
      }
    },
    "moduleName" : "EAM-db-deployer",
    "boundMtaServices" : [ "EAM-db" ],
    "providedDependencyNames" : [ ],
    "productizationState" : "LIVE"
  } ],
  "services" : [ {
    "name" : "EAM-db",
    "metadata" : {
      "guid" : "d6eb70ab-7a34-47fd-91c3-f81f999fe2dd",
      "createdAt" : [ 2026, 10, 1, 8, 9, 30 ],
      "updatedAt" : [ 2026, 10, 1, 8, 9, 31 ]
    },
    "v3Metadata" : {
      "annotations" : {
        "mta_id" : "EAM",
        "mta_version" : "1.0.0",
        "mta_resource" : "{\"name\":\"EAM-db\"}"
      },
      "labels" : {
        "mta_id" : "ec1231c3d53e4af35daf2c83ae17f028"
      }
    },
    "label" : "hana",
    "plan" : "hdi-shared",
    "credentials" : "********",
    "tags" : [ ],
    "type" : "managed",
    "lastOperation" : {
      "type" : "CREATE",
      "state" : "SUCCEEDED"
    },
    "resourceName" : "EAM-db"
  }, {
    "name" : "EAM-html5-repo-host",
    "metadata" : {
      "guid" : "d1e660ee-8616-43b3-8b76-37214487d4ac",
      "createdAt" : [ 2026, 9, 30, 9, 56, 19 ],
      "updatedAt" : [ 2026, 9, 30, 9, 56, 20 ]
    },
    "v3Metadata" : {
      "annotations" : {
        "mta_id" : "EAM",
        "mta_version" : "1.0.0",
        "mta_resource" : "{\"name\":\"EAM-html5-repo-host\"}"
      },
      "labels" : {
        "mta_id" : "ec1231c3d53e4af35daf2c83ae17f028"
      }
    },
    "label" : "html5-apps-repo",
    "plan" : "app-host",
    "credentials" : "********",
    "tags" : [ ],
    "type" : "managed",
    "lastOperation" : {
      "type" : "CREATE",
      "description" : "",
      "state" : "SUCCEEDED"
    },
    "resourceName" : "EAM-html5-repo-host"
  }, {
    "name" : "EAM-logging",
    "metadata" : {
      "guid" : "381dcddf-ecdc-48b3-966b-63e2c244f1ef",
      "createdAt" : [ 2026, 10, 1, 7, 51, 19 ],
      "updatedAt" : [ 2026, 10, 1, 7, 51, 19 ]
    },
    "v3Metadata" : {
      "annotations" : {
        "mta_id" : "EAM",
        "mta_version" : "1.0.0",
        "mta_resource" : "{\"name\":\"EAM-logging\"}"
      },
      "labels" : {
        "mta_id" : "ec1231c3d53e4af35daf2c83ae17f028"
      }
    },
    "label" : "application-logs",
    "plan" : "lite",
    "credentials" : "********",
    "tags" : [ ],
    "type" : "managed",
    "lastOperation" : {
      "type" : "CREATE",
      "description" : "",
      "state" : "SUCCEEDED"
    },
    "resourceName" : "EAM-logging"
  }, {
    "name" : "EAM-destination",
    "metadata" : {
      "guid" : "aa3d36cd-da64-4b61-b444-8d96bd9b23db",
      "createdAt" : [ 2026, 9, 30, 9, 56, 20 ],
      "updatedAt" : [ 2026, 9, 30, 9, 56, 21 ]
    },
    "v3Metadata" : {
      "annotations" : {
        "mta_id" : "EAM",
        "mta_version" : "1.0.0",
        "mta_resource" : "{\"name\":\"EAM-destination\"}"
      },
      "labels" : {
        "mta_id" : "ec1231c3d53e4af35daf2c83ae17f028"
      }
    },
    "label" : "destination",
    "plan" : "lite",
    "credentials" : "********",
    "tags" : [ ],
    "type" : "managed",
    "lastOperation" : {
      "type" : "CREATE",
      "description" : "",
      "state" : "SUCCEEDED"
    },
    "resourceName" : "EAM-destination"
  }, {
    "name" : "EAM-html5-runtime",
    "metadata" : {
      "guid" : "e61c3fdb-ee14-47ec-88c8-1ccf07941a88",
      "createdAt" : [ 2026, 9, 30, 9, 56, 20 ],
      "updatedAt" : [ 2026, 9, 30, 9, 56, 21 ]
    },
    "v3Metadata" : {
      "annotations" : {
        "mta_id" : "EAM",
        "mta_version" : "1.0.0",
        "mta_resource" : "{\"name\":\"EAM-html5-runtime\"}"
      },
      "labels" : {
        "mta_id" : "ec1231c3d53e4af35daf2c83ae17f028"
      }
    },
    "label" : "html5-apps-repo",
    "plan" : "app-runtime",
    "credentials" : "********",
    "tags" : [ ],
    "type" : "managed",
    "lastOperation" : {
      "type" : "CREATE",
      "description" : "",
      "state" : "SUCCEEDED"
    },
    "resourceName" : "EAM-html5-runtime"
  }, {
    "name" : "EAM-connectivity",
    "metadata" : {
      "guid" : "a8cd4df1-bd4f-4e6b-b5b3-bb733e7c606f",
      "createdAt" : [ 2026, 9, 30, 9, 56, 20 ],
      "updatedAt" : [ 2026, 9, 30, 9, 56, 21 ]
    },
    "v3Metadata" : {
      "annotations" : {
        "mta_id" : "EAM",
        "mta_version" : "1.0.0",
        "mta_resource" : "{\"name\":\"EAM-connectivity\"}"
      },
      "labels" : {
        "mta_id" : "ec1231c3d53e4af35daf2c83ae17f028"
      }
    },
    "label" : "connectivity",
    "plan" : "lite",
    "credentials" : "********",
    "tags" : [ ],
    "type" : "managed",
    "lastOperation" : {
      "type" : "CREATE",
      "description" : "",
      "state" : "SUCCEEDED"
    },
    "resourceName" : "EAM-connectivity"
  }, {
    "name" : "********",
    "metadata" : {
      "guid" : "d2374b41-f4d4-46b8-84d6-b0228a823d08",
      "createdAt" : [ 2026, 9, 30, 9, 56, 20 ],
      "updatedAt" : [ 2026, 9, 30, 9, 56, 20 ]
    },
    "v3Metadata" : {
      "annotations" : {
        "mta_id" : "EAM",
        "mta_version" : "1.0.0",
        "mta_resource" : "********"
      },
      "labels" : {
        "mta_id" : "ec1231c3d53e4af35daf2c83ae17f028"
      }
    },
    "label" : "xsuaa",
    "plan" : "application",
    "credentials" : "********",
    "tags" : [ ],
    "type" : "managed",
    "lastOperation" : {
      "type" : "UPDATE",
      "description" : "",
      "state" : "SUCCEEDED"
    },
    "resourceName" : "********"
  } ]
}#
#2026 10 06 12:36:37.114#Z#INFO#91ca7629-c182-11f1-ab57-eeee0a835edd.OPERATION#flowable-async-job-executor-thread-13299#
[DetectDeployedMtaStep] Detected deployed MTA with ID "EAM" and version "1.0.0"#
#2026 10 06 12:36:37.117#Z#DEBUG#91ca7629-c182-11f1-ab57-eeee0a835edd.OPERATION#flowable-async-job-executor-thread-13299#
[DetectDeployedMtaStep] Detecting backup mta by id "EAM" and namespace "null"#
#2026 10 06 12:36:37.117#Z#DEBUG#91ca7629-c182-11f1-ab57-eeee0a835edd.OPERATION#flowable-async-job-executor-thread-13299#
[DetectDeployedMtaStep] Getting applications by metadata label selector "mta_id=ec1231c3d53e4af35daf2c83ae17f028,mta_namespace=b698114a0995e936895b9598a6c19a2c"...#
#2026 10 06 12:36:37.153#Z#DEBUG#91ca7629-c182-11f1-ab57-eeee0a835edd.OPERATION#flowable-async-job-executor-thread-13299#
[DetectDeployedMtaStep] Getting service instances by metadata label selector "mta_id=ec1231c3d53e4af35daf2c83ae17f028,mta_namespace=b698114a0995e936895b9598a6c19a2c"...#
#2026 10 06 12:36:37.220#Z#DEBUG#91ca7629-c182-11f1-ab57-eeee0a835edd.OPERATION#flowable-async-job-executor-thread-13299#
[DetectDeployedMtaStep] Deployed MTA service keys: [ {
  "name" : "********",
  "metadata" : {
    "guid" : "f7545fa2-8b8a-4a5d-91cc-fd5b2f46e081",
    "createdAt" : [ 2026, 10, 1, 8, 9, 50 ],
    "updatedAt" : [ 2026, 10, 1, 8, 9, 52 ]
  },
  "v3Metadata" : {
    "annotations" : {
      "mta_id" : "EAM",
      "mta_version" : "1.0.0"
    },
    "labels" : {
      "mta_id" : "ec1231c3d53e4af35daf2c83ae17f028",
      "space_guid" : "a0f7d9f4-737c-456d-9bbf-cfb1f4c0ebd8"
    }
  },
  "serviceInstance" : {
    "name" : "EAM-html5-repo-host",
    "metadata" : {
      "guid" : "d1e660ee-8616-43b3-8b76-37214487d4ac",
      "createdAt" : [ 2026, 9, 30, 9, 56, 19 ],
      "updatedAt" : [ 2026, 9, 30, 9, 56, 20 ]
    },
    "v3Metadata" : {
      "annotations" : {
        "mta_id" : "EAM",
        "mta_version" : "1.0.0",
        "mta_resource" : "{\"name\":\"EAM-html5-repo-host\"}"
      },
      "labels" : {
        "mta_id" : "ec1231c3d53e4af35daf2c83ae17f028"
      }
    },
    "credentials" : "********",
    "tags" : [ ],
    "type" : "managed"
  }
}, {
  "name" : "********",
  "metadata" : {
    "guid" : "f7ba0b4b-7fee-4107-8511-a31bfb764992",
    "createdAt" : [ 2026, 10, 1, 8, 9, 50 ],
    "updatedAt" : [ 2026, 10, 1, 8, 9, 52 ]
  },
  "v3Metadata" : {
    "annotations" : {
      "mta_id" : "EAM",
      "mta_version" : "1.0.0"
    },
    "labels" : {
      "mta_id" : "ec1231c3d53e4af35daf2c83ae17f028",
      "space_guid" : "a0f7d9f4-737c-456d-9bbf-cfb1f4c0ebd8"
    }
  },
  "serviceInstance" : {
    "name" : "********",
    "metadata" : {
      "guid" : "d2374b41-f4d4-46b8-84d6-b0228a823d08",
      "createdAt" : [ 2026, 9, 30, 9, 56, 20 ],
      "updatedAt" : [ 2026, 9, 30, 9, 56, 20 ]
    },
    "v3Metadata" : {
      "annotations" : {
        "mta_id" : "EAM",
        "mta_version" : "1.0.0",
        "mta_resource" : "********"
      },
      "labels" : {
        "mta_id" : "ec1231c3d53e4af35daf2c83ae17f028"
      }
    },
    "credentials" : "********",
    "tags" : [ ],
    "type" : "managed"
  }
} ]#
#2026 10 06 12:36:37.220#Z#DEBUG#91ca7629-c182-11f1-ab57-eeee0a835edd.OPERATION#flowable-async-job-executor-thread-13299#
Step "Detect Deployed MTA" finished#
#2026 10 06 12:36:37.346#Z#DEBUG#91ca7629-c182-11f1-ab57-eeee0a835edd.OPERATION#flowable-async-job-executor-thread-13301#
[XS2CollectSystemParametersStep] Executing task "collectSystemParametersTask" of process "91ca764f-c182-11f1-ab57-eeee0a835edd"...#
#2026 10 06 12:36:37.347#Z#DEBUG#91ca7629-c182-11f1-ab57-eeee0a835edd.OPERATION#flowable-async-job-executor-thread-13301#
[XS2CollectSystemParametersStep] Collecting system parameters...#
#2026 10 06 12:36:37.348#Z#DEBUG#91ca7629-c182-11f1-ab57-eeee0a835edd.OPERATION#flowable-async-job-executor-thread-13301#
[XS2CollectSystemParametersStep] Getting default domain...#
#2026 10 06 12:36:37.387#Z#DEBUG#91ca7629-c182-11f1-ab57-eeee0a835edd.OPERATION#flowable-async-job-executor-thread-13301#
[XS2CollectSystemParametersStep] Default domain: cfapps.us10-001.hana.ondemand.com#
#2026 10 06 12:36:37.389#Z#DEBUG#91ca7629-c182-11f1-ab57-eeee0a835edd.OPERATION#flowable-async-job-executor-thread-13301#
[XS2CollectSystemParametersStep] Checking for overwriting read-only parameters for mta with id: "EAM"#
#2026 10 06 12:36:37.389#Z#DEBUG#91ca7629-c182-11f1-ab57-eeee0a835edd.OPERATION#flowable-async-job-executor-thread-13301#
[XS2CollectSystemParametersStep] No read-only parameters are overwritten#
#2026 10 06 12:36:37.398#Z#DEBUG#91ca7629-c182-11f1-ab57-eeee0a835edd.OPERATION#flowable-async-job-executor-thread-13301#
[XS2CollectSystemParametersStep] Descriptor with system parameters: {
  "majorSchemaVersion" : 3,
  "schemaVersion" : "3.3.0",
  "id" : "EAM",
  "version" : "1.0.0",
  "modules" : [ {
    "majorSchemaVersion" : 3,
    "name" : "EAM-srv",
    "type" : "javascript.nodejs",
    "path" : "EAM-srv",
    "properties" : { },
    "parameters" : {
      "default-url" : "${protocol}://${default-uri}",
      "default-app-name" : "EAM-srv",
      "generated-password" : "********",
      "default-live-url" : "${protocol}://${default-live-uri}",
      "default-uri" : "${host}.${domain}",
      "default-instances" : 1,
      "default-live-host" : "8894508ftrial-dev-eam-srv",
      "instances" : 1,
      "buildpack" : "nodejs_buildpack",
      "default-host" : "8894508ftrial-dev-eam-srv",
      "app-name" : "${default-app-name}",
      "default-live-uri" : "8894508ftrial-dev-eam-srv.${domain}",
      "protocol" : "https",
      "default-live-app-name" : "EAM-srv",
      "default-live-domain" : "cfapps.us10-001.hana.ondemand.com",
      "domain" : "${default-domain}",
      "host" : "${default-host}",
      "generated-user" : "********"
    },
    "requiredDependencies" : [ {
      "majorSchemaVersion" : 3,
      "name" : "********",
      "properties" : { },
      "parameters" : { },
      "propertiesMetadata" : {
        "metadata" : { }
      },
      "parametersMetadata" : {
        "metadata" : { }
      }
    }, {
      "majorSchemaVersion" : 3,
      "name" : "EAM-db",
      "properties" : { },
      "parameters" : { },
      "propertiesMetadata" : {
        "metadata" : { }
      },
      "parametersMetadata" : {
        "metadata" : { }
      }
    }, {
      "majorSchemaVersion" : 3,
      "name" : "EAM-connectivity",
      "properties" : { },
      "parameters" : { },
      "propertiesMetadata" : {
        "metadata" : { }
      },
      "parametersMetadata" : {
        "metadata" : { }
      }
    }, {
      "majorSchemaVersion" : 3,
      "name" : "EAM-destination",
      "properties" : { },
      "parameters" : { },
      "propertiesMetadata" : {
        "metadata" : { }
      },
      "parametersMetadata" : {
        "metadata" : { }
      }
    }, {
      "majorSchemaVersion" : 3,
      "name" : "EAM-logging",
      "properties" : { },
      "parameters" : { },
      "propertiesMetadata" : {
        "metadata" : { }
      },
      "parametersMetadata" : {
        "metadata" : { }
      }
    } ],
    "providedDependencies" : [ {
      "majorSchemaVersion" : 3,
      "name" : "srv-api",
      "isPublic" : false,
      "properties" : {
        "srv-url" : "${default-url}"
      },
      "parameters" : { },
      "propertiesMetadata" : {
        "metadata" : { }
      },
      "parametersMetadata" : {
        "metadata" : { }
      }
    }, {
      "majorSchemaVersion" : 3,
      "name" : "EAM-srv",
      "isPublic" : false,
      "properties" : { },
      "parameters" : { },
      "propertiesMetadata" : {
        "metadata" : { }
      },
      "parametersMetadata" : {
        "metadata" : { }
      }
    } ],
    "propertiesMetadata" : {
      "metadata" : { }
    },
    "parametersMetadata" : {
      "metadata" : { }
    },
    "hooks" : [ ]
  }, {
    "majorSchemaVersion" : 3,
    "name" : "EAM-db-deployer",
    "type" : "com.sap.xs.hdi",
    "path" : "EAM-db-deployer",
    "properties" : {
      "EXIT" : 1
    },
    "parameters" : {
      "default-url" : "${protocol}://${default-uri}",
      "default-app-name" : "EAM-db-deployer",
      "generated-password" : "********",
      "default-live-url" : "${protocol}://${default-live-uri}",
      "default-uri" : "${host}.${domain}",
      "memory" : "256M",
      "default-instances" : 1,
      "no-route" : true,
      "default-live-host" : "8894508ftrial-dev-eam-db-deployer",
      "instances" : "${default-instances}",
      "buildpack" : "nodejs_buildpack",
      "default-host" : "8894508ftrial-dev-eam-db-deployer",
      "app-name" : "${default-app-name}",
      "default-live-uri" : "8894508ftrial-dev-eam-db-deployer.${domain}",
      "protocol" : "https",
      "default-live-app-name" : "EAM-db-deployer",
      "default-live-domain" : "cfapps.us10-001.hana.ondemand.com",
      "dependency-type" : "hard",
      "domain" : "${default-domain}",
      "host" : "${default-host}",
      "generated-user" : "********",
      "tasks" : [ {
        "name" : "deploy",
        "memory" : "256M",
        "command" : "npm start"
      } ],
      "no-start" : true
    },
    "requiredDependencies" : [ {
      "majorSchemaVersion" : 3,
      "name" : "EAM-db",
      "properties" : { },
      "parameters" : { },
      "propertiesMetadata" : {
        "metadata" : { }
      },
      "parametersMetadata" : {
        "metadata" : { }
      }
    } ],
    "providedDependencies" : [ {
      "majorSchemaVersion" : 3,
      "name" : "EAM-db-deployer",
      "isPublic" : false,
      "properties" : { },
      "parameters" : { },
      "propertiesMetadata" : {
        "metadata" : { }
      },
      "parametersMetadata" : {
        "metadata" : { }
      }
    } ],
    "propertiesMetadata" : {
      "metadata" : { }
    },
    "parametersMetadata" : {
      "metadata" : { }
    },
    "hooks" : [ ]
  }, {
    "majorSchemaVersion" : 3,
    "name" : "EAM",
    "type" : "javascript.nodejs",
    "path" : "EAM",
    "properties" : { },
    "parameters" : {
      "default-url" : "${protocol}://${default-uri}",
      "default-app-name" : "EAM",
      "generated-password" : "********",
      "default-live-url" : "${protocol}://${default-live-uri}",
      "default-uri" : "${host}.${domain}",
      "memory" : "256M",
      "default-instances" : 1,
      "default-live-host" : "8894508ftrial-dev-eam",
      "instances" : "${default-instances}",
      "default-host" : "8894508ftrial-dev-eam",
      "keep-existing-routes" : true,
      "app-name" : "${default-app-name}",
      "default-live-uri" : "8894508ftrial-dev-eam.${domain}",
      "protocol" : "https",
      "default-live-app-name" : "EAM",
      "default-live-domain" : "cfapps.us10-001.hana.ondemand.com",
      "disk-quota" : "256M",
      "domain" : "${default-domain}",
      "host" : "${default-host}",
      "generated-user" : "********"
    },
    "requiredDependencies" : [ {
      "majorSchemaVersion" : 3,
      "name" : "srv-api",
      "group" : "destinations",
      "properties" : {
        "name" : "srv-api",
        "forwardAuthToken" : "********",
        "url" : "~{srv-url}"
      },
      "parameters" : { },
      "propertiesMetadata" : {
        "metadata" : { }
      },
      "parametersMetadata" : {
        "metadata" : { }
      }
    }, {
      "majorSchemaVersion" : 3,
      "name" : "********",
      "properties" : { },
      "parameters" : { },
      "propertiesMetadata" : {
        "metadata" : { }
      },
      "parametersMetadata" : {
        "metadata" : { }
      }
    }, {
      "majorSchemaVersion" : 3,
      "name" : "EAM-destination",
      "properties" : { },
      "parameters" : { },
      "propertiesMetadata" : {
        "metadata" : { }
      },
      "parametersMetadata" : {
        "metadata" : { }
      }
    }, {
      "majorSchemaVersion" : 3,
      "name" : "EAM-html5-runtime",
      "properties" : { },
      "parameters" : { },
      "propertiesMetadata" : {
        "metadata" : { }
      },
      "parametersMetadata" : {
        "metadata" : { }
      }
    }, {
      "majorSchemaVersion" : 3,
      "name" : "EAM-logging",
      "properties" : { },
      "parameters" : { },
      "propertiesMetadata" : {
        "metadata" : { }
      },
      "parametersMetadata" : {
        "metadata" : { }
      }
    } ],
    "providedDependencies" : [ {
      "majorSchemaVersion" : 3,
      "name" : "app-api",
      "isPublic" : false,
      "properties" : {
        "app-protocol" : "${protocol}",
        "app-uri" : "${default-uri}"
      },
      "parameters" : { },
      "propertiesMetadata" : {
        "metadata" : { }
      },
      "parametersMetadata" : {
        "metadata" : { }
      }
    }, {
      "majorSchemaVersion" : 3,
      "name" : "EAM",
      "isPublic" : false,
      "properties" : { },
      "parameters" : { },
      "propertiesMetadata" : {
        "metadata" : { }
      },
      "parametersMetadata" : {
        "metadata" : { }
      }
    } ],
    "propertiesMetadata" : {
      "metadata" : { }
    },
    "parametersMetadata" : {
      "metadata" : { }
    },
    "hooks" : [ ]
  }, {
    "majorSchemaVersion" : 3,
    "name" : "EAM-app-deployer",
    "type" : "com.sap.application.content",
    "path" : "EAM-app-deployer",
    "properties" : { },
    "parameters" : {
      "default-url" : "${protocol}://${default-uri}",
      "default-app-name" : "EAM-app-deployer",
      "generated-password" : "********",
      "default-live-url" : "${protocol}://${default-live-uri}",
      "default-uri" : "${host}.${domain}",
      "default-instances" : 1,
      "default-live-host" : "8894508ftrial-dev-eam-app-deployer",
      "instances" : "${default-instances}",
      "default-host" : "8894508ftrial-dev-eam-app-deployer",
      "app-name" : "${default-app-name}",
      "default-live-uri" : "8894508ftrial-dev-eam-app-deployer.${domain}",
      "protocol" : "https",
      "default-live-app-name" : "EAM-app-deployer",
      "default-live-domain" : "cfapps.us10-001.hana.ondemand.com",
      "domain" : "${default-domain}",
      "host" : "${default-host}",
      "generated-user" : "********"
    },
    "requiredDependencies" : [ {
      "majorSchemaVersion" : 3,
      "name" : "********",
      "properties" : { },
      "parameters" : { },
      "propertiesMetadata" : {
        "metadata" : { }
      },
      "parametersMetadata" : {
        "metadata" : { }
      }
    }, {
      "majorSchemaVersion" : 3,
      "name" : "srv-api",
      "properties" : { },
      "parameters" : { },
      "propertiesMetadata" : {
        "metadata" : { }
      },
      "parametersMetadata" : {
        "metadata" : { }
      }
    }, {
      "majorSchemaVersion" : 3,
      "name" : "EAM-html5-repo-host",
      "properties" : { },
      "parameters" : {
        "config" : {
          "HTML5Runtime_enabled" : true
        },
        "content-target" : true
      },
      "propertiesMetadata" : {
        "metadata" : { }
      },
      "parametersMetadata" : {
        "metadata" : { }
      }
    } ],
    "providedDependencies" : [ {
      "majorSchemaVersion" : 3,
      "name" : "EAM-app-deployer",
      "isPublic" : false,
      "properties" : { },
      "parameters" : { },
      "propertiesMetadata" : {
        "metadata" : { }
      },
      "parametersMetadata" : {
        "metadata" : { }
      }
    } ],
    "propertiesMetadata" : {
      "metadata" : { }
    },
    "parametersMetadata" : {
      "metadata" : { }
    },
    "hooks" : [ ]
  } ],
  "resources" : [ {
    "majorSchemaVersion" : 3,
    "name" : "********",
    "type" : "org.cloudfoundry.managed-service",
    "properties" : { },
    "parameters" : {
      "generated-password" : "********",
      "path" : "./xs-security.json",
      "service-name" : "${default-service-name}",
      "service-plan" : "application",
      "service" : "xsuaa",
      "generated-user" : "********",
      "default-xsappname" : "********",
      "type" : "managed-service",
      "config" : {
        "oauth2-configuration" : "********",
        "tenant-mode" : "dedicated",
        "xsappname" : "EAM-${org}-${space}"
      },
      "default-service-name" : "********",
      "default-container-name" : "********"
    },
    "isActive" : true,
    "isOptional" : false,
    "propertiesMetadata" : {
      "metadata" : { }
    },
    "parametersMetadata" : {
      "metadata" : { }
    },
    "requiredDependencies" : [ {
      "majorSchemaVersion" : 3,
      "name" : "app-api",
      "properties" : { },
      "parameters" : { },
      "propertiesMetadata" : {
        "metadata" : { }
      },
      "parametersMetadata" : {
        "metadata" : { }
      }
    } ],
    "processedAfter" : [ ]
  }, {
    "majorSchemaVersion" : 3,
    "name" : "EAM-db",
    "type" : "com.sap.xs.hdi-container",
    "properties" : { },
    "parameters" : {
      "generated-password" : "********",
      "service-name" : "${default-service-name}",
      "service-plan" : "hdi-shared",
      "service" : "hana",
      "generated-user" : "********",
      "default-xsappname" : "EAM-db",
      "type" : "managed-service",
      "default-service-name" : "EAM-db",
      "default-container-name" : "8894508FTRIAL_DEV_EAM_DB"
    },
    "isActive" : true,
    "isOptional" : false,
    "propertiesMetadata" : {
      "metadata" : { }
    },
    "parametersMetadata" : {
      "metadata" : { }
    },
    "requiredDependencies" : [ ],
    "processedAfter" : [ ]
  }, {
    "majorSchemaVersion" : 3,
    "name" : "EAM-connectivity",
    "type" : "org.cloudfoundry.managed-service",
    "properties" : { },
    "parameters" : {
      "generated-password" : "********",
      "service-name" : "${default-service-name}",
      "service-plan" : "lite",
      "service" : "connectivity",
      "generated-user" : "********",
      "default-xsappname" : "EAM-connectivity",
      "type" : "managed-service",
      "default-service-name" : "EAM-connectivity",
      "default-container-name" : "8894508FTRIAL_DEV_EAM_CONNECTIVITY"
    },
    "isActive" : true,
    "isOptional" : false,
    "propertiesMetadata" : {
      "metadata" : { }
    },
    "parametersMetadata" : {
      "metadata" : { }
    },
    "requiredDependencies" : [ ],
    "processedAfter" : [ ]
  }, {
    "majorSchemaVersion" : 3,
    "name" : "EAM-destination",
    "type" : "org.cloudfoundry.managed-service",
    "properties" : { },
    "parameters" : {
      "generated-password" : "********",
      "service-name" : "${default-service-name}",
      "service-plan" : "lite",
      "service" : "destination",
      "generated-user" : "********",
      "default-xsappname" : "EAM-destination",
      "type" : "managed-service",
      "default-service-name" : "EAM-destination",
      "default-container-name" : "8894508FTRIAL_DEV_EAM_DESTINATION"
    },
    "isActive" : true,
    "isOptional" : false,
    "propertiesMetadata" : {
      "metadata" : { }
    },
    "parametersMetadata" : {
      "metadata" : { }
    },
    "requiredDependencies" : [ ],
    "processedAfter" : [ ]
  }, {
    "majorSchemaVersion" : 3,
    "name" : "EAM-html5-repo-host",
    "type" : "org.cloudfoundry.managed-service",
    "properties" : { },
    "parameters" : {
      "generated-password" : "********",
      "service-name" : "${default-service-name}",
      "service-plan" : "app-host",
      "service" : "html5-apps-repo",
      "generated-user" : "********",
      "default-xsappname" : "EAM-html5-repo-host",
      "type" : "managed-service",
      "default-service-name" : "EAM-html5-repo-host",
      "default-container-name" : "8894508FTRIAL_DEV_EAM_HTML5_REPO_HOST"
    },
    "isActive" : true,
    "isOptional" : false,
    "propertiesMetadata" : {
      "metadata" : { }
    },
    "parametersMetadata" : {
      "metadata" : { }
    },
    "requiredDependencies" : [ ],
    "processedAfter" : [ ]
  }, {
    "majorSchemaVersion" : 3,
    "name" : "EAM-html5-runtime",
    "type" : "org.cloudfoundry.managed-service",
    "properties" : { },
    "parameters" : {
      "generated-password" : "********",
      "service-name" : "${default-service-name}",
      "service-plan" : "app-runtime",
      "service" : "html5-apps-repo",
      "generated-user" : "********",
      "default-xsappname" : "EAM-html5-runtime",
      "type" : "managed-service",
      "default-service-name" : "EAM-html5-runtime",
      "default-container-name" : "8894508FTRIAL_DEV_EAM_HTML5_RUNTIME"
    },
    "isActive" : true,
    "isOptional" : false,
    "propertiesMetadata" : {
      "metadata" : { }
    },
    "parametersMetadata" : {
      "metadata" : { }
    },
    "requiredDependencies" : [ ],
    "processedAfter" : [ ]
  }, {
    "majorSchemaVersion" : 3,
    "name" : "EAM-logging",
    "type" : "org.cloudfoundry.managed-service",
    "properties" : { },
    "parameters" : {
      "generated-password" : "********",
      "service-name" : "${default-service-name}",
      "service-plan" : "lite",
      "service" : "application-logs",
      "generated-user" : "********",
      "default-xsappname" : "EAM-logging",
      "type" : "managed-service",
      "default-service-name" : "EAM-logging",
      "default-container-name" : "8894508FTRIAL_DEV_EAM_LOGGING"
    },
    "isActive" : true,
    "isOptional" : false,
    "propertiesMetadata" : {
      "metadata" : { }
    },
    "parametersMetadata" : {
      "metadata" : { }
    },
    "requiredDependencies" : [ ],
    "processedAfter" : [ ]
  } ],
  "parameters" : {
    "deploy_mode" : "html5-repo",
    "mta-id" : "EAM",
    "authorization-url" : "********",
    "org-guid" : "7c52c0bf-6234-4eda-bf16-6bca621c3f90",
    "org" : "8894508ftrial",
    "deploy-target" : "8894508ftrial dev",
    "enable-parallel-deployments" : true,
    "space" : "dev",
    "xs-api-url" : "https://api.cf.us10-001.hana.ondemand.com",
    "deploy-url" : "deploy-service.cfapps.us10-001.hana.ondemand.com",
    "xs-type" : "CF",
    "default-domain" : "cfapps.us10-001.hana.ondemand.com",
    "mta-version" : "1.0.0",
    "xs-auth-url" : "********",
    "space-guid" : "a0f7d9f4-737c-456d-9bbf-cfb1f4c0ebd8",
    "user" : "********",
    "controller-url" : "https://api.cf.us10-001.hana.ondemand.com",
    "timestamp" : "20261006123636"
  },
  "parametersMetadata" : {
    "metadata" : { }
  }
}#
#2026 10 06 12:36:37.400#Z#DEBUG#91ca7629-c182-11f1-ab57-eeee0a835edd.OPERATION#flowable-async-job-executor-thread-13301#
[XS2CollectSystemParametersStep] Version rule: SAME_HIGHER#
#2026 10 06 12:36:37.400#Z#INFO#91ca7629-c182-11f1-ab57-eeee0a835edd.OPERATION#flowable-async-job-executor-thread-13301#
[XS2CollectSystemParametersStep] Detected new MTA version: "1.0.0"#
#2026 10 06 12:36:37.404#Z#INFO#91ca7629-c182-11f1-ab57-eeee0a835edd.OPERATION#flowable-async-job-executor-thread-13301#
[XS2CollectSystemParametersStep] Deployed MTA version: "1.0.0"#
#2026 10 06 12:36:37.421#Z#DEBUG#91ca7629-c182-11f1-ab57-eeee0a835edd.OPERATION#flowable-async-job-executor-thread-13301#
[XS2CollectSystemParametersStep] MTA accepted for deployment#
#2026 10 06 12:36:37.421#Z#DEBUG#91ca7629-c182-11f1-ab57-eeee0a835edd.OPERATION#flowable-async-job-executor-thread-13301#
[XS2CollectSystemParametersStep] System parameters collected#
#2026 10 06 12:36:37.422#Z#DEBUG#91ca7629-c182-11f1-ab57-eeee0a835edd.OPERATION#flowable-async-job-executor-thread-13301#
Step "Collect System Parameters" finished#
#2026 10 06 12:36:37.550#Z#DEBUG#91ca7629-c182-11f1-ab57-eeee0a835edd.OPERATION#flowable-async-job-executor-thread-13301#
[ProcessDescriptorStep] Executing task "processDescriptorTask" of process "91ca764f-c182-11f1-ab57-eeee0a835edd"...#
#2026 10 06 12:36:37.551#Z#DEBUG#91ca7629-c182-11f1-ab57-eeee0a835edd.OPERATION#flowable-async-job-executor-thread-13301#
[ProcessDescriptorStep] Resolving properties and parameters in merged descriptor...#
#2026 10 06 12:36:37.555#Z#DEBUG#91ca7629-c182-11f1-ab57-eeee0a835edd.OPERATION#flowable-async-job-executor-thread-13301#
[ProcessDescriptorStep] Subscriptions: [ ]#
#2026 10 06 12:36:37.555#Z#DEBUG#91ca7629-c182-11f1-ab57-eeee0a835edd.OPERATION#flowable-async-job-executor-thread-13301#
[ProcessDescriptorStep] MTA modules: [EAM, EAM-db-deployer, EAM-srv, EAM-app-deployer]#
#2026 10 06 12:36:37.556#Z#DEBUG#91ca7629-c182-11f1-ab57-eeee0a835edd.OPERATION#flowable-async-job-executor-thread-13301#
[ProcessDescriptorStep] Resolved deployment descriptor: {
  "majorSchemaVersion" : 3,
  "schemaVersion" : "3.3.0",
  "id" : "EAM",
  "version" : "1.0.0",
  "modules" : [ {
    "majorSchemaVersion" : 3,
    "name" : "EAM-srv",
    "type" : "javascript.nodejs",
    "path" : "EAM-srv",
    "properties" : { },
    "parameters" : {
      "default-url" : "https://8894508ftrial-dev-eam-srv.cfapps.us10-001.hana.ondemand.com",
      "default-app-name" : "EAM-srv",
      "generated-password" : "********",
      "default-live-url" : "https://8894508ftrial-dev-eam-srv.cfapps.us10-001.hana.ondemand.com",
      "default-uri" : "8894508ftrial-dev-eam-srv.cfapps.us10-001.hana.ondemand.com",
      "default-instances" : 1,
      "default-live-host" : "8894508ftrial-dev-eam-srv",
      "instances" : 1,
      "buildpack" : "nodejs_buildpack",
      "default-host" : "8894508ftrial-dev-eam-srv",
      "app-name" : "EAM-srv",
      "default-live-uri" : "8894508ftrial-dev-eam-srv.cfapps.us10-001.hana.ondemand.com",
      "protocol" : "https",
      "default-live-app-name" : "EAM-srv",
      "default-live-domain" : "cfapps.us10-001.hana.ondemand.com",
      "domain" : "cfapps.us10-001.hana.ondemand.com",
      "host" : "8894508ftrial-dev-eam-srv",
      "generated-user" : "********"
    },
    "requiredDependencies" : [ {
      "majorSchemaVersion" : 3,
      "name" : "********",
      "properties" : { },
      "parameters" : { },
      "propertiesMetadata" : {
        "metadata" : { }
      },
      "parametersMetadata" : {
        "metadata" : { }
      }
    }, {
      "majorSchemaVersion" : 3,
      "name" : "EAM-db",
      "properties" : { },
      "parameters" : { },
      "propertiesMetadata" : {
        "metadata" : { }
      },
      "parametersMetadata" : {
        "metadata" : { }
      }
    }, {
      "majorSchemaVersion" : 3,
      "name" : "EAM-connectivity",
      "properties" : { },
      "parameters" : { },
      "propertiesMetadata" : {
        "metadata" : { }
      },
      "parametersMetadata" : {
        "metadata" : { }
      }
    }, {
      "majorSchemaVersion" : 3,
      "name" : "EAM-destination",
      "properties" : { },
      "parameters" : { },
      "propertiesMetadata" : {
        "metadata" : { }
      },
      "parametersMetadata" : {
        "metadata" : { }
      }
    }, {
      "majorSchemaVersion" : 3,
      "name" : "EAM-logging",
      "properties" : { },
      "parameters" : { },
      "propertiesMetadata" : {
        "metadata" : { }
      },
      "parametersMetadata" : {
        "metadata" : { }
      }
    } ],
    "providedDependencies" : [ {
      "majorSchemaVersion" : 3,
      "name" : "srv-api",
      "isPublic" : false,
      "properties" : {
        "srv-url" : "https://8894508ftrial-dev-eam-srv.cfapps.us10-001.hana.ondemand.com"
      },
      "parameters" : { },
      "propertiesMetadata" : {
        "metadata" : { }
      },
      "parametersMetadata" : {
        "metadata" : { }
      }
    }, {
      "majorSchemaVersion" : 3,
      "name" : "EAM-srv",
      "isPublic" : false,
      "properties" : { },
      "parameters" : { },
      "propertiesMetadata" : {
        "metadata" : { }
      },
      "parametersMetadata" : {
        "metadata" : { }
      }
    } ],
    "propertiesMetadata" : {
      "metadata" : { }
    },
    "parametersMetadata" : {
      "metadata" : { }
    },
    "hooks" : [ ]
  }, {
    "majorSchemaVersion" : 3,
    "name" : "EAM-db-deployer",
    "type" : "com.sap.xs.hdi",
    "path" : "EAM-db-deployer",
    "properties" : {
      "EXIT" : 1
    },
    "parameters" : {
      "default-url" : "https://8894508ftrial-dev-eam-db-deployer.cfapps.us10-001.hana.ondemand.com",
      "default-app-name" : "EAM-db-deployer",
      "generated-password" : "********",
      "default-live-url" : "https://8894508ftrial-dev-eam-db-deployer.cfapps.us10-001.hana.ondemand.com",
      "default-uri" : "8894508ftrial-dev-eam-db-deployer.cfapps.us10-001.hana.ondemand.com",
      "memory" : "256M",
      "default-instances" : 1,
      "no-route" : true,
      "default-live-host" : "8894508ftrial-dev-eam-db-deployer",
      "instances" : 1,
      "buildpack" : "nodejs_buildpack",
      "default-host" : "8894508ftrial-dev-eam-db-deployer",
      "app-name" : "EAM-db-deployer",
      "default-live-uri" : "8894508ftrial-dev-eam-db-deployer.cfapps.us10-001.hana.ondemand.com",
      "protocol" : "https",
      "default-live-app-name" : "EAM-db-deployer",
      "default-live-domain" : "cfapps.us10-001.hana.ondemand.com",
      "dependency-type" : "hard",
      "domain" : "cfapps.us10-001.hana.ondemand.com",
      "host" : "8894508ftrial-dev-eam-db-deployer",
      "generated-user" : "********",
      "tasks" : [ {
        "command" : "npm start",
        "memory" : "256M",
        "name" : "deploy"
      } ],
      "no-start" : true
    },
    "requiredDependencies" : [ {
      "majorSchemaVersion" : 3,
      "name" : "EAM-db",
      "properties" : { },
      "parameters" : { },
      "propertiesMetadata" : {
        "metadata" : { }
      },
      "parametersMetadata" : {
        "metadata" : { }
      }
    } ],
    "providedDependencies" : [ {
      "majorSchemaVersion" : 3,
      "name" : "EAM-db-deployer",
      "isPublic" : false,
      "properties" : { },
      "parameters" : { },
      "propertiesMetadata" : {
        "metadata" : { }
      },
      "parametersMetadata" : {
        "metadata" : { }
      }
    } ],
    "propertiesMetadata" : {
      "metadata" : { }
    },
    "parametersMetadata" : {
      "metadata" : { }
    },
    "hooks" : [ ]
  }, {
    "majorSchemaVersion" : 3,
    "name" : "EAM",
    "type" : "javascript.nodejs",
    "path" : "EAM",
    "properties" : { },
    "parameters" : {
      "default-url" : "https://8894508ftrial-dev-eam.cfapps.us10-001.hana.ondemand.com",
      "default-app-name" : "EAM",
      "generated-password" : "********",
      "default-live-url" : "https://8894508ftrial-dev-eam.cfapps.us10-001.hana.ondemand.com",
      "default-uri" : "8894508ftrial-dev-eam.cfapps.us10-001.hana.ondemand.com",
      "memory" : "256M",
      "default-instances" : 1,
      "default-live-host" : "8894508ftrial-dev-eam",
      "instances" : 1,
      "default-host" : "8894508ftrial-dev-eam",
      "keep-existing-routes" : true,
      "app-name" : "EAM",
      "default-live-uri" : "8894508ftrial-dev-eam.cfapps.us10-001.hana.ondemand.com",
      "protocol" : "https",
      "default-live-app-name" : "EAM",
      "default-live-domain" : "cfapps.us10-001.hana.ondemand.com",
      "disk-quota" : "256M",
      "domain" : "cfapps.us10-001.hana.ondemand.com",
      "host" : "8894508ftrial-dev-eam",
      "generated-user" : "********"
    },
    "requiredDependencies" : [ {
      "majorSchemaVersion" : 3,
      "name" : "srv-api",
      "group" : "destinations",
      "properties" : {
        "name" : "srv-api",
        "forwardAuthToken" : "********",
        "url" : "https://8894508ftrial-dev-eam-srv.cfapps.us10-001.hana.ondemand.com"
      },
      "parameters" : { },
      "propertiesMetadata" : {
        "metadata" : { }
      },
      "parametersMetadata" : {
        "metadata" : { }
      }
    }, {
      "majorSchemaVersion" : 3,
      "name" : "********",
      "properties" : { },
      "parameters" : { },
      "propertiesMetadata" : {
        "metadata" : { }
      },
      "parametersMetadata" : {
        "metadata" : { }
      }
    }, {
      "majorSchemaVersion" : 3,
      "name" : "EAM-destination",
      "properties" : { },
      "parameters" : { },
      "propertiesMetadata" : {
        "metadata" : { }
      },
      "parametersMetadata" : {
        "metadata" : { }
      }
    }, {
      "majorSchemaVersion" : 3,
      "name" : "EAM-html5-runtime",
      "properties" : { },
      "parameters" : { },
      "propertiesMetadata" : {
        "metadata" : { }
      },
      "parametersMetadata" : {
        "metadata" : { }
      }
    }, {
      "majorSchemaVersion" : 3,
      "name" : "EAM-logging",
      "properties" : { },
      "parameters" : { },
      "propertiesMetadata" : {
        "metadata" : { }
      },
      "parametersMetadata" : {
        "metadata" : { }
      }
    } ],
    "providedDependencies" : [ {
      "majorSchemaVersion" : 3,
      "name" : "app-api",
      "isPublic" : false,
      "properties" : {
        "app-protocol" : "https",
        "app-uri" : "8894508ftrial-dev-eam.cfapps.us10-001.hana.ondemand.com"
      },
      "parameters" : { },
      "propertiesMetadata" : {
        "metadata" : { }
      },
      "parametersMetadata" : {
        "metadata" : { }
      }
    }, {
      "majorSchemaVersion" : 3,
      "name" : "EAM",
      "isPublic" : false,
      "properties" : { },
      "parameters" : { },
      "propertiesMetadata" : {
        "metadata" : { }
      },
      "parametersMetadata" : {
        "metadata" : { }
      }
    } ],
    "propertiesMetadata" : {
      "metadata" : { }
    },
    "parametersMetadata" : {
      "metadata" : { }
    },
    "hooks" : [ ]
  }, {
    "majorSchemaVersion" : 3,
    "name" : "EAM-app-deployer",
    "type" : "com.sap.application.content",
    "path" : "EAM-app-deployer",
    "properties" : { },
    "parameters" : {
      "default-url" : "https://8894508ftrial-dev-eam-app-deployer.cfapps.us10-001.hana.ondemand.com",
      "default-app-name" : "EAM-app-deployer",
      "generated-password" : "********",
      "default-live-url" : "https://8894508ftrial-dev-eam-app-deployer.cfapps.us10-001.hana.ondemand.com",
      "default-uri" : "8894508ftrial-dev-eam-app-deployer.cfapps.us10-001.hana.ondemand.com",
      "default-instances" : 1,
      "default-live-host" : "8894508ftrial-dev-eam-app-deployer",
      "instances" : 1,
      "default-host" : "8894508ftrial-dev-eam-app-deployer",
      "app-name" : "EAM-app-deployer",
      "default-live-uri" : "8894508ftrial-dev-eam-app-deployer.cfapps.us10-001.hana.ondemand.com",
      "protocol" : "https",
      "default-live-app-name" : "EAM-app-deployer",
      "default-live-domain" : "cfapps.us10-001.hana.ondemand.com",
      "domain" : "cfapps.us10-001.hana.ondemand.com",
      "host" : "8894508ftrial-dev-eam-app-deployer",
      "generated-user" : "********"
    },
    "requiredDependencies" : [ {
      "majorSchemaVersion" : 3,
      "name" : "********",
      "properties" : { },
      "parameters" : { },
      "propertiesMetadata" : {
        "metadata" : { }
      },
      "parametersMetadata" : {
        "metadata" : { }
      }
    }, {
      "majorSchemaVersion" : 3,
      "name" : "srv-api",
      "properties" : { },
      "parameters" : { },
      "propertiesMetadata" : {
        "metadata" : { }
      },
      "parametersMetadata" : {
        "metadata" : { }
      }
    }, {
      "majorSchemaVersion" : 3,
      "name" : "EAM-html5-repo-host",
      "properties" : { },
      "parameters" : {
        "config" : {
          "HTML5Runtime_enabled" : true
        },
        "content-target" : true
      },
      "propertiesMetadata" : {
        "metadata" : { }
      },
      "parametersMetadata" : {
        "metadata" : { }
      }
    } ],
    "providedDependencies" : [ {
      "majorSchemaVersion" : 3,
      "name" : "EAM-app-deployer",
      "isPublic" : false,
      "properties" : { },
      "parameters" : { },
      "propertiesMetadata" : {
        "metadata" : { }
      },
      "parametersMetadata" : {
        "metadata" : { }
      }
    } ],
    "propertiesMetadata" : {
      "metadata" : { }
    },
    "parametersMetadata" : {
      "metadata" : { }
    },
    "hooks" : [ ]
  } ],
  "resources" : [ {
    "majorSchemaVersion" : 3,
    "name" : "********",
    "type" : "org.cloudfoundry.managed-service",
    "properties" : { },
    "parameters" : {
      "generated-password" : "********",
      "path" : "./xs-security.json",
      "service-name" : "********",
      "service-plan" : "application",
      "service" : "xsuaa",
      "generated-user" : "********",
      "default-xsappname" : "********",
      "type" : "managed-service",
      "config" : {
        "oauth2-configuration" : "********",
        "tenant-mode" : "dedicated",
        "xsappname" : "EAM-8894508ftrial-dev"
      },
      "default-service-name" : "********",
      "default-container-name" : "********"
    },
    "isActive" : true,
    "isOptional" : false,
    "propertiesMetadata" : {
      "metadata" : { }
    },
    "parametersMetadata" : {
      "metadata" : { }
    },
    "requiredDependencies" : [ {
      "majorSchemaVersion" : 3,
      "name" : "app-api",
      "properties" : { },
      "parameters" : { },
      "propertiesMetadata" : {
        "metadata" : { }
      },
      "parametersMetadata" : {
        "metadata" : { }
      }
    } ],
    "processedAfter" : [ ]
  }, {
    "majorSchemaVersion" : 3,
    "name" : "EAM-db",
    "type" : "com.sap.xs.hdi-container",
    "properties" : { },
    "parameters" : {
      "generated-password" : "********",
      "service-name" : "EAM-db",
      "service-plan" : "hdi-shared",
      "service" : "hana",
      "generated-user" : "********",
      "default-xsappname" : "EAM-db",
      "type" : "managed-service",
      "default-service-name" : "EAM-db",
      "default-container-name" : "8894508FTRIAL_DEV_EAM_DB"
    },
    "isActive" : true,
    "isOptional" : false,
    "propertiesMetadata" : {
      "metadata" : { }
    },
    "parametersMetadata" : {
      "metadata" : { }
    },
    "requiredDependencies" : [ ],
    "processedAfter" : [ ]
  }, {
    "majorSchemaVersion" : 3,
    "name" : "EAM-connectivity",
    "type" : "org.cloudfoundry.managed-service",
    "properties" : { },
    "parameters" : {
      "generated-password" : "********",
      "service-name" : "EAM-connectivity",
      "service-plan" : "lite",
      "service" : "connectivity",
      "generated-user" : "********",
      "default-xsappname" : "EAM-connectivity",
      "type" : "managed-service",
      "default-service-name" : "EAM-connectivity",
      "default-container-name" : "8894508FTRIAL_DEV_EAM_CONNECTIVITY"
    },
    "isActive" : true,
    "isOptional" : false,
    "propertiesMetadata" : {
      "metadata" : { }
    },
    "parametersMetadata" : {
      "metadata" : { }
    },
    "requiredDependencies" : [ ],
    "processedAfter" : [ ]
  }, {
    "majorSchemaVersion" : 3,
    "name" : "EAM-destination",
    "type" : "org.cloudfoundry.managed-service",
    "properties" : { },
    "parameters" : {
      "generated-password" : "********",
      "service-name" : "EAM-destination",
      "service-plan" : "lite",
      "service" : "destination",
      "generated-user" : "********",
      "default-xsappname" : "EAM-destination",
      "type" : "managed-service",
      "default-service-name" : "EAM-destination",
      "default-container-name" : "8894508FTRIAL_DEV_EAM_DESTINATION"
    },
    "isActive" : true,
    "isOptional" : false,
    "propertiesMetadata" : {
      "metadata" : { }
    },
    "parametersMetadata" : {
      "metadata" : { }
    },
    "requiredDependencies" : [ ],
    "processedAfter" : [ ]
  }, {
    "majorSchemaVersion" : 3,
    "name" : "EAM-html5-repo-host",
    "type" : "org.cloudfoundry.managed-service",
    "properties" : { },
    "parameters" : {
      "generated-password" : "********",
      "service-name" : "EAM-html5-repo-host",
      "service-plan" : "app-host",
      "service" : "html5-apps-repo",
      "generated-user" : "********",
      "default-xsappname" : "EAM-html5-repo-host",
      "type" : "managed-service",
      "default-service-name" : "EAM-html5-repo-host",
      "default-container-name" : "8894508FTRIAL_DEV_EAM_HTML5_REPO_HOST"
    },
    "isActive" : true,
    "isOptional" : false,
    "propertiesMetadata" : {
      "metadata" : { }
    },
    "parametersMetadata" : {
      "metadata" : { }
    },
    "requiredDependencies" : [ ],
    "processedAfter" : [ ]
  }, {
    "majorSchemaVersion" : 3,
    "name" : "EAM-html5-runtime",
    "type" : "org.cloudfoundry.managed-service",
    "properties" : { },
    "parameters" : {
      "generated-password" : "********",
      "service-name" : "EAM-html5-runtime",
      "service-plan" : "app-runtime",
      "service" : "html5-apps-repo",
      "generated-user" : "********",
      "default-xsappname" : "EAM-html5-runtime",
      "type" : "managed-service",
      "default-service-name" : "EAM-html5-runtime",
      "default-container-name" : "8894508FTRIAL_DEV_EAM_HTML5_RUNTIME"
    },
    "isActive" : true,
    "isOptional" : false,
    "propertiesMetadata" : {
      "metadata" : { }
    },
    "parametersMetadata" : {
      "metadata" : { }
    },
    "requiredDependencies" : [ ],
    "processedAfter" : [ ]
  }, {
    "majorSchemaVersion" : 3,
    "name" : "EAM-logging",
    "type" : "org.cloudfoundry.managed-service",
    "properties" : { },
    "parameters" : {
      "generated-password" : "********",
      "service-name" : "EAM-logging",
      "service-plan" : "lite",
      "service" : "application-logs",
      "generated-user" : "********",
      "default-xsappname" : "EAM-logging",
      "type" : "managed-service",
      "default-service-name" : "EAM-logging",
      "default-container-name" : "8894508FTRIAL_DEV_EAM_LOGGING"
    },
    "isActive" : true,
    "isOptional" : false,
    "propertiesMetadata" : {
      "metadata" : { }
    },
    "parametersMetadata" : {
      "metadata" : { }
    },
    "requiredDependencies" : [ ],
    "processedAfter" : [ ]
  } ],
  "parameters" : {
    "deploy_mode" : "html5-repo",
    "mta-id" : "EAM",
    "authorization-url" : "********",
    "org-guid" : "7c52c0bf-6234-4eda-bf16-6bca621c3f90",
    "org" : "8894508ftrial",
    "deploy-target" : "8894508ftrial dev",
    "enable-parallel-deployments" : true,
    "region-primary-domain" : "us10.hana.ondemand.com",
    "space" : "dev",
    "region-domain" : "us10-001.hana.ondemand.com",
    "xs-api-url" : "https://api.cf.us10-001.hana.ondemand.com",
    "deploy-url" : "deploy-service.cfapps.us10-001.hana.ondemand.com",
    "xs-type" : "CF",
    "default-domain" : "cfapps.us10-001.hana.ondemand.com",
    "mta-version" : "1.0.0",
    "xs-auth-url" : "********",
    "space-guid" : "a0f7d9f4-737c-456d-9bbf-cfb1f4c0ebd8",
    "user" : "********",
    "controller-url" : "https://api.cf.us10-001.hana.ondemand.com",
    "timestamp" : "20261006123636"
  },
  "parametersMetadata" : {
    "metadata" : { }
  }
}#
#2026 10 06 12:36:37.556#Z#DEBUG#91ca7629-c182-11f1-ab57-eeee0a835edd.OPERATION#flowable-async-job-executor-thread-13301#
[ProcessDescriptorStep] Merged descriptor properties and parameters resolved#
#2026 10 06 12:36:37.556#Z#DEBUG#91ca7629-c182-11f1-ab57-eeee0a835edd.OPERATION#flowable-async-job-executor-thread-13301#
Step "Process Descriptor Step" finished#
#2026 10 06 12:36:37.578#Z#DEBUG#91ca7629-c182-11f1-ab57-eeee0a835edd.OPERATION#flowable-async-job-executor-thread-13301#
[XS2BuildCloudDeployModelStep] Executing task "buildDeployModelTask" of process "91ca764f-c182-11f1-ab57-eeee0a835edd"...#
#2026 10 06 12:36:37.580#Z#DEBUG#91ca7629-c182-11f1-ab57-eeee0a835edd.OPERATION#flowable-async-job-executor-thread-13301#
[XS2BuildCloudDeployModelStep] Service keys defined for content deployment grouped by service name: {
  "EAM-html5-repo-host" : [ {
    "name" : "********",
    "v3Metadata" : {
      "annotations" : {
        "mta_id" : "EAM",
        "mta_version" : "1.0.0"
      },
      "labels" : {
        "mta_id" : "ec1231c3d53e4af35daf2c83ae17f028",
        "space_guid" : "a0f7d9f4-737c-456d-9bbf-cfb1f4c0ebd8"
      }
    },
    "credentials" : "********",
    "moduleName" : "EAM-app-deployer",
    "resourceName" : "EAM-html5-repo-host",
    "serviceInstance" : {
      "isOptional" : false,
      "isManaged" : false,
      "name" : "EAM-html5-repo-host",
      "credentials" : "********",
      "tags" : [ ],
      "shouldSkipParametersUpdate" : false,
      "shouldSkipPlanUpdate" : false,
      "shouldSkipTagsUpdate" : false,
      "shouldSkipSyslogUrlUpdate" : false
    },
    "shouldDeleteServiceKeyAfterDeploy" : "********",
    "resourceType" : "org.cloudfoundry.managed-service"
  } ],
  "EAM-auth" : "********"
}#
#2026 10 06 12:36:37.580#Z#DEBUG#91ca7629-c182-11f1-ab57-eeee0a835edd.OPERATION#flowable-async-job-executor-thread-13301#
[XS2BuildCloudDeployModelStep] Building cloud deployment model...#
#2026 10 06 12:36:37.581#Z#DEBUG#91ca7629-c182-11f1-ab57-eeee0a835edd.OPERATION#flowable-async-job-executor-thread-13301#
[XS2BuildCloudDeployModelStep] MTA archive modules: [EAM, EAM-db-deployer, EAM-srv, EAM-app-deployer]#
#2026 10 06 12:36:37.581#Z#DEBUG#91ca7629-c182-11f1-ab57-eeee0a835edd.OPERATION#flowable-async-job-executor-thread-13301#
[XS2BuildCloudDeployModelStep] Deployed modules: [EAM, EAM-db-deployer, EAM-srv]#
#2026 10 06 12:36:37.582#Z#DEBUG#91ca7629-c182-11f1-ab57-eeee0a835edd.OPERATION#flowable-async-job-executor-thread-13301#
[XS2BuildCloudDeployModelStep] MTA modules: [EAM, EAM-db-deployer, EAM-srv, EAM-app-deployer]#
#2026 10 06 12:36:37.582#Z#DEBUG#91ca7629-c182-11f1-ab57-eeee0a835edd.OPERATION#flowable-async-job-executor-thread-13301#
[XS2BuildCloudDeployModelStep] Service keys to create: {
  "EAM-connectivity" : [ ],
  "EAM-html5-repo-host" : [ ],
  "EAM-auth" : "********",
  "EAM-logging" : [ ],
  "EAM-db" : [ ],
  "EAM-html5-runtime" : [ ],
  "EAM-destination" : [ ]
}#
#2026 10 06 12:36:37.583#Z#DEBUG#91ca7629-c182-11f1-ab57-eeee0a835edd.OPERATION#flowable-async-job-executor-thread-13301#
[XS2BuildCloudDeployModelStep] Modules to deploy: [{
  "majorSchemaVersion" : 3,
  "name" : "EAM-srv",
  "type" : "javascript.nodejs",
  "path" : "EAM-srv",
  "properties" : { },
  "parameters" : {
    "default-url" : "https://8894508ftrial-dev-eam-srv.cfapps.us10-001.hana.ondemand.com",
    "default-app-name" : "EAM-srv",
    "generated-password" : "********",
    "default-live-url" : "https://8894508ftrial-dev-eam-srv.cfapps.us10-001.hana.ondemand.com",
    "default-uri" : "8894508ftrial-dev-eam-srv.cfapps.us10-001.hana.ondemand.com",
    "default-instances" : 1,
    "default-live-host" : "8894508ftrial-dev-eam-srv",
    "instances" : 1,
    "buildpack" : "nodejs_buildpack",
    "default-host" : "8894508ftrial-dev-eam-srv",
    "app-name" : "EAM-srv",
    "default-live-uri" : "8894508ftrial-dev-eam-srv.cfapps.us10-001.hana.ondemand.com",
    "protocol" : "https",
    "default-live-app-name" : "EAM-srv",
    "default-live-domain" : "cfapps.us10-001.hana.ondemand.com",
    "dependency-type" : "soft",
    "domain" : "cfapps.us10-001.hana.ondemand.com",
    "host" : "8894508ftrial-dev-eam-srv",
    "generated-user" : "********"
  },
  "requiredDependencies" : [ {
    "majorSchemaVersion" : 3,
    "name" : "********",
    "properties" : { },
    "parameters" : { },
    "propertiesMetadata" : {
      "metadata" : { }
    },
    "parametersMetadata" : {
      "metadata" : { }
    }
  }, {
    "majorSchemaVersion" : 3,
    "name" : "EAM-db",
    "properties" : { },
    "parameters" : { },
    "propertiesMetadata" : {
      "metadata" : { }
    },
    "parametersMetadata" : {
      "metadata" : { }
    }
  }, {
    "majorSchemaVersion" : 3,
    "name" : "EAM-connectivity",
    "properties" : { },
    "parameters" : { },
    "propertiesMetadata" : {
      "metadata" : { }
    },
    "parametersMetadata" : {
      "metadata" : { }
    }
  }, {
    "majorSchemaVersion" : 3,
    "name" : "EAM-destination",
    "properties" : { },
    "parameters" : { },
    "propertiesMetadata" : {
      "metadata" : { }
    },
    "parametersMetadata" : {
      "metadata" : { }
    }
  }, {
    "majorSchemaVersion" : 3,
    "name" : "EAM-logging",
    "properties" : { },
    "parameters" : { },
    "propertiesMetadata" : {
      "metadata" : { }
    },
    "parametersMetadata" : {
      "metadata" : { }
    }
  } ],
  "providedDependencies" : [ {
    "majorSchemaVersion" : 3,
    "name" : "srv-api",
    "isPublic" : false,
    "properties" : {
      "srv-url" : "https://8894508ftrial-dev-eam-srv.cfapps.us10-001.hana.ondemand.com"
    },
    "parameters" : { },
    "propertiesMetadata" : {
      "metadata" : { }
    },
    "parametersMetadata" : {
      "metadata" : { }
    }
  }, {
    "majorSchemaVersion" : 3,
    "name" : "EAM-srv",
    "isPublic" : false,
    "properties" : { },
    "parameters" : { },
    "propertiesMetadata" : {
      "metadata" : { }
    },
    "parametersMetadata" : {
      "metadata" : { }
    }
  } ],
  "propertiesMetadata" : {
    "metadata" : { }
  },
  "parametersMetadata" : {
    "metadata" : { }
  },
  "deployedAfter" : [ ],
  "hooks" : [ ]
}, {
  "majorSchemaVersion" : 3,
  "name" : "EAM-db-deployer",
  "type" : "com.sap.xs.hdi",
  "path" : "EAM-db-deployer",
  "properties" : {
    "EXIT" : 1
  },
  "parameters" : {
    "default-url" : "https://8894508ftrial-dev-eam-db-deployer.cfapps.us10-001.hana.ondemand.com",
    "default-app-name" : "EAM-db-deployer",
    "generated-password" : "********",
    "default-live-url" : "https://8894508ftrial-dev-eam-db-deployer.cfapps.us10-001.hana.ondemand.com",
    "default-uri" : "8894508ftrial-dev-eam-db-deployer.cfapps.us10-001.hana.ondemand.com",
    "memory" : "256M",
    "default-instances" : 1,
    "no-route" : true,
    "default-live-host" : "8894508ftrial-dev-eam-db-deployer",
    "instances" : 1,
    "buildpack" : "nodejs_buildpack",
    "default-host" : "8894508ftrial-dev-eam-db-deployer",
    "app-name" : "EAM-db-deployer",
    "default-live-uri" : "8894508ftrial-dev-eam-db-deployer.cfapps.us10-001.hana.ondemand.com",
    "protocol" : "https",
    "default-live-app-name" : "EAM-db-deployer",
    "default-live-domain" : "cfapps.us10-001.hana.ondemand.com",
    "dependency-type" : "hard",
    "domain" : "cfapps.us10-001.hana.ondemand.com",
    "host" : "8894508ftrial-dev-eam-db-deployer",
    "generated-user" : "********",
    "tasks" : [ {
      "command" : "npm start",
      "memory" : "256M",
      "name" : "deploy"
    } ],
    "no-start" : true
  },
  "requiredDependencies" : [ {
    "majorSchemaVersion" : 3,
    "name" : "EAM-db",
    "properties" : { },
    "parameters" : { },
    "propertiesMetadata" : {
      "metadata" : { }
    },
    "parametersMetadata" : {
      "metadata" : { }
    }
  } ],
  "providedDependencies" : [ {
    "majorSchemaVersion" : 3,
    "name" : "EAM-db-deployer",
    "isPublic" : false,
    "properties" : { },
    "parameters" : { },
    "propertiesMetadata" : {
      "metadata" : { }
    },
    "parametersMetadata" : {
      "metadata" : { }
    }
  } ],
  "propertiesMetadata" : {
    "metadata" : { }
  },
  "parametersMetadata" : {
    "metadata" : { }
  },
  "deployedAfter" : [ ],
  "hooks" : [ ]
}, {
  "majorSchemaVersion" : 3,
  "name" : "EAM",
  "type" : "javascript.nodejs",
  "path" : "EAM",
  "properties" : { },
  "parameters" : {
    "default-url" : "https://8894508ftrial-dev-eam.cfapps.us10-001.hana.ondemand.com",
    "default-app-name" : "EAM",
    "generated-password" : "********",
    "default-live-url" : "https://8894508ftrial-dev-eam.cfapps.us10-001.hana.ondemand.com",
    "default-uri" : "8894508ftrial-dev-eam.cfapps.us10-001.hana.ondemand.com",
    "memory" : "256M",
    "default-instances" : 1,
    "default-live-host" : "8894508ftrial-dev-eam",
    "instances" : 1,
    "default-host" : "8894508ftrial-dev-eam",
    "keep-existing-routes" : true,
    "app-name" : "EAM",
    "default-live-uri" : "8894508ftrial-dev-eam.cfapps.us10-001.hana.ondemand.com",
    "protocol" : "https",
    "default-live-app-name" : "EAM",
    "default-live-domain" : "cfapps.us10-001.hana.ondemand.com",
    "disk-quota" : "256M",
    "dependency-type" : "soft",
    "domain" : "cfapps.us10-001.hana.ondemand.com",
    "host" : "8894508ftrial-dev-eam",
    "generated-user" : "********"
  },
  "requiredDependencies" : [ {
    "majorSchemaVersion" : 3,
    "name" : "srv-api",
    "group" : "destinations",
    "properties" : {
      "name" : "srv-api",
      "forwardAuthToken" : "********",
      "url" : "https://8894508ftrial-dev-eam-srv.cfapps.us10-001.hana.ondemand.com"
    },
    "parameters" : { },
    "propertiesMetadata" : {
      "metadata" : { }
    },
    "parametersMetadata" : {
      "metadata" : { }
    }
  }, {
    "majorSchemaVersion" : 3,
    "name" : "********",
    "properties" : { },
    "parameters" : { },
    "propertiesMetadata" : {
      "metadata" : { }
    },
    "parametersMetadata" : {
      "metadata" : { }
    }
  }, {
    "majorSchemaVersion" : 3,
    "name" : "EAM-destination",
    "properties" : { },
    "parameters" : { },
    "propertiesMetadata" : {
      "metadata" : { }
    },
    "parametersMetadata" : {
      "metadata" : { }
    }
  }, {
    "majorSchemaVersion" : 3,
    "name" : "EAM-html5-runtime",
    "properties" : { },
    "parameters" : { },
    "propertiesMetadata" : {
      "metadata" : { }
    },
    "parametersMetadata" : {
      "metadata" : { }
    }
  }, {
    "majorSchemaVersion" : 3,
    "name" : "EAM-logging",
    "properties" : { },
    "parameters" : { },
    "propertiesMetadata" : {
      "metadata" : { }
    },
    "parametersMetadata" : {
      "metadata" : { }
    }
  } ],
  "providedDependencies" : [ {
    "majorSchemaVersion" : 3,
    "name" : "app-api",
    "isPublic" : false,
    "properties" : {
      "app-protocol" : "https",
      "app-uri" : "8894508ftrial-dev-eam.cfapps.us10-001.hana.ondemand.com"
    },
    "parameters" : { },
    "propertiesMetadata" : {
      "metadata" : { }
    },
    "parametersMetadata" : {
      "metadata" : { }
    }
  }, {
    "majorSchemaVersion" : 3,
    "name" : "EAM",
    "isPublic" : false,
    "properties" : { },
    "parameters" : { },
    "propertiesMetadata" : {
      "metadata" : { }
    },
    "parametersMetadata" : {
      "metadata" : { }
    }
  } ],
  "propertiesMetadata" : {
    "metadata" : { }
  },
  "parametersMetadata" : {
    "metadata" : { }
  },
  "deployedAfter" : [ ],
  "hooks" : [ ]
}, {
  "majorSchemaVersion" : 3,
  "name" : "EAM-app-deployer",
  "type" : "com.sap.application.content",
  "path" : "EAM-app-deployer",
  "properties" : { },
  "parameters" : {
    "default-url" : "https://8894508ftrial-dev-eam-app-deployer.cfapps.us10-001.hana.ondemand.com",
    "default-app-name" : "EAM-app-deployer",
    "generated-password" : "********",
    "default-live-url" : "https://8894508ftrial-dev-eam-app-deployer.cfapps.us10-001.hana.ondemand.com",
    "default-uri" : "8894508ftrial-dev-eam-app-deployer.cfapps.us10-001.hana.ondemand.com",
    "default-instances" : 1,
    "default-live-host" : "8894508ftrial-dev-eam-app-deployer",
    "instances" : 1,
    "default-host" : "8894508ftrial-dev-eam-app-deployer",
    "app-name" : "EAM-app-deployer",
    "default-live-uri" : "8894508ftrial-dev-eam-app-deployer.cfapps.us10-001.hana.ondemand.com",
    "protocol" : "https",
    "default-live-app-name" : "EAM-app-deployer",
    "default-live-domain" : "cfapps.us10-001.hana.ondemand.com",
    "dependency-type" : "soft",
    "domain" : "cfapps.us10-001.hana.ondemand.com",
    "host" : "8894508ftrial-dev-eam-app-deployer",
    "generated-user" : "********"
  },
  "requiredDependencies" : [ {
    "majorSchemaVersion" : 3,
    "name" : "********",
    "properties" : { },
    "parameters" : { },
    "propertiesMetadata" : {
      "metadata" : { }
    },
    "parametersMetadata" : {
      "metadata" : { }
    }
  }, {
    "majorSchemaVersion" : 3,
    "name" : "srv-api",
    "properties" : { },
    "parameters" : { },
    "propertiesMetadata" : {
      "metadata" : { }
    },
    "parametersMetadata" : {
      "metadata" : { }
    }
  }, {
    "majorSchemaVersion" : 3,
    "name" : "EAM-html5-repo-host",
    "properties" : { },
    "parameters" : {
      "config" : {
        "HTML5Runtime_enabled" : true
      },
      "content-target" : true
    },
    "propertiesMetadata" : {
      "metadata" : { }
    },
    "parametersMetadata" : {
      "metadata" : { }
    }
  } ],
  "providedDependencies" : [ {
    "majorSchemaVersion" : 3,
    "name" : "EAM-app-deployer",
    "isPublic" : false,
    "properties" : { },
    "parameters" : { },
    "propertiesMetadata" : {
      "metadata" : { }
    },
    "parametersMetadata" : {
      "metadata" : { }
    }
  } ],
  "propertiesMetadata" : {
    "metadata" : { }
  },
  "parametersMetadata" : {
    "metadata" : { }
  },
  "deployedAfter" : [ ],
  "hooks" : [ ]
}]#
#2026 10 06 12:36:37.583#Z#DEBUG#91ca7629-c182-11f1-ab57-eeee0a835edd.OPERATION#flowable-async-job-executor-thread-13301#
[XS2BuildCloudDeployModelStep] Custom domains: []#
#2026 10 06 12:36:37.586#Z#DEBUG#91ca7629-c182-11f1-ab57-eeee0a835edd.OPERATION#flowable-async-job-executor-thread-13301#
[XS2BuildCloudDeployModelStep] Calculating resource batches...#
#2026 10 06 12:36:37.586#Z#DEBUG#91ca7629-c182-11f1-ab57-eeee0a835edd.OPERATION#flowable-async-job-executor-thread-13301#
[XS2BuildCloudDeployModelStep] Calculating resource batches completed.#
#2026 10 06 12:36:37.586#Z#DEBUG#91ca7629-c182-11f1-ab57-eeee0a835edd.OPERATION#flowable-async-job-executor-thread-13301#
[XS2BuildCloudDeployModelStep] Cloud deployment model built#
#2026 10 06 12:36:37.586#Z#DEBUG#91ca7629-c182-11f1-ab57-eeee0a835edd.OPERATION#flowable-async-job-executor-thread-13301#
Step "Build Deploy Model" finished#
#2026 10 06 12:36:37.612#Z#DEBUG#91ca7629-c182-11f1-ab57-eeee0a835edd.OPERATION#flowable-async-job-executor-thread-13301#
[BuildCloudUndeployModelStep] Executing task "buildUndeployModelTask" of process "91ca764f-c182-11f1-ab57-eeee0a835edd"...#
#2026 10 06 12:36:37.613#Z#DEBUG#91ca7629-c182-11f1-ab57-eeee0a835edd.OPERATION#flowable-async-job-executor-thread-13301#
[BuildCloudUndeployModelStep] Building cloud undeployment model...#
#2026 10 06 12:36:37.614#Z#DEBUG#91ca7629-c182-11f1-ab57-eeee0a835edd.OPERATION#flowable-async-job-executor-thread-13301#
[BuildCloudUndeployModelStep] Detecting service keys to delete.#
#2026 10 06 12:36:37.615#Z#DEBUG#91ca7629-c182-11f1-ab57-eeee0a835edd.OPERATION#flowable-async-job-executor-thread-13301#
[BuildCloudUndeployModelStep] Detected deployed service keys by service "{EAM-html5-repo-host=[DeployedMtaServiceKey{name=EAM-app-deployer-EAM-html5-repo-host-credentials, metadata=CloudMetadata{guid=f7545fa2-8b8a-4a5d-91cc-fd5b2f46e081, createdAt=2026-10-01T08:09:50, updatedAt=2026-10-01T08:09:52, url=null}, v3Metadata=Metadata{annotations={mta_id=EAM, mta_version=1.0.0}, labels={mta_id=ec1231c3d53e4af35daf2c83ae17f028, space_guid=a0f7d9f4-737c-456d-9bbf-cfb1f4c0ebd8}}, credentials=null, serviceInstance=CloudServiceInstance{name=EAM-html5-repo-host, metadata=CloudMetadata{guid=d1e660ee-8616-43b3-8b76-37214487d4ac, createdAt=2026-09-30T09:56:19, updatedAt=2026-09-30T09:56:20, url=null}, v3Metadata=Metadata{annotations={mta_id=EAM, mta_version=1.0.0, mta_resource={"name":"EAM-html5-repo-host"}}, labels={mta_id=ec1231c3d53e4af35daf2c83ae17f028}}, label=null, plan=null, provider=null, broker=null, version=null, credentials={}, syslogDrainUrl=null, tags=[], type=managed, lastOperation=null}, serviceKeyOperation=null, resourceName=null}], EAM-auth=[DeployedMtaServiceKey{name=EAM-app-deployer-EAM-auth-credentials, metadata=CloudMetadata{guid=f7ba0b4b-7fee-4107-8511-a31bfb764992, createdAt=2026-10-01T08:09:50, updatedAt=2026-10-01T08:09:52, url=null}, v3Metadata=Metadata{annotations={mta_id=EAM, mta_version=1.0.0}, labels={mta_id=ec1231c3d53e4af35daf2c83ae17f028, space_guid=a0f7d9f4-737c-456d-9bbf-cfb1f4c0ebd8}}, credentials=null, serviceInstance=CloudServiceInstance{name=EAM-auth, metadata=CloudMetadata{guid=d2374b41-f4d4-46b8-84d6-b0228a823d08, createdAt=2026-09-30T09:56:20, updatedAt=2026-09-30T09:56:20, url=null}, v3Metadata=Metadata{annotations={mta_id=EAM, mta_version=1.0.0, mta_resource={"name":"EAM-auth"}}, labels={mta_id=ec1231c3d53e4af35daf2c83ae17f028}}, label=null, plan=null, provider=null, broker=null, version=null, credentials={}, syslogDrainUrl=null, tags=[], type=managed, lastOperation=null}, serviceKeyOperation=null, resourceName=null}]}"#
#2026 10 06 12:36:37.616#Z#DEBUG#91ca7629-c182-11f1-ab57-eeee0a835edd.OPERATION#flowable-async-job-executor-thread-13301#
[BuildCloudUndeployModelStep] New service keys by service "{EAM-html5-repo-host=[EAM-app-deployer-EAM-html5-repo-host-credentials], EAM-auth=[EAM-app-deployer-EAM-auth-credentials]}"#
#2026 10 06 12:36:37.617#Z#DEBUG#91ca7629-c182-11f1-ab57-eeee0a835edd.OPERATION#flowable-async-job-executor-thread-13301#
[BuildCloudUndeployModelStep] Existing service keys by service "{}"#
#2026 10 06 12:36:37.617#Z#DEBUG#91ca7629-c182-11f1-ab57-eeee0a835edd.OPERATION#flowable-async-job-executor-thread-13301#
[BuildCloudUndeployModelStep] Detected service keys to delete "[]"#
#2026 10 06 12:36:37.619#Z#DEBUG#91ca7629-c182-11f1-ab57-eeee0a835edd.OPERATION#flowable-async-job-executor-thread-13301#
[BuildCloudUndeployModelStep] MTA modules: [EAM, EAM-db-deployer, EAM-srv, EAM-app-deployer]#
#2026 10 06 12:36:37.619#Z#DEBUG#91ca7629-c182-11f1-ab57-eeee0a835edd.OPERATION#flowable-async-job-executor-thread-13301#
[BuildCloudUndeployModelStep] Modules to undeploy: [ ]#
#2026 10 06 12:36:37.619#Z#DEBUG#91ca7629-c182-11f1-ab57-eeee0a835edd.OPERATION#flowable-async-job-executor-thread-13301#
[BuildCloudUndeployModelStep] Modules that won't be changed: [ ]#
#2026 10 06 12:36:37.620#Z#DEBUG#91ca7629-c182-11f1-ab57-eeee0a835edd.OPERATION#flowable-async-job-executor-thread-13301#
[BuildCloudUndeployModelStep] Subscriptions to delete: [ ]#
#2026 10 06 12:36:37.621#Z#DEBUG#91ca7629-c182-11f1-ab57-eeee0a835edd.OPERATION#flowable-async-job-executor-thread-13301#
[BuildCloudUndeployModelStep] Cloud services to delete: []#
#2026 10 06 12:36:37.621#Z#DEBUG#91ca7629-c182-11f1-ab57-eeee0a835edd.OPERATION#flowable-async-job-executor-thread-13301#
[BuildCloudUndeployModelStep] Cloud applications to undeploy: [ ]#
#2026 10 06 12:36:37.623#Z#DEBUG#91ca7629-c182-11f1-ab57-eeee0a835edd.OPERATION#flowable-async-job-executor-thread-13301#
[BuildCloudUndeployModelStep] Cloud undeployment model built#
#2026 10 06 12:36:37.623#Z#DEBUG#91ca7629-c182-11f1-ab57-eeee0a835edd.OPERATION#flowable-async-job-executor-thread-13301#
Step "Build Undeploy Model" finished#
#2026 10 06 12:36:37.648#Z#DEBUG#91ca7629-c182-11f1-ab57-eeee0a835edd.OPERATION#flowable-async-job-executor-thread-13298#
[AddDomainsStep] Executing task "addDomainsTask" of process "91ca764f-c182-11f1-ab57-eeee0a835edd"...#
#2026 10 06 12:36:37.649#Z#DEBUG#91ca7629-c182-11f1-ab57-eeee0a835edd.OPERATION#flowable-async-job-executor-thread-13298#
[AddDomainsStep] Custom domains: []#
#2026 10 06 12:36:37.649#Z#DEBUG#91ca7629-c182-11f1-ab57-eeee0a835edd.OPERATION#flowable-async-job-executor-thread-13298#
Step "Add Domains" finished#
#2026 10 06 12:36:38.062#Z#DEBUG#91ca7629-c182-11f1-ab57-eeee0a835edd.OPERATION#flowable-async-job-executor-thread-13296#
[ExtractBatchedServicesWithResolvedDynamicParametersStep] Executing task "prepareModulesDeploymentTask" of process "92bb6611-c182-11f1-ab57-eeee0a835edd"...#
#2026 10 06 12:36:38.063#Z#DEBUG#91ca7629-c182-11f1-ab57-eeee0a835edd.OPERATION#flowable-async-job-executor-thread-13296#
[ExtractBatchedServicesWithResolvedDynamicParametersStep] Extracting services and resolving dynamic parameters from batch#
#2026 10 06 12:36:38.064#Z#DEBUG#91ca7629-c182-11f1-ab57-eeee0a835edd.OPERATION#flowable-async-job-executor-thread-13296#
[ExtractBatchedServicesWithResolvedDynamicParametersStep] Services to create: [ {
  "isOptional" : false,
  "isManaged" : true,
  "name" : "********",
  "v3Metadata" : {
    "annotations" : {
      "mta_id" : "EAM",
      "mta_version" : "1.0.0",
      "mta_resource" : "********"
    },
    "labels" : {
      "mta_id" : "ec1231c3d53e4af35daf2c83ae17f028"
    }
  },
  "label" : "xsuaa",
  "plan" : "application",
  "credentials" : "********",
  "tags" : [ ],
  "type" : "managed",
  "resourceName" : "********",
  "shouldSkipParametersUpdate" : false,
  "shouldSkipPlanUpdate" : false,
  "shouldSkipTagsUpdate" : false,
  "shouldSkipSyslogUrlUpdate" : false
}, {
  "isOptional" : false,
  "isManaged" : true,
  "name" : "EAM-db",
  "v3Metadata" : {
    "annotations" : {
      "mta_id" : "EAM",
      "mta_version" : "1.0.0",
      "mta_resource" : "{\"name\":\"EAM-db\"}"
    },
    "labels" : {
      "mta_id" : "ec1231c3d53e4af35daf2c83ae17f028"
    }
  },
  "label" : "hana",
  "plan" : "hdi-shared",
  "credentials" : "********",
  "tags" : [ ],
  "type" : "managed",
  "resourceName" : "EAM-db",
  "shouldSkipParametersUpdate" : false,
  "shouldSkipPlanUpdate" : false,
  "shouldSkipTagsUpdate" : false,
  "shouldSkipSyslogUrlUpdate" : false
}, {
  "isOptional" : false,
  "isManaged" : true,
  "name" : "EAM-connectivity",
  "v3Metadata" : {
    "annotations" : {
      "mta_id" : "EAM",
      "mta_version" : "1.0.0",
      "mta_resource" : "{\"name\":\"EAM-connectivity\"}"
    },
    "labels" : {
      "mta_id" : "ec1231c3d53e4af35daf2c83ae17f028"
    }
  },
  "label" : "connectivity",
  "plan" : "lite",
  "credentials" : "********",
  "tags" : [ ],
  "type" : "managed",
  "resourceName" : "EAM-connectivity",
  "shouldSkipParametersUpdate" : false,
  "shouldSkipPlanUpdate" : false,
  "shouldSkipTagsUpdate" : false,
  "shouldSkipSyslogUrlUpdate" : false
}, {
  "isOptional" : false,
  "isManaged" : true,
  "name" : "EAM-destination",
  "v3Metadata" : {
    "annotations" : {
      "mta_id" : "EAM",
      "mta_version" : "1.0.0",
      "mta_resource" : "{\"name\":\"EAM-destination\"}"
    },
    "labels" : {
      "mta_id" : "ec1231c3d53e4af35daf2c83ae17f028"
    }
  },
  "label" : "destination",
  "plan" : "lite",
  "credentials" : "********",
  "tags" : [ ],
  "type" : "managed",
  "resourceName" : "EAM-destination",
  "shouldSkipParametersUpdate" : false,
  "shouldSkipPlanUpdate" : false,
  "shouldSkipTagsUpdate" : false,
  "shouldSkipSyslogUrlUpdate" : false
}, {
  "isOptional" : false,
  "isManaged" : true,
  "name" : "EAM-html5-repo-host",
  "v3Metadata" : {
    "annotations" : {
      "mta_id" : "EAM",
      "mta_version" : "1.0.0",
      "mta_resource" : "{\"name\":\"EAM-html5-repo-host\"}"
    },
    "labels" : {
      "mta_id" : "ec1231c3d53e4af35daf2c83ae17f028"
    }
  },
  "label" : "html5-apps-repo",
  "plan" : "app-host",
  "credentials" : "********",
  "tags" : [ ],
  "type" : "managed",
  "resourceName" : "EAM-html5-repo-host",
  "shouldSkipParametersUpdate" : false,
  "shouldSkipPlanUpdate" : false,
  "shouldSkipTagsUpdate" : false,
  "shouldSkipSyslogUrlUpdate" : false
}, {
  "isOptional" : false,
  "isManaged" : true,
  "name" : "EAM-html5-runtime",
  "v3Metadata" : {
    "annotations" : {
      "mta_id" : "EAM",
      "mta_version" : "1.0.0",
      "mta_resource" : "{\"name\":\"EAM-html5-runtime\"}"
    },
    "labels" : {
      "mta_id" : "ec1231c3d53e4af35daf2c83ae17f028"
    }
  },
  "label" : "html5-apps-repo",
  "plan" : "app-runtime",
  "credentials" : "********",
  "tags" : [ ],
  "type" : "managed",
  "resourceName" : "EAM-html5-runtime",
  "shouldSkipParametersUpdate" : false,
  "shouldSkipPlanUpdate" : false,
  "shouldSkipTagsUpdate" : false,
  "shouldSkipSyslogUrlUpdate" : false
}, {
  "isOptional" : false,
  "isManaged" : true,
  "name" : "EAM-logging",
  "v3Metadata" : {
    "annotations" : {
      "mta_id" : "EAM",
      "mta_version" : "1.0.0",
      "mta_resource" : "{\"name\":\"EAM-logging\"}"
    },
    "labels" : {
      "mta_id" : "ec1231c3d53e4af35daf2c83ae17f028"
    }
  },
  "label" : "application-logs",
  "plan" : "lite",
  "credentials" : "********",
  "tags" : [ ],
  "type" : "managed",
  "resourceName" : "EAM-logging",
  "shouldSkipParametersUpdate" : false,
  "shouldSkipPlanUpdate" : false,
  "shouldSkipTagsUpdate" : false,
  "shouldSkipSyslogUrlUpdate" : false
} ]#
#2026 10 06 12:36:38.065#Z#DEBUG#91ca7629-c182-11f1-ab57-eeee0a835edd.OPERATION#flowable-async-job-executor-thread-13296#
Step "Extract Services with Resolved Dynamic parameters from batch" finished#
#2026 10 06 12:36:38.156#Z#DEBUG#91ca7629-c182-11f1-ab57-eeee0a835edd.OPERATION#flowable-async-job-executor-thread-13300#
[CheckServiceOperationStateStep] Executing task "CheckServiceOperationStateTask" of process "92fd516b-c182-11f1-ab57-eeee0a835edd"...#
#2026 10 06 12:36:38.158#Z#DEBUG#91ca7629-c182-11f1-ab57-eeee0a835edd.OPERATION#flowable-async-job-executor-thread-13300#
[CheckServiceOperationStateStep] Getting service instance "EAM-auth"...#
#2026 10 06 12:36:38.289#Z#DEBUG#91ca7629-c182-11f1-ab57-eeee0a835edd.OPERATION#flowable-async-job-executor-thread-13300#
Step "Check for service operations in Progress" finished#
#2026 10 06 12:36:38.311#Z#DEBUG#91ca7629-c182-11f1-ab57-eeee0a835edd.OPERATION#flowable-async-job-executor-thread-13300#
[DetermineServiceCreateUpdateServiceActionsStep] Executing task "DetermineServiceCreateUpdateActionsTask" of process "92fd516b-c182-11f1-ab57-eeee0a835edd"...#
#2026 10 06 12:36:38.312#Z#INFO#91ca7629-c182-11f1-ab57-eeee0a835edd.OPERATION#flowable-async-job-executor-thread-13300#
[DetermineServiceCreateUpdateServiceActionsStep] Processing service "EAM-auth"...#
#2026 10 06 12:36:38.315#Z#DEBUG#91ca7629-c182-11f1-ab57-eeee0a835edd.OPERATION#flowable-async-job-executor-thread-13300#
[DetermineServiceCreateUpdateServiceActionsStep] Getting service instance "EAM-auth"...#
#2026 10 06 12:36:38.435#Z#INFO#91ca7629-c182-11f1-ab57-eeee0a835edd.OPERATION#flowable-async-job-executor-thread-13300#
[DetermineServiceCreateUpdateServiceActionsStep] Setting service "EAM-auth" parameters from "xs-security.json"#
#2026 10 06 12:36:38.470#Z#DEBUG#91ca7629-c182-11f1-ab57-eeee0a835edd.OPERATION#flowable-async-job-executor-thread-13300#
[DetermineServiceCreateUpdateServiceActionsStep] Existing service: {
  "name" : "********",
  "metadata" : {
    "guid" : "d2374b41-f4d4-46b8-84d6-b0228a823d08",
    "createdAt" : [ 2026, 9, 30, 9, 56, 20 ],
    "updatedAt" : [ 2026, 9, 30, 9, 56, 20 ]
  },
  "v3Metadata" : {
    "annotations" : {
      "mta_id" : "EAM",
      "mta_version" : "1.0.0",
      "mta_resource" : "********"
    },
    "labels" : {
      "mta_id" : "ec1231c3d53e4af35daf2c83ae17f028"
    }
  },
  "label" : "xsuaa",
  "plan" : "application",
  "credentials" : "********",
  "tags" : [ ],
  "type" : "managed",
  "lastOperation" : {
    "type" : "UPDATE",
    "description" : "",
    "state" : "SUCCEEDED"
  }
}#
#2026 10 06 12:36:38.470#Z#DEBUG#91ca7629-c182-11f1-ab57-eeee0a835edd.OPERATION#flowable-async-job-executor-thread-13300#
[DetermineServiceCreateUpdateServiceActionsStep] Service parameters will be updated#
#2026 10 06 12:36:38.470#Z#DEBUG#91ca7629-c182-11f1-ab57-eeee0a835edd.OPERATION#flowable-async-job-executor-thread-13300#
[DetermineServiceCreateUpdateServiceActionsStep] New parameters: {
  "attributes" : [ ],
  "oauth2-configuration" : "********",
  "role-templates" : [ ],
  "scopes" : [ ],
  "tenant-mode" : "dedicated",
  "xsappname" : "EAM-8894508ftrial-dev"
}#
#2026 10 06 12:36:38.470#Z#DEBUG#91ca7629-c182-11f1-ab57-eeee0a835edd.OPERATION#flowable-async-job-executor-thread-13300#
Step "Determine update actions" finished#
#2026 10 06 12:36:38.505#Z#DEBUG#91ca7629-c182-11f1-ab57-eeee0a835edd.OPERATION#flowable-async-job-executor-thread-13294#
[CheckForServiceBindingOrKeyOperationStep] Executing task "CheckForServiceBindingOrKeyCreation" of process "92fd516b-c182-11f1-ab57-eeee0a835edd"...#
#2026 10 06 12:36:38.506#Z#DEBUG#91ca7629-c182-11f1-ab57-eeee0a835edd.OPERATION#flowable-async-job-executor-thread-13294#
Step "Check for service binding or key creation" finished#
#2026 10 06 12:36:38.530#Z#DEBUG#91ca7629-c182-11f1-ab57-eeee0a835edd.OPERATION#flowable-async-job-executor-thread-13294#
[UpdateServiceParametersStep] Executing task "UpdateServiceParametersTask" of process "92fd516b-c182-11f1-ab57-eeee0a835edd"...#
#2026 10 06 12:36:38.532#Z#INFO#91ca7629-c182-11f1-ab57-eeee0a835edd.OPERATION#flowable-async-job-executor-thread-13294#
[UpdateServiceParametersStep] Updating service "EAM-auth"...#
#2026 10 06 12:36:38.535#Z#DEBUG#91ca7629-c182-11f1-ab57-eeee0a835edd.OPERATION#flowable-async-job-executor-thread-13294#
[UpdateServiceParametersStep] Updating service parameters for service "EAM-auth"...#
#2026 10 06 12:36:38.632#Z#DEBUG#91ca7629-c182-11f1-ab57-eeee0a835edd.OPERATION#flowable-async-job-executor-thread-13294#
[UpdateServiceParametersStep] Service "EAM-auth" updated#
#2026 10 06 12:36:38.632#Z#DEBUG#91ca7629-c182-11f1-ab57-eeee0a835edd.OPERATION#flowable-async-job-executor-thread-13294#
[UpdateServiceParametersStep] Triggered service operations: {
  "EAM-auth" : "UPDATE"
}#
#2026 10 06 12:36:38.633#Z#DEBUG#91ca7629-c182-11f1-ab57-eeee0a835edd.OPERATION#flowable-async-job-executor-thread-13294#
Step "Update parameters" finished#
#2026 10 06 12:36:39.573#Z#DEBUG#91ca7629-c182-11f1-ab57-eeee0a835edd.OPERATION#flowable-async-job-executor-thread-13301#
[CheckServiceOperationStateStep] Executing task "CheckServiceOperationStateTask" of process "93d64ba5-c182-11f1-ab57-eeee0a835edd"...#
#2026 10 06 12:36:39.573#Z#DEBUG#91ca7629-c182-11f1-ab57-eeee0a835edd.OPERATION#flowable-async-job-executor-thread-13301#
[CheckServiceOperationStateStep] Getting service instance "EAM-db"...#
#2026 10 06 12:36:39.609#Z#DEBUG#91ca7629-c182-11f1-ab57-eeee0a835edd.OPERATION#flowable-async-job-executor-thread-13300#
[CheckServiceOperationStateStep] Executing task "CheckServiceOperationStateTask" of process "93dc1835-c182-11f1-ab57-eeee0a835edd"...#
#2026 10 06 12:36:39.610#Z#DEBUG#91ca7629-c182-11f1-ab57-eeee0a835edd.OPERATION#flowable-async-job-executor-thread-13300#
[CheckServiceOperationStateStep] Getting service instance "EAM-html5-repo-host"...#
#2026 10 06 12:36:39.648#Z#DEBUG#91ca7629-c182-11f1-ab57-eeee0a835edd.OPERATION#flowable-async-job-executor-thread-13299#
[CheckServiceOperationStateStep] Executing task "CheckServiceOperationStateTask" of process "93e1bdb5-c182-11f1-ab57-eeee0a835edd"...#
#2026 10 06 12:36:39.649#Z#DEBUG#91ca7629-c182-11f1-ab57-eeee0a835edd.OPERATION#flowable-async-job-executor-thread-13299#
[CheckServiceOperationStateStep] Getting service instance "EAM-destination"...#
#2026 10 06 12:36:39.687#Z#DEBUG#91ca7629-c182-11f1-ab57-eeee0a835edd.OPERATION#flowable-async-job-executor-thread-13301#
Step "Check for service operations in Progress" finished#
#2026 10 06 12:36:39.750#Z#DEBUG#91ca7629-c182-11f1-ab57-eeee0a835edd.OPERATION#flowable-async-job-executor-thread-13300#
Step "Check for service operations in Progress" finished#
#2026 10 06 12:36:39.758#Z#DEBUG#91ca7629-c182-11f1-ab57-eeee0a835edd.OPERATION#flowable-async-job-executor-thread-13299#
Step "Check for service operations in Progress" finished#
#2026 10 06 12:36:39.709#Z#DEBUG#91ca7629-c182-11f1-ab57-eeee0a835edd.OPERATION#flowable-async-job-executor-thread-13301#
[DetermineServiceCreateUpdateServiceActionsStep] Executing task "DetermineServiceCreateUpdateActionsTask" of process "93d64ba5-c182-11f1-ab57-eeee0a835edd"...#
#2026 10 06 12:36:39.710#Z#INFO#91ca7629-c182-11f1-ab57-eeee0a835edd.OPERATION#flowable-async-job-executor-thread-13301#
[DetermineServiceCreateUpdateServiceActionsStep] Processing service "EAM-db"...#
#2026 10 06 12:36:39.712#Z#DEBUG#91ca7629-c182-11f1-ab57-eeee0a835edd.OPERATION#flowable-async-job-executor-thread-13301#
[DetermineServiceCreateUpdateServiceActionsStep] Getting service instance "EAM-db"...#
#2026 10 06 12:36:39.771#Z#DEBUG#91ca7629-c182-11f1-ab57-eeee0a835edd.OPERATION#flowable-async-job-executor-thread-13300#
[DetermineServiceCreateUpdateServiceActionsStep] Executing task "DetermineServiceCreateUpdateActionsTask" of process "93dc1835-c182-11f1-ab57-eeee0a835edd"...#
#2026 10 06 12:36:39.772#Z#INFO#91ca7629-c182-11f1-ab57-eeee0a835edd.OPERATION#flowable-async-job-executor-thread-13300#
[DetermineServiceCreateUpdateServiceActionsStep] Processing service "EAM-html5-repo-host"...#
#2026 10 06 12:36:39.776#Z#DEBUG#91ca7629-c182-11f1-ab57-eeee0a835edd.OPERATION#flowable-async-job-executor-thread-13300#
[DetermineServiceCreateUpdateServiceActionsStep] Getting service instance "EAM-html5-repo-host"...#
#2026 10 06 12:36:39.778#Z#DEBUG#91ca7629-c182-11f1-ab57-eeee0a835edd.OPERATION#flowable-async-job-executor-thread-13299#
[DetermineServiceCreateUpdateServiceActionsStep] Executing task "DetermineServiceCreateUpdateActionsTask" of process "93e1bdb5-c182-11f1-ab57-eeee0a835edd"...#
#2026 10 06 12:36:39.779#Z#INFO#91ca7629-c182-11f1-ab57-eeee0a835edd.OPERATION#flowable-async-job-executor-thread-13299#
[DetermineServiceCreateUpdateServiceActionsStep] Processing service "EAM-destination"...#
#2026 10 06 12:36:39.782#Z#DEBUG#91ca7629-c182-11f1-ab57-eeee0a835edd.OPERATION#flowable-async-job-executor-thread-13299#
[DetermineServiceCreateUpdateServiceActionsStep] Getting service instance "EAM-destination"...#
#2026 10 06 12:36:39.813#Z#DEBUG#91ca7629-c182-11f1-ab57-eeee0a835edd.OPERATION#flowable-async-job-executor-thread-13301#
[DetermineServiceCreateUpdateServiceActionsStep] Existing service: {
  "name" : "EAM-db",
  "metadata" : {
    "guid" : "d6eb70ab-7a34-47fd-91c3-f81f999fe2dd",
    "createdAt" : [ 2026, 10, 1, 8, 9, 30 ],
    "updatedAt" : [ 2026, 10, 1, 8, 9, 31 ]
  },
  "v3Metadata" : {
    "annotations" : {
      "mta_id" : "EAM",
      "mta_version" : "1.0.0",
      "mta_resource" : "{\"name\":\"EAM-db\"}"
    },
    "labels" : {
      "mta_id" : "ec1231c3d53e4af35daf2c83ae17f028"
    }
  },
  "label" : "hana",
  "plan" : "hdi-shared",
  "credentials" : "********",
  "tags" : [ ],
  "type" : "managed",
  "lastOperation" : {
    "type" : "CREATE",
    "state" : "SUCCEEDED"
  }
}#
#2026 10 06 12:36:39.814#Z#WARN#91ca7629-c182-11f1-ab57-eeee0a835edd.OPERATION#flowable-async-job-executor-thread-13301#
[DetermineServiceCreateUpdateServiceActionsStep] Service parameters for service "EAM-db" will not be updated, as the parameters are not defined or empty.#
#2026 10 06 12:36:39.814#Z#DEBUG#91ca7629-c182-11f1-ab57-eeee0a835edd.OPERATION#flowable-async-job-executor-thread-13301#
Step "Determine update actions" finished#
#2026 10 06 12:36:39.842#Z#DEBUG#91ca7629-c182-11f1-ab57-eeee0a835edd.OPERATION#flowable-async-job-executor-thread-13301#
[CheckForServiceBindingOrKeyOperationStep] Executing task "CheckForServiceBindingOrKeyCreation" of process "93d64ba5-c182-11f1-ab57-eeee0a835edd"...#
#2026 10 06 12:36:39.843#Z#DEBUG#91ca7629-c182-11f1-ab57-eeee0a835edd.OPERATION#flowable-async-job-executor-thread-13301#
Step "Check for service binding or key creation" finished#
#2026 10 06 12:36:39.908#Z#DEBUG#91ca7629-c182-11f1-ab57-eeee0a835edd.OPERATION#flowable-async-job-executor-thread-13299#
[DetermineServiceCreateUpdateServiceActionsStep] Existing service: {
  "name" : "EAM-destination",
  "metadata" : {
    "guid" : "aa3d36cd-da64-4b61-b444-8d96bd9b23db",
    "createdAt" : [ 2026, 9, 30, 9, 56, 20 ],
    "updatedAt" : [ 2026, 9, 30, 9, 56, 21 ]
  },
  "v3Metadata" : {
    "annotations" : {
      "mta_id" : "EAM",
      "mta_version" : "1.0.0",
      "mta_resource" : "{\"name\":\"EAM-destination\"}"
    },
    "labels" : {
      "mta_id" : "ec1231c3d53e4af35daf2c83ae17f028"
    }
  },
  "label" : "destination",
  "plan" : "lite",
  "credentials" : "********",
  "tags" : [ ],
  "type" : "managed",
  "lastOperation" : {
    "type" : "CREATE",
    "description" : "",
    "state" : "SUCCEEDED"
  }
}#
#2026 10 06 12:36:39.909#Z#WARN#91ca7629-c182-11f1-ab57-eeee0a835edd.OPERATION#flowable-async-job-executor-thread-13299#
[DetermineServiceCreateUpdateServiceActionsStep] Service parameters for service "EAM-destination" will not be updated, as the parameters are not defined or empty.#
#2026 10 06 12:36:39.909#Z#DEBUG#91ca7629-c182-11f1-ab57-eeee0a835edd.OPERATION#flowable-async-job-executor-thread-13299#
Step "Determine update actions" finished#
#2026 10 06 12:36:39.938#Z#DEBUG#91ca7629-c182-11f1-ab57-eeee0a835edd.OPERATION#flowable-async-job-executor-thread-13300#
[DetermineServiceCreateUpdateServiceActionsStep] Existing service: {
  "name" : "EAM-html5-repo-host",
  "metadata" : {
    "guid" : "d1e660ee-8616-43b3-8b76-37214487d4ac",
    "createdAt" : [ 2026, 9, 30, 9, 56, 19 ],
    "updatedAt" : [ 2026, 9, 30, 9, 56, 20 ]
  },
  "v3Metadata" : {
    "annotations" : {
      "mta_id" : "EAM",
      "mta_version" : "1.0.0",
      "mta_resource" : "{\"name\":\"EAM-html5-repo-host\"}"
    },
    "labels" : {
      "mta_id" : "ec1231c3d53e4af35daf2c83ae17f028"
    }
  },
  "label" : "html5-apps-repo",
  "plan" : "app-host",
  "credentials" : "********",
  "tags" : [ ],
  "type" : "managed",
  "lastOperation" : {
    "type" : "CREATE",
    "description" : "",
    "state" : "SUCCEEDED"
  }
}#
#2026 10 06 12:36:39.938#Z#WARN#91ca7629-c182-11f1-ab57-eeee0a835edd.OPERATION#flowable-async-job-executor-thread-13300#
[DetermineServiceCreateUpdateServiceActionsStep] Service parameters for service "EAM-html5-repo-host" will not be updated, as the parameters are not defined or empty.#
#2026 10 06 12:36:39.938#Z#DEBUG#91ca7629-c182-11f1-ab57-eeee0a835edd.OPERATION#flowable-async-job-executor-thread-13300#
Step "Determine update actions" finished#
#2026 10 06 12:36:39.938#Z#DEBUG#91ca7629-c182-11f1-ab57-eeee0a835edd.OPERATION#flowable-async-job-executor-thread-13299#
[CheckForServiceBindingOrKeyOperationStep] Executing task "CheckForServiceBindingOrKeyCreation" of process "93e1bdb5-c182-11f1-ab57-eeee0a835edd"...#
#2026 10 06 12:36:39.939#Z#DEBUG#91ca7629-c182-11f1-ab57-eeee0a835edd.OPERATION#flowable-async-job-executor-thread-13299#
Step "Check for service binding or key creation" finished#
#2026 10 06 12:36:39.972#Z#DEBUG#91ca7629-c182-11f1-ab57-eeee0a835edd.OPERATION#flowable-async-job-executor-thread-13300#
[CheckForServiceBindingOrKeyOperationStep] Executing task "CheckForServiceBindingOrKeyCreation" of process "93dc1835-c182-11f1-ab57-eeee0a835edd"...#
#2026 10 06 12:36:39.973#Z#DEBUG#91ca7629-c182-11f1-ab57-eeee0a835edd.OPERATION#flowable-async-job-executor-thread-13300#
Step "Check for service binding or key creation" finished#
#2026 10 06 12:36:39.965#Z#DEBUG#91ca7629-c182-11f1-ab57-eeee0a835edd.OPERATION#flowable-async-job-executor-thread-10777#
[CheckServiceOperationStateStep] Executing task "CheckServiceOperationStateTask" of process "9411591c-c182-11f1-906e-eeee0a90c402"...#
#2026 10 06 12:36:40.028#Z#DEBUG#91ca7629-c182-11f1-ab57-eeee0a835edd.OPERATION#flowable-async-job-executor-thread-10777#
[CheckServiceOperationStateStep] Getting service instance "EAM-connectivity"...#
#2026 10 06 12:36:40.154#Z#DEBUG#91ca7629-c182-11f1-ab57-eeee0a835edd.OPERATION#flowable-async-job-executor-thread-10777#
Step "Check for service operations in Progress" finished#
#2026 10 06 12:36:40.175#Z#DEBUG#91ca7629-c182-11f1-ab57-eeee0a835edd.OPERATION#flowable-async-job-executor-thread-10777#
[DetermineServiceCreateUpdateServiceActionsStep] Executing task "DetermineServiceCreateUpdateActionsTask" of process "9411591c-c182-11f1-906e-eeee0a90c402"...#
#2026 10 06 12:36:40.177#Z#INFO#91ca7629-c182-11f1-ab57-eeee0a835edd.OPERATION#flowable-async-job-executor-thread-10777#
[DetermineServiceCreateUpdateServiceActionsStep] Processing service "EAM-connectivity"...#
#2026 10 06 12:36:40.181#Z#DEBUG#91ca7629-c182-11f1-ab57-eeee0a835edd.OPERATION#flowable-async-job-executor-thread-10777#
[DetermineServiceCreateUpdateServiceActionsStep] Getting service instance "EAM-connectivity"...#
#2026 10 06 12:36:40.306#Z#DEBUG#91ca7629-c182-11f1-ab57-eeee0a835edd.OPERATION#flowable-async-job-executor-thread-10777#
[DetermineServiceCreateUpdateServiceActionsStep] Existing service: {
  "name" : "EAM-connectivity",
  "metadata" : {
    "guid" : "a8cd4df1-bd4f-4e6b-b5b3-bb733e7c606f",
    "createdAt" : [ 2026, 9, 30, 9, 56, 20 ],
    "updatedAt" : [ 2026, 9, 30, 9, 56, 21 ]
  },
  "v3Metadata" : {
    "annotations" : {
      "mta_id" : "EAM",
      "mta_version" : "1.0.0",
      "mta_resource" : "{\"name\":\"EAM-connectivity\"}"
    },
    "labels" : {
      "mta_id" : "ec1231c3d53e4af35daf2c83ae17f028"
    }
  },
  "label" : "connectivity",
  "plan" : "lite",
  "credentials" : "********",
  "tags" : [ ],
  "type" : "managed",
  "lastOperation" : {
    "type" : "CREATE",
    "description" : "",
    "state" : "SUCCEEDED"
  }
}#
#2026 10 06 12:36:40.306#Z#WARN#91ca7629-c182-11f1-ab57-eeee0a835edd.OPERATION#flowable-async-job-executor-thread-10777#
[DetermineServiceCreateUpdateServiceActionsStep] Service parameters for service "EAM-connectivity" will not be updated, as the parameters are not defined or empty.#
#2026 10 06 12:36:40.306#Z#DEBUG#91ca7629-c182-11f1-ab57-eeee0a835edd.OPERATION#flowable-async-job-executor-thread-10777#
Step "Determine update actions" finished#
#2026 10 06 12:36:40.341#Z#DEBUG#91ca7629-c182-11f1-ab57-eeee0a835edd.OPERATION#flowable-async-job-executor-thread-10777#
[CheckForServiceBindingOrKeyOperationStep] Executing task "CheckForServiceBindingOrKeyCreation" of process "9411591c-c182-11f1-906e-eeee0a90c402"...#
#2026 10 06 12:36:40.342#Z#DEBUG#91ca7629-c182-11f1-ab57-eeee0a835edd.OPERATION#flowable-async-job-executor-thread-10777#
Step "Check for service binding or key creation" finished#
#2026 10 06 12:36:42.981#Z#DEBUG#91ca7629-c182-11f1-ab57-eeee0a835edd.OPERATION#flowable-async-job-executor-thread-10782#
[CheckServiceOperationStateStep] Executing task "CheckServiceOperationStateTask" of process "95dd6701-c182-11f1-906e-eeee0a90c402"...#
#2026 10 06 12:36:42.982#Z#DEBUG#91ca7629-c182-11f1-ab57-eeee0a835edd.OPERATION#flowable-async-job-executor-thread-10782#
[CheckServiceOperationStateStep] Getting service instance "EAM-html5-runtime"...#
#2026 10 06 12:36:43.111#Z#DEBUG#91ca7629-c182-11f1-ab57-eeee0a835edd.OPERATION#flowable-async-job-executor-thread-10782#
Step "Check for service operations in Progress" finished#
#2026 10 06 12:36:43.139#Z#DEBUG#91ca7629-c182-11f1-ab57-eeee0a835edd.OPERATION#flowable-async-job-executor-thread-10783#
[DetermineServiceCreateUpdateServiceActionsStep] Executing task "DetermineServiceCreateUpdateActionsTask" of process "95dd6701-c182-11f1-906e-eeee0a90c402"...#
#2026 10 06 12:36:43.144#Z#INFO#91ca7629-c182-11f1-ab57-eeee0a835edd.OPERATION#flowable-async-job-executor-thread-10783#
[DetermineServiceCreateUpdateServiceActionsStep] Processing service "EAM-html5-runtime"...#
#2026 10 06 12:36:43.147#Z#DEBUG#91ca7629-c182-11f1-ab57-eeee0a835edd.OPERATION#flowable-async-job-executor-thread-10783#
[DetermineServiceCreateUpdateServiceActionsStep] Getting service instance "EAM-html5-runtime"...#
#2026 10 06 12:36:43.273#Z#DEBUG#91ca7629-c182-11f1-ab57-eeee0a835edd.OPERATION#flowable-async-job-executor-thread-10783#
[DetermineServiceCreateUpdateServiceActionsStep] Existing service: {
  "name" : "EAM-html5-runtime",
  "metadata" : {
    "guid" : "e61c3fdb-ee14-47ec-88c8-1ccf07941a88",
    "createdAt" : [ 2026, 9, 30, 9, 56, 20 ],
    "updatedAt" : [ 2026, 9, 30, 9, 56, 21 ]
  },
  "v3Metadata" : {
    "annotations" : {
      "mta_id" : "EAM",
      "mta_version" : "1.0.0",
      "mta_resource" : "{\"name\":\"EAM-html5-runtime\"}"
    },
    "labels" : {
      "mta_id" : "ec1231c3d53e4af35daf2c83ae17f028"
    }
  },
  "label" : "html5-apps-repo",
  "plan" : "app-runtime",
  "credentials" : "********",
  "tags" : [ ],
  "type" : "managed",
  "lastOperation" : {
    "type" : "CREATE",
    "description" : "",
    "state" : "SUCCEEDED"
  }
}#
#2026 10 06 12:36:43.273#Z#WARN#91ca7629-c182-11f1-ab57-eeee0a835edd.OPERATION#flowable-async-job-executor-thread-10783#
[DetermineServiceCreateUpdateServiceActionsStep] Service parameters for service "EAM-html5-runtime" will not be updated, as the parameters are not defined or empty.#
#2026 10 06 12:36:43.274#Z#DEBUG#91ca7629-c182-11f1-ab57-eeee0a835edd.OPERATION#flowable-async-job-executor-thread-10783#
Step "Determine update actions" finished#
#2026 10 06 12:36:43.075#Z#DEBUG#91ca7629-c182-11f1-ab57-eeee0a835edd.OPERATION#flowable-async-job-executor-thread-10033#
[CheckServiceOperationStateStep] Executing task "CheckServiceOperationStateTask" of process "95eaad12-c182-11f1-a137-eeee0a8fe793"...#
#2026 10 06 12:36:43.137#Z#DEBUG#91ca7629-c182-11f1-ab57-eeee0a835edd.OPERATION#flowable-async-job-executor-thread-10033#
[CheckServiceOperationStateStep] Getting service instance "EAM-logging"...#
#2026 10 06 12:36:43.280#Z#DEBUG#91ca7629-c182-11f1-ab57-eeee0a835edd.OPERATION#flowable-async-job-executor-thread-10033#
Step "Check for service operations in Progress" finished#
#2026 10 06 12:36:43.325#Z#DEBUG#91ca7629-c182-11f1-ab57-eeee0a835edd.OPERATION#flowable-async-job-executor-thread-10783#
[CheckForServiceBindingOrKeyOperationStep] Executing task "CheckForServiceBindingOrKeyCreation" of process "95dd6701-c182-11f1-906e-eeee0a90c402"...#
#2026 10 06 12:36:43.328#Z#DEBUG#91ca7629-c182-11f1-ab57-eeee0a835edd.OPERATION#flowable-async-job-executor-thread-10783#
Step "Check for service binding or key creation" finished#
#2026 10 06 12:36:43.310#Z#DEBUG#91ca7629-c182-11f1-ab57-eeee0a835edd.OPERATION#flowable-async-job-executor-thread-10033#
[DetermineServiceCreateUpdateServiceActionsStep] Executing task "DetermineServiceCreateUpdateActionsTask" of process "95eaad12-c182-11f1-a137-eeee0a8fe793"...#
#2026 10 06 12:36:43.312#Z#INFO#91ca7629-c182-11f1-ab57-eeee0a835edd.OPERATION#flowable-async-job-executor-thread-10033#
[DetermineServiceCreateUpdateServiceActionsStep] Processing service "EAM-logging"...#
#2026 10 06 12:36:43.319#Z#DEBUG#91ca7629-c182-11f1-ab57-eeee0a835edd.OPERATION#flowable-async-job-executor-thread-10033#
[DetermineServiceCreateUpdateServiceActionsStep] Getting service instance "EAM-logging"...#
#2026 10 06 12:36:43.451#Z#DEBUG#91ca7629-c182-11f1-ab57-eeee0a835edd.OPERATION#flowable-async-job-executor-thread-10033#
[DetermineServiceCreateUpdateServiceActionsStep] Existing service: {
  "name" : "EAM-logging",
  "metadata" : {
    "guid" : "381dcddf-ecdc-48b3-966b-63e2c244f1ef",
    "createdAt" : [ 2026, 10, 1, 7, 51, 19 ],
    "updatedAt" : [ 2026, 10, 1, 7, 51, 19 ]
  },
  "v3Metadata" : {
    "annotations" : {
      "mta_id" : "EAM",
      "mta_version" : "1.0.0",
      "mta_resource" : "{\"name\":\"EAM-logging\"}"
    },
    "labels" : {
      "mta_id" : "ec1231c3d53e4af35daf2c83ae17f028"
    }
  },
  "label" : "application-logs",
  "plan" : "lite",
  "credentials" : "********",
  "tags" : [ ],
  "type" : "managed",
  "lastOperation" : {
    "type" : "CREATE",
    "description" : "",
    "state" : "SUCCEEDED"
  }
}#
#2026 10 06 12:36:43.451#Z#WARN#91ca7629-c182-11f1-ab57-eeee0a835edd.OPERATION#flowable-async-job-executor-thread-10033#
[DetermineServiceCreateUpdateServiceActionsStep] Service parameters for service "EAM-logging" will not be updated, as the parameters are not defined or empty.#
#2026 10 06 12:36:43.451#Z#DEBUG#91ca7629-c182-11f1-ab57-eeee0a835edd.OPERATION#flowable-async-job-executor-thread-10033#
Step "Determine update actions" finished#
#2026 10 06 12:36:43.492#Z#DEBUG#91ca7629-c182-11f1-ab57-eeee0a835edd.OPERATION#flowable-async-job-executor-thread-10033#
[CheckForServiceBindingOrKeyOperationStep] Executing task "CheckForServiceBindingOrKeyCreation" of process "95eaad12-c182-11f1-a137-eeee0a8fe793"...#
#2026 10 06 12:36:43.494#Z#DEBUG#91ca7629-c182-11f1-ab57-eeee0a835edd.OPERATION#flowable-async-job-executor-thread-10033#
Step "Check for service binding or key creation" finished#
#2026 10 06 12:36:51.709#Z#DEBUG#91ca7629-c182-11f1-ab57-eeee0a835edd.OPERATION#flowable-async-job-executor-thread-13305#
[UpdateServiceParametersStep] Executing task "UpdateServiceParametersTask" of process "92fd516b-c182-11f1-ab57-eeee0a835edd"...#
#2026 10 06 12:36:51.709#Z#DEBUG#91ca7629-c182-11f1-ab57-eeee0a835edd.OPERATION#flowable-async-job-executor-thread-13305#
[UpdateServiceParametersStep] Polling service operations...#
#2026 10 06 12:36:51.711#Z#DEBUG#91ca7629-c182-11f1-ab57-eeee0a835edd.OPERATION#flowable-async-job-executor-thread-13305#
[UpdateServiceParametersStep] Getting service instance "EAM-auth"...#
#2026 10 06 12:36:51.831#Z#DEBUG#91ca7629-c182-11f1-ab57-eeee0a835edd.OPERATION#flowable-async-job-executor-thread-13305#
[UpdateServiceParametersStep] Last operation for service "EAM-auth": {
  "type" : "UPDATE",
  "description" : "",
  "state" : "SUCCEEDED"
}#
#2026 10 06 12:36:51.831#Z#DEBUG#91ca7629-c182-11f1-ab57-eeee0a835edd.OPERATION#flowable-async-job-executor-thread-13305#
[UpdateServiceParametersStep] Service "EAM-auth" updated#
#2026 10 06 12:36:51.831#Z#INFO#91ca7629-c182-11f1-ab57-eeee0a835edd.OPERATION#flowable-async-job-executor-thread-13305#
[UpdateServiceParametersStep] 1 of 1 done#
#2026 10 06 12:36:51.835#Z#DEBUG#91ca7629-c182-11f1-ab57-eeee0a835edd.OPERATION#flowable-async-job-executor-thread-13305#
[UpdateServiceParametersStep] Remaining services to poll: [ ]#
#2026 10 06 12:36:51.835#Z#DEBUG#91ca7629-c182-11f1-ab57-eeee0a835edd.OPERATION#flowable-async-job-executor-thread-13305#
Step "Update parameters" finished#
#2026 10 06 12:36:52.029#Z#DEBUG#91ca7629-c182-11f1-ab57-eeee0a835edd.OPERATION#flowable-async-job-executor-thread-13305#
[PrepareModulesDeploymentStep] Executing task "prepareModulesDeploymentTask" of process "9b42526e-c182-11f1-ab57-eeee0a835edd"...#
#2026 10 06 12:36:52.030#Z#DEBUG#91ca7629-c182-11f1-ab57-eeee0a835edd.OPERATION#flowable-async-job-executor-thread-13305#
[PrepareModulesDeploymentStep] Preparing modules deployment...#
#2026 10 06 12:36:52.032#Z#DEBUG#91ca7629-c182-11f1-ab57-eeee0a835edd.OPERATION#flowable-async-job-executor-thread-13305#
Step "Prepare Modules Deployment" finished#
#2026 10 06 12:36:52.057#Z#DEBUG#91ca7629-c182-11f1-ab57-eeee0a835edd.OPERATION#flowable-async-job-executor-thread-13305#
[ComputeNextModulesStep] Executing task "computeNextModulesToDeployInParallel" of process "9b42526e-c182-11f1-ab57-eeee0a835edd"...#
#2026 10 06 12:36:52.057#Z#DEBUG#91ca7629-c182-11f1-ab57-eeee0a835edd.OPERATION#flowable-async-job-executor-thread-13305#
[ComputeNextModulesStep] Computing modules for next parallel iteration...#
#2026 10 06 12:36:52.059#Z#DEBUG#91ca7629-c182-11f1-ab57-eeee0a835edd.OPERATION#flowable-async-job-executor-thread-13305#
[ComputeNextModulesStep] Completed modules detected: []#
#2026 10 06 12:36:52.059#Z#DEBUG#91ca7629-c182-11f1-ab57-eeee0a835edd.OPERATION#flowable-async-job-executor-thread-13305#
[ComputeNextModulesStep] All modules for deploy detected: [EAM, EAM-db-deployer, EAM-srv, EAM-app-deployer]#
#2026 10 06 12:36:52.059#Z#DEBUG#91ca7629-c182-11f1-ab57-eeee0a835edd.OPERATION#flowable-async-job-executor-thread-13305#
[ComputeNextModulesStep] Modules not for deploy detected: []#
#2026 10 06 12:36:52.059#Z#DEBUG#91ca7629-c182-11f1-ab57-eeee0a835edd.OPERATION#flowable-async-job-executor-thread-13305#
[ComputeNextModulesStep] Computed modules for next parallel iteration: [ {
  "majorSchemaVersion" : 3,
  "name" : "EAM-srv",
  "type" : "javascript.nodejs",
  "path" : "EAM-srv",
  "properties" : { },
  "parameters" : {
    "app-name" : "EAM-srv",
    "buildpack" : "nodejs_buildpack",
    "default-app-name" : "EAM-srv",
    "default-host" : "8894508ftrial-dev-eam-srv",
    "default-instances" : 1,
    "default-live-app-name" : "EAM-srv",
    "default-live-domain" : "cfapps.us10-001.hana.ondemand.com",
    "default-live-host" : "8894508ftrial-dev-eam-srv",
    "default-live-uri" : "8894508ftrial-dev-eam-srv.cfapps.us10-001.hana.ondemand.com",
    "default-live-url" : "https://8894508ftrial-dev-eam-srv.cfapps.us10-001.hana.ondemand.com",
    "default-uri" : "8894508ftrial-dev-eam-srv.cfapps.us10-001.hana.ondemand.com",
    "default-url" : "https://8894508ftrial-dev-eam-srv.cfapps.us10-001.hana.ondemand.com",
    "dependency-type" : "soft",
    "domain" : "cfapps.us10-001.hana.ondemand.com",
    "generated-password" : "********",
    "generated-user" : "********",
    "host" : "8894508ftrial-dev-eam-srv",
    "instances" : 1,
    "protocol" : "https"
  },
  "requiredDependencies" : [ {
    "majorSchemaVersion" : 3,
    "name" : "********",
    "properties" : { },
    "parameters" : { },
    "propertiesMetadata" : {
      "metadata" : { }
    },
    "parametersMetadata" : {
      "metadata" : { }
    }
  }, {
    "majorSchemaVersion" : 3,
    "name" : "EAM-db",
    "properties" : { },
    "parameters" : { },
    "propertiesMetadata" : {
      "metadata" : { }
    },
    "parametersMetadata" : {
      "metadata" : { }
    }
  }, {
    "majorSchemaVersion" : 3,
    "name" : "EAM-connectivity",
    "properties" : { },
    "parameters" : { },
    "propertiesMetadata" : {
      "metadata" : { }
    },
    "parametersMetadata" : {
      "metadata" : { }
    }
  }, {
    "majorSchemaVersion" : 3,
    "name" : "EAM-destination",
    "properties" : { },
    "parameters" : { },
    "propertiesMetadata" : {
      "metadata" : { }
    },
    "parametersMetadata" : {
      "metadata" : { }
    }
  }, {
    "majorSchemaVersion" : 3,
    "name" : "EAM-logging",
    "properties" : { },
    "parameters" : { },
    "propertiesMetadata" : {
      "metadata" : { }
    },
    "parametersMetadata" : {
      "metadata" : { }
    }
  } ],
  "providedDependencies" : [ {
    "majorSchemaVersion" : 3,
    "name" : "srv-api",
    "isPublic" : false,
    "properties" : {
      "srv-url" : "https://8894508ftrial-dev-eam-srv.cfapps.us10-001.hana.ondemand.com"
    },
    "parameters" : { },
    "propertiesMetadata" : {
      "metadata" : { }
    },
    "parametersMetadata" : {
      "metadata" : { }
    }
  }, {
    "majorSchemaVersion" : 3,
    "name" : "EAM-srv",
    "isPublic" : false,
    "properties" : { },
    "parameters" : { },
    "propertiesMetadata" : {
      "metadata" : { }
    },
    "parametersMetadata" : {
      "metadata" : { }
    }
  } ],
  "propertiesMetadata" : {
    "metadata" : { }
  },
  "parametersMetadata" : {
    "metadata" : { }
  },
  "deployedAfter" : [ ],
  "hooks" : [ ]
}, {
  "majorSchemaVersion" : 3,
  "name" : "EAM-db-deployer",
  "type" : "com.sap.xs.hdi",
  "path" : "EAM-db-deployer",
  "properties" : {
    "EXIT" : 1
  },
  "parameters" : {
    "app-name" : "EAM-db-deployer",
    "buildpack" : "nodejs_buildpack",
    "default-app-name" : "EAM-db-deployer",
    "default-host" : "8894508ftrial-dev-eam-db-deployer",
    "default-instances" : 1,
    "default-live-app-name" : "EAM-db-deployer",
    "default-live-domain" : "cfapps.us10-001.hana.ondemand.com",
    "default-live-host" : "8894508ftrial-dev-eam-db-deployer",
    "default-live-uri" : "8894508ftrial-dev-eam-db-deployer.cfapps.us10-001.hana.ondemand.com",
    "default-live-url" : "https://8894508ftrial-dev-eam-db-deployer.cfapps.us10-001.hana.ondemand.com",
    "default-uri" : "8894508ftrial-dev-eam-db-deployer.cfapps.us10-001.hana.ondemand.com",
    "default-url" : "https://8894508ftrial-dev-eam-db-deployer.cfapps.us10-001.hana.ondemand.com",
    "dependency-type" : "hard",
    "domain" : "cfapps.us10-001.hana.ondemand.com",
    "generated-password" : "********",
    "generated-user" : "********",
    "host" : "8894508ftrial-dev-eam-db-deployer",
    "instances" : 1,
    "memory" : "256M",
    "no-route" : true,
    "no-start" : true,
    "protocol" : "https",
    "tasks" : [ {
      "command" : "npm start",
      "memory" : "256M",
      "name" : "deploy"
    } ]
  },
  "requiredDependencies" : [ {
    "majorSchemaVersion" : 3,
    "name" : "EAM-db",
    "properties" : { },
    "parameters" : { },
    "propertiesMetadata" : {
      "metadata" : { }
    },
    "parametersMetadata" : {
      "metadata" : { }
    }
  } ],
  "providedDependencies" : [ {
    "majorSchemaVersion" : 3,
    "name" : "EAM-db-deployer",
    "isPublic" : false,
    "properties" : { },
    "parameters" : { },
    "propertiesMetadata" : {
      "metadata" : { }
    },
    "parametersMetadata" : {
      "metadata" : { }
    }
  } ],
  "propertiesMetadata" : {
    "metadata" : { }
  },
  "parametersMetadata" : {
    "metadata" : { }
  },
  "deployedAfter" : [ ],
  "hooks" : [ ]
}, {
  "majorSchemaVersion" : 3,
  "name" : "EAM",
  "type" : "javascript.nodejs",
  "path" : "EAM",
  "properties" : { },
  "parameters" : {
    "app-name" : "EAM",
    "default-app-name" : "EAM",
    "default-host" : "8894508ftrial-dev-eam",
    "default-instances" : 1,
    "default-live-app-name" : "EAM",
    "default-live-domain" : "cfapps.us10-001.hana.ondemand.com",
    "default-live-host" : "8894508ftrial-dev-eam",
    "default-live-uri" : "8894508ftrial-dev-eam.cfapps.us10-001.hana.ondemand.com",
    "default-live-url" : "https://8894508ftrial-dev-eam.cfapps.us10-001.hana.ondemand.com",
    "default-uri" : "8894508ftrial-dev-eam.cfapps.us10-001.hana.ondemand.com",
    "default-url" : "https://8894508ftrial-dev-eam.cfapps.us10-001.hana.ondemand.com",
    "dependency-type" : "soft",
    "disk-quota" : "256M",
    "domain" : "cfapps.us10-001.hana.ondemand.com",
    "generated-password" : "********",
    "generated-user" : "********",
    "host" : "8894508ftrial-dev-eam",
    "instances" : 1,
    "keep-existing-routes" : true,
    "memory" : "256M",
    "protocol" : "https"
  },
  "requiredDependencies" : [ {
    "majorSchemaVersion" : 3,
    "name" : "srv-api",
    "group" : "destinations",
    "properties" : {
      "forwardAuthToken" : "********",
      "name" : "srv-api",
      "url" : "https://8894508ftrial-dev-eam-srv.cfapps.us10-001.hana.ondemand.com"
    },
    "parameters" : { },
    "propertiesMetadata" : {
      "metadata" : { }
    },
    "parametersMetadata" : {
      "metadata" : { }
    }
  }, {
    "majorSchemaVersion" : 3,
    "name" : "********",
    "properties" : { },
    "parameters" : { },
    "propertiesMetadata" : {
      "metadata" : { }
    },
    "parametersMetadata" : {
      "metadata" : { }
    }
  }, {
    "majorSchemaVersion" : 3,
    "name" : "EAM-destination",
    "properties" : { },
    "parameters" : { },
    "propertiesMetadata" : {
      "metadata" : { }
    },
    "parametersMetadata" : {
      "metadata" : { }
    }
  }, {
    "majorSchemaVersion" : 3,
    "name" : "EAM-html5-runtime",
    "properties" : { },
    "parameters" : { },
    "propertiesMetadata" : {
      "metadata" : { }
    },
    "parametersMetadata" : {
      "metadata" : { }
    }
  }, {
    "majorSchemaVersion" : 3,
    "name" : "EAM-logging",
    "properties" : { },
    "parameters" : { },
    "propertiesMetadata" : {
      "metadata" : { }
    },
    "parametersMetadata" : {
      "metadata" : { }
    }
  } ],
  "providedDependencies" : [ {
    "majorSchemaVersion" : 3,
    "name" : "app-api",
    "isPublic" : false,
    "properties" : {
      "app-protocol" : "https",
      "app-uri" : "8894508ftrial-dev-eam.cfapps.us10-001.hana.ondemand.com"
    },
    "parameters" : { },
    "propertiesMetadata" : {
      "metadata" : { }
    },
    "parametersMetadata" : {
      "metadata" : { }
    }
  }, {
    "majorSchemaVersion" : 3,
    "name" : "EAM",
    "isPublic" : false,
    "properties" : { },
    "parameters" : { },
    "propertiesMetadata" : {
      "metadata" : { }
    },
    "parametersMetadata" : {
      "metadata" : { }
    }
  } ],
  "propertiesMetadata" : {
    "metadata" : { }
  },
  "parametersMetadata" : {
    "metadata" : { }
  },
  "deployedAfter" : [ ],
  "hooks" : [ ]
}, {
  "majorSchemaVersion" : 3,
  "name" : "EAM-app-deployer",
  "type" : "com.sap.application.content",
  "path" : "EAM-app-deployer",
  "properties" : { },
  "parameters" : {
    "app-name" : "EAM-app-deployer",
    "default-app-name" : "EAM-app-deployer",
    "default-host" : "8894508ftrial-dev-eam-app-deployer",
    "default-instances" : 1,
    "default-live-app-name" : "EAM-app-deployer",
    "default-live-domain" : "cfapps.us10-001.hana.ondemand.com",
    "default-live-host" : "8894508ftrial-dev-eam-app-deployer",
    "default-live-uri" : "8894508ftrial-dev-eam-app-deployer.cfapps.us10-001.hana.ondemand.com",
    "default-live-url" : "https://8894508ftrial-dev-eam-app-deployer.cfapps.us10-001.hana.ondemand.com",
    "default-uri" : "8894508ftrial-dev-eam-app-deployer.cfapps.us10-001.hana.ondemand.com",
    "default-url" : "https://8894508ftrial-dev-eam-app-deployer.cfapps.us10-001.hana.ondemand.com",
    "dependency-type" : "soft",
    "domain" : "cfapps.us10-001.hana.ondemand.com",
    "generated-password" : "********",
    "generated-user" : "********",
    "host" : "8894508ftrial-dev-eam-app-deployer",
    "instances" : 1,
    "protocol" : "https"
  },
  "requiredDependencies" : [ {
    "majorSchemaVersion" : 3,
    "name" : "********",
    "properties" : { },
    "parameters" : { },
    "propertiesMetadata" : {
      "metadata" : { }
    },
    "parametersMetadata" : {
      "metadata" : { }
    }
  }, {
    "majorSchemaVersion" : 3,
    "name" : "srv-api",
    "properties" : { },
    "parameters" : { },
    "propertiesMetadata" : {
      "metadata" : { }
    },
    "parametersMetadata" : {
      "metadata" : { }
    }
  }, {
    "majorSchemaVersion" : 3,
    "name" : "EAM-html5-repo-host",
    "properties" : { },
    "parameters" : {
      "config" : {
        "HTML5Runtime_enabled" : true
      },
      "content-target" : true
    },
    "propertiesMetadata" : {
      "metadata" : { }
    },
    "parametersMetadata" : {
      "metadata" : { }
    }
  } ],
  "providedDependencies" : [ {
    "majorSchemaVersion" : 3,
    "name" : "EAM-app-deployer",
    "isPublic" : false,
    "properties" : { },
    "parameters" : { },
    "propertiesMetadata" : {
      "metadata" : { }
    },
    "parametersMetadata" : {
      "metadata" : { }
    }
  } ],
  "propertiesMetadata" : {
    "metadata" : { }
  },
  "parametersMetadata" : {
    "metadata" : { }
  },
  "deployedAfter" : [ ],
  "hooks" : [ ]
} ]#
#2026 10 06 12:36:52.059#Z#DEBUG#91ca7629-c182-11f1-ab57-eeee0a835edd.OPERATION#flowable-async-job-executor-thread-13305#
Step "Compute Next Modules To Deploy" finished#
#2026 10 06 12:36:52.176#Z#DEBUG#91ca7629-c182-11f1-ab57-eeee0a835edd.OPERATION#flowable-async-job-executor-thread-13305#
[ProcessDescriptorStep] Executing task "reprocessDescriptorTask" of process "9b54c99d-c182-11f1-ab57-eeee0a835edd"...#
#2026 10 06 12:36:52.177#Z#DEBUG#91ca7629-c182-11f1-ab57-eeee0a835edd.OPERATION#flowable-async-job-executor-thread-13305#
[ProcessDescriptorStep] Resolving properties and parameters in merged descriptor...#
#2026 10 06 12:36:52.180#Z#DEBUG#91ca7629-c182-11f1-ab57-eeee0a835edd.OPERATION#flowable-async-job-executor-thread-13305#
[ProcessDescriptorStep] Subscriptions: [ ]#
#2026 10 06 12:36:52.183#Z#DEBUG#91ca7629-c182-11f1-ab57-eeee0a835edd.OPERATION#flowable-async-job-executor-thread-13305#
[ProcessDescriptorStep] MTA modules: [EAM, EAM-db-deployer, EAM-srv, EAM-app-deployer]#
#2026 10 06 12:36:52.186#Z#DEBUG#91ca7629-c182-11f1-ab57-eeee0a835edd.OPERATION#flowable-async-job-executor-thread-13305#
[ProcessDescriptorStep] Resolved deployment descriptor: {
  "majorSchemaVersion" : 3,
  "schemaVersion" : "3.3.0",
  "id" : "EAM",
  "version" : "1.0.0",
  "modules" : [ {
    "majorSchemaVersion" : 3,
    "name" : "EAM-srv",
    "type" : "javascript.nodejs",
    "path" : "EAM-srv",
    "properties" : { },
    "parameters" : {
      "default-url" : "https://8894508ftrial-dev-eam-srv.cfapps.us10-001.hana.ondemand.com",
      "default-app-name" : "EAM-srv",
      "generated-password" : "********",
      "default-live-url" : "https://8894508ftrial-dev-eam-srv.cfapps.us10-001.hana.ondemand.com",
      "default-uri" : "8894508ftrial-dev-eam-srv.cfapps.us10-001.hana.ondemand.com",
      "default-instances" : 1,
      "default-live-host" : "8894508ftrial-dev-eam-srv",
      "instances" : 1,
      "buildpack" : "nodejs_buildpack",
      "default-host" : "8894508ftrial-dev-eam-srv",
      "app-name" : "EAM-srv",
      "default-live-uri" : "8894508ftrial-dev-eam-srv.cfapps.us10-001.hana.ondemand.com",
      "protocol" : "https",
      "default-live-app-name" : "EAM-srv",
      "default-live-domain" : "cfapps.us10-001.hana.ondemand.com",
      "domain" : "cfapps.us10-001.hana.ondemand.com",
      "host" : "8894508ftrial-dev-eam-srv",
      "generated-user" : "********"
    },
    "requiredDependencies" : [ {
      "majorSchemaVersion" : 3,
      "name" : "********",
      "properties" : { },
      "parameters" : { },
      "propertiesMetadata" : {
        "metadata" : { }
      },
      "parametersMetadata" : {
        "metadata" : { }
      }
    }, {
      "majorSchemaVersion" : 3,
      "name" : "EAM-db",
      "properties" : { },
      "parameters" : { },
      "propertiesMetadata" : {
        "metadata" : { }
      },
      "parametersMetadata" : {
        "metadata" : { }
      }
    }, {
      "majorSchemaVersion" : 3,
      "name" : "EAM-connectivity",
      "properties" : { },
      "parameters" : { },
      "propertiesMetadata" : {
        "metadata" : { }
      },
      "parametersMetadata" : {
        "metadata" : { }
      }
    }, {
      "majorSchemaVersion" : 3,
      "name" : "EAM-destination",
      "properties" : { },
      "parameters" : { },
      "propertiesMetadata" : {
        "metadata" : { }
      },
      "parametersMetadata" : {
        "metadata" : { }
      }
    }, {
      "majorSchemaVersion" : 3,
      "name" : "EAM-logging",
      "properties" : { },
      "parameters" : { },
      "propertiesMetadata" : {
        "metadata" : { }
      },
      "parametersMetadata" : {
        "metadata" : { }
      }
    } ],
    "providedDependencies" : [ {
      "majorSchemaVersion" : 3,
      "name" : "srv-api",
      "isPublic" : false,
      "properties" : {
        "srv-url" : "https://8894508ftrial-dev-eam-srv.cfapps.us10-001.hana.ondemand.com"
      },
      "parameters" : { },
      "propertiesMetadata" : {
        "metadata" : { }
      },
      "parametersMetadata" : {
        "metadata" : { }
      }
    }, {
      "majorSchemaVersion" : 3,
      "name" : "EAM-srv",
      "isPublic" : false,
      "properties" : { },
      "parameters" : { },
      "propertiesMetadata" : {
        "metadata" : { }
      },
      "parametersMetadata" : {
        "metadata" : { }
      }
    } ],
    "propertiesMetadata" : {
      "metadata" : { }
    },
    "parametersMetadata" : {
      "metadata" : { }
    },
    "hooks" : [ ]
  }, {
    "majorSchemaVersion" : 3,
    "name" : "EAM-db-deployer",
    "type" : "com.sap.xs.hdi",
    "path" : "EAM-db-deployer",
    "properties" : {
      "EXIT" : 1
    },
    "parameters" : {
      "default-url" : "https://8894508ftrial-dev-eam-db-deployer.cfapps.us10-001.hana.ondemand.com",
      "default-app-name" : "EAM-db-deployer",
      "generated-password" : "********",
      "default-live-url" : "https://8894508ftrial-dev-eam-db-deployer.cfapps.us10-001.hana.ondemand.com",
      "default-uri" : "8894508ftrial-dev-eam-db-deployer.cfapps.us10-001.hana.ondemand.com",
      "memory" : "256M",
      "default-instances" : 1,
      "no-route" : true,
      "default-live-host" : "8894508ftrial-dev-eam-db-deployer",
      "instances" : 1,
      "buildpack" : "nodejs_buildpack",
      "default-host" : "8894508ftrial-dev-eam-db-deployer",
      "app-name" : "EAM-db-deployer",
      "default-live-uri" : "8894508ftrial-dev-eam-db-deployer.cfapps.us10-001.hana.ondemand.com",
      "protocol" : "https",
      "default-live-app-name" : "EAM-db-deployer",
      "default-live-domain" : "cfapps.us10-001.hana.ondemand.com",
      "dependency-type" : "hard",
      "domain" : "cfapps.us10-001.hana.ondemand.com",
      "host" : "8894508ftrial-dev-eam-db-deployer",
      "generated-user" : "********",
      "tasks" : [ {
        "command" : "npm start",
        "memory" : "256M",
        "name" : "deploy"
      } ],
      "no-start" : true
    },
    "requiredDependencies" : [ {
      "majorSchemaVersion" : 3,
      "name" : "EAM-db",
      "properties" : { },
      "parameters" : { },
      "propertiesMetadata" : {
        "metadata" : { }
      },
      "parametersMetadata" : {
        "metadata" : { }
      }
    } ],
    "providedDependencies" : [ {
      "majorSchemaVersion" : 3,
      "name" : "EAM-db-deployer",
      "isPublic" : false,
      "properties" : { },
      "parameters" : { },
      "propertiesMetadata" : {
        "metadata" : { }
      },
      "parametersMetadata" : {
        "metadata" : { }
      }
    } ],
    "propertiesMetadata" : {
      "metadata" : { }
    },
    "parametersMetadata" : {
      "metadata" : { }
    },
    "hooks" : [ ]
  }, {
    "majorSchemaVersion" : 3,
    "name" : "EAM",
    "type" : "javascript.nodejs",
    "path" : "EAM",
    "properties" : { },
    "parameters" : {
      "default-url" : "https://8894508ftrial-dev-eam.cfapps.us10-001.hana.ondemand.com",
      "default-app-name" : "EAM",
      "generated-password" : "********",
      "default-live-url" : "https://8894508ftrial-dev-eam.cfapps.us10-001.hana.ondemand.com",
      "default-uri" : "8894508ftrial-dev-eam.cfapps.us10-001.hana.ondemand.com",
      "memory" : "256M",
      "default-instances" : 1,
      "default-live-host" : "8894508ftrial-dev-eam",
      "instances" : 1,
      "default-host" : "8894508ftrial-dev-eam",
      "keep-existing-routes" : true,
      "app-name" : "EAM",
      "default-live-uri" : "8894508ftrial-dev-eam.cfapps.us10-001.hana.ondemand.com",
      "protocol" : "https",
      "default-live-app-name" : "EAM",
      "default-live-domain" : "cfapps.us10-001.hana.ondemand.com",
      "disk-quota" : "256M",
      "domain" : "cfapps.us10-001.hana.ondemand.com",
      "host" : "8894508ftrial-dev-eam",
      "generated-user" : "********"
    },
    "requiredDependencies" : [ {
      "majorSchemaVersion" : 3,
      "name" : "srv-api",
      "group" : "destinations",
      "properties" : {
        "name" : "srv-api",
        "forwardAuthToken" : "********",
        "url" : "https://8894508ftrial-dev-eam-srv.cfapps.us10-001.hana.ondemand.com"
      },
      "parameters" : { },
      "propertiesMetadata" : {
        "metadata" : { }
      },
      "parametersMetadata" : {
        "metadata" : { }
      }
    }, {
      "majorSchemaVersion" : 3,
      "name" : "********",
      "properties" : { },
      "parameters" : { },
      "propertiesMetadata" : {
        "metadata" : { }
      },
      "parametersMetadata" : {
        "metadata" : { }
      }
    }, {
      "majorSchemaVersion" : 3,
      "name" : "EAM-destination",
      "properties" : { },
      "parameters" : { },
      "propertiesMetadata" : {
        "metadata" : { }
      },
      "parametersMetadata" : {
        "metadata" : { }
      }
    }, {
      "majorSchemaVersion" : 3,
      "name" : "EAM-html5-runtime",
      "properties" : { },
      "parameters" : { },
      "propertiesMetadata" : {
        "metadata" : { }
      },
      "parametersMetadata" : {
        "metadata" : { }
      }
    }, {
      "majorSchemaVersion" : 3,
      "name" : "EAM-logging",
      "properties" : { },
      "parameters" : { },
      "propertiesMetadata" : {
        "metadata" : { }
      },
      "parametersMetadata" : {
        "metadata" : { }
      }
    } ],
    "providedDependencies" : [ {
      "majorSchemaVersion" : 3,
      "name" : "app-api",
      "isPublic" : false,
      "properties" : {
        "app-protocol" : "https",
        "app-uri" : "8894508ftrial-dev-eam.cfapps.us10-001.hana.ondemand.com"
      },
      "parameters" : { },
      "propertiesMetadata" : {
        "metadata" : { }
      },
      "parametersMetadata" : {
        "metadata" : { }
      }
    }, {
      "majorSchemaVersion" : 3,
      "name" : "EAM",
      "isPublic" : false,
      "properties" : { },
      "parameters" : { },
      "propertiesMetadata" : {
        "metadata" : { }
      },
      "parametersMetadata" : {
        "metadata" : { }
      }
    } ],
    "propertiesMetadata" : {
      "metadata" : { }
    },
    "parametersMetadata" : {
      "metadata" : { }
    },
    "hooks" : [ ]
  }, {
    "majorSchemaVersion" : 3,
    "name" : "EAM-app-deployer",
    "type" : "com.sap.application.content",
    "path" : "EAM-app-deployer",
    "properties" : { },
    "parameters" : {
      "default-url" : "https://8894508ftrial-dev-eam-app-deployer.cfapps.us10-001.hana.ondemand.com",
      "default-app-name" : "EAM-app-deployer",
      "generated-password" : "********",
      "default-live-url" : "https://8894508ftrial-dev-eam-app-deployer.cfapps.us10-001.hana.ondemand.com",
      "default-uri" : "8894508ftrial-dev-eam-app-deployer.cfapps.us10-001.hana.ondemand.com",
      "default-instances" : 1,
      "default-live-host" : "8894508ftrial-dev-eam-app-deployer",
      "instances" : 1,
      "default-host" : "8894508ftrial-dev-eam-app-deployer",
      "app-name" : "EAM-app-deployer",
      "default-live-uri" : "8894508ftrial-dev-eam-app-deployer.cfapps.us10-001.hana.ondemand.com",
      "protocol" : "https",
      "default-live-app-name" : "EAM-app-deployer",
      "default-live-domain" : "cfapps.us10-001.hana.ondemand.com",
      "domain" : "cfapps.us10-001.hana.ondemand.com",
      "host" : "8894508ftrial-dev-eam-app-deployer",
      "generated-user" : "********"
    },
    "requiredDependencies" : [ {
      "majorSchemaVersion" : 3,
      "name" : "********",
      "properties" : { },
      "parameters" : { },
      "propertiesMetadata" : {
        "metadata" : { }
      },
      "parametersMetadata" : {
        "metadata" : { }
      }
    }, {
      "majorSchemaVersion" : 3,
      "name" : "srv-api",
      "properties" : { },
      "parameters" : { },
      "propertiesMetadata" : {
        "metadata" : { }
      },
      "parametersMetadata" : {
        "metadata" : { }
      }
    }, {
      "majorSchemaVersion" : 3,
      "name" : "EAM-html5-repo-host",
      "properties" : { },
      "parameters" : {
        "config" : {
          "HTML5Runtime_enabled" : true
        },
        "content-target" : true
      },
      "propertiesMetadata" : {
        "metadata" : { }
      },
      "parametersMetadata" : {
        "metadata" : { }
      }
    } ],
    "providedDependencies" : [ {
      "majorSchemaVersion" : 3,
      "name" : "EAM-app-deployer",
      "isPublic" : false,
      "properties" : { },
      "parameters" : { },
      "propertiesMetadata" : {
        "metadata" : { }
      },
      "parametersMetadata" : {
        "metadata" : { }
      }
    } ],
    "propertiesMetadata" : {
      "metadata" : { }
    },
    "parametersMetadata" : {
      "metadata" : { }
    },
    "hooks" : [ ]
  } ],
  "resources" : [ {
    "majorSchemaVersion" : 3,
    "name" : "********",
    "type" : "org.cloudfoundry.managed-service",
    "properties" : { },
    "parameters" : {
      "generated-password" : "********",
      "path" : "./xs-security.json",
      "service-name" : "********",
      "service-plan" : "application",
      "service" : "xsuaa",
      "generated-user" : "********",
      "default-xsappname" : "********",
      "type" : "managed-service",
      "config" : {
        "oauth2-configuration" : "********",
        "tenant-mode" : "dedicated",
        "xsappname" : "EAM-8894508ftrial-dev"
      },
      "default-service-name" : "********",
      "default-container-name" : "********"
    },
    "isActive" : true,
    "isOptional" : false,
    "propertiesMetadata" : {
      "metadata" : { }
    },
    "parametersMetadata" : {
      "metadata" : { }
    },
    "requiredDependencies" : [ {
      "majorSchemaVersion" : 3,
      "name" : "app-api",
      "properties" : { },
      "parameters" : { },
      "propertiesMetadata" : {
        "metadata" : { }
      },
      "parametersMetadata" : {
        "metadata" : { }
      }
    } ],
    "processedAfter" : [ ]
  }, {
    "majorSchemaVersion" : 3,
    "name" : "EAM-db",
    "type" : "com.sap.xs.hdi-container",
    "properties" : { },
    "parameters" : {
      "generated-password" : "********",
      "service-name" : "EAM-db",
      "service-plan" : "hdi-shared",
      "service" : "hana",
      "generated-user" : "********",
      "default-xsappname" : "EAM-db",
      "type" : "managed-service",
      "default-service-name" : "EAM-db",
      "default-container-name" : "8894508FTRIAL_DEV_EAM_DB"
    },
    "isActive" : true,
    "isOptional" : false,
    "propertiesMetadata" : {
      "metadata" : { }
    },
    "parametersMetadata" : {
      "metadata" : { }
    },
    "requiredDependencies" : [ ],
    "processedAfter" : [ ]
  }, {
    "majorSchemaVersion" : 3,
    "name" : "EAM-connectivity",
    "type" : "org.cloudfoundry.managed-service",
    "properties" : { },
    "parameters" : {
      "generated-password" : "********",
      "service-name" : "EAM-connectivity",
      "service-plan" : "lite",
      "service" : "connectivity",
      "generated-user" : "********",
      "default-xsappname" : "EAM-connectivity",
      "type" : "managed-service",
      "default-service-name" : "EAM-connectivity",
      "default-container-name" : "8894508FTRIAL_DEV_EAM_CONNECTIVITY"
    },
    "isActive" : true,
    "isOptional" : false,
    "propertiesMetadata" : {
      "metadata" : { }
    },
    "parametersMetadata" : {
      "metadata" : { }
    },
    "requiredDependencies" : [ ],
    "processedAfter" : [ ]
  }, {
    "majorSchemaVersion" : 3,
    "name" : "EAM-destination",
    "type" : "org.cloudfoundry.managed-service",
    "properties" : { },
    "parameters" : {
      "generated-password" : "********",
      "service-name" : "EAM-destination",
      "service-plan" : "lite",
      "service" : "destination",
      "generated-user" : "********",
      "default-xsappname" : "EAM-destination",
      "type" : "managed-service",
      "default-service-name" : "EAM-destination",
      "default-container-name" : "8894508FTRIAL_DEV_EAM_DESTINATION"
    },
    "isActive" : true,
    "isOptional" : false,
    "propertiesMetadata" : {
      "metadata" : { }
    },
    "parametersMetadata" : {
      "metadata" : { }
    },
    "requiredDependencies" : [ ],
    "processedAfter" : [ ]
  }, {
    "majorSchemaVersion" : 3,
    "name" : "EAM-html5-repo-host",
    "type" : "org.cloudfoundry.managed-service",
    "properties" : { },
    "parameters" : {
      "generated-password" : "********",
      "service-name" : "EAM-html5-repo-host",
      "service-plan" : "app-host",
      "service" : "html5-apps-repo",
      "generated-user" : "********",
      "default-xsappname" : "EAM-html5-repo-host",
      "type" : "managed-service",
      "default-service-name" : "EAM-html5-repo-host",
      "default-container-name" : "8894508FTRIAL_DEV_EAM_HTML5_REPO_HOST"
    },
    "isActive" : true,
    "isOptional" : false,
    "propertiesMetadata" : {
      "metadata" : { }
    },
    "parametersMetadata" : {
      "metadata" : { }
    },
    "requiredDependencies" : [ ],
    "processedAfter" : [ ]
  }, {
    "majorSchemaVersion" : 3,
    "name" : "EAM-html5-runtime",
    "type" : "org.cloudfoundry.managed-service",
    "properties" : { },
    "parameters" : {
      "generated-password" : "********",
      "service-name" : "EAM-html5-runtime",
      "service-plan" : "app-runtime",
      "service" : "html5-apps-repo",
      "generated-user" : "********",
      "default-xsappname" : "EAM-html5-runtime",
      "type" : "managed-service",
      "default-service-name" : "EAM-html5-runtime",
      "default-container-name" : "8894508FTRIAL_DEV_EAM_HTML5_RUNTIME"
    },
    "isActive" : true,
    "isOptional" : false,
    "propertiesMetadata" : {
      "metadata" : { }
    },
    "parametersMetadata" : {
      "metadata" : { }
    },
    "requiredDependencies" : [ ],
    "processedAfter" : [ ]
  }, {
    "majorSchemaVersion" : 3,
    "name" : "EAM-logging",
    "type" : "org.cloudfoundry.managed-service",
    "properties" : { },
    "parameters" : {
      "generated-password" : "********",
      "service-name" : "EAM-logging",
      "service-plan" : "lite",
      "service" : "application-logs",
      "generated-user" : "********",
      "default-xsappname" : "EAM-logging",
      "type" : "managed-service",
      "default-service-name" : "EAM-logging",
      "default-container-name" : "8894508FTRIAL_DEV_EAM_LOGGING"
    },
    "isActive" : true,
    "isOptional" : false,
    "propertiesMetadata" : {
      "metadata" : { }
    },
    "parametersMetadata" : {
      "metadata" : { }
    },
    "requiredDependencies" : [ ],
    "processedAfter" : [ ]
  } ],
  "parameters" : {
    "deploy_mode" : "html5-repo",
    "mta-id" : "EAM",
    "authorization-url" : "********",
    "org-guid" : "7c52c0bf-6234-4eda-bf16-6bca621c3f90",
    "org" : "8894508ftrial",
    "deploy-target" : "8894508ftrial dev",
    "enable-parallel-deployments" : true,
    "region-primary-domain" : "us10.hana.ondemand.com",
    "space" : "dev",
    "region-domain" : "us10-001.hana.ondemand.com",
    "xs-api-url" : "https://api.cf.us10-001.hana.ondemand.com",
    "deploy-url" : "deploy-service.cfapps.us10-001.hana.ondemand.com",
    "xs-type" : "CF",
    "default-domain" : "cfapps.us10-001.hana.ondemand.com",
    "mta-version" : "1.0.0",
    "xs-auth-url" : "********",
    "space-guid" : "a0f7d9f4-737c-456d-9bbf-cfb1f4c0ebd8",
    "user" : "********",
    "controller-url" : "https://api.cf.us10-001.hana.ondemand.com",
    "timestamp" : "20261006123636"
  },
  "parametersMetadata" : {
    "metadata" : { }
  }
}#
#2026 10 06 12:36:52.186#Z#DEBUG#91ca7629-c182-11f1-ab57-eeee0a835edd.OPERATION#flowable-async-job-executor-thread-13305#
[ProcessDescriptorStep] Merged descriptor properties and parameters resolved#
#2026 10 06 12:36:52.186#Z#DEBUG#91ca7629-c182-11f1-ab57-eeee0a835edd.OPERATION#flowable-async-job-executor-thread-13305#
Step "Re-Process Descriptor Step" finished#
#2026 10 06 12:36:52.205#Z#DEBUG#91ca7629-c182-11f1-ab57-eeee0a835edd.OPERATION#flowable-async-job-executor-thread-13305#
[BuildApplicationDeployModelStep] Executing task "buildApplicationDeployModelTask" of process "9b54c99d-c182-11f1-ab57-eeee0a835edd"...#
#2026 10 06 12:36:52.206#Z#DEBUG#91ca7629-c182-11f1-ab57-eeee0a835edd.OPERATION#flowable-async-job-executor-thread-13305#
[BuildApplicationDeployModelStep] Building cloud deployment model for application "EAM-srv"...#
#2026 10 06 12:36:52.209#Z#DEBUG#91ca7629-c182-11f1-ab57-eeee0a835edd.OPERATION#flowable-async-job-executor-thread-13305#
[BuildApplicationDeployModelStep] No health-check-type is specified. Setting default type: port#
#2026 10 06 12:36:52.210#Z#INFO#91ca7629-c182-11f1-ab57-eeee0a835edd.OPERATION#flowable-async-job-executor-thread-13305#
[BuildApplicationDeployModelStep] Building configuration entries for org 8894508ftrial, space dev, spaceId a0f7d9f4-737c-456d-9bbf-cfb1f4c0ebd8 and namespace null!#
#2026 10 06 12:36:52.210#Z#DEBUG#91ca7629-c182-11f1-ab57-eeee0a835edd.OPERATION#flowable-async-job-executor-thread-13305#
[BuildApplicationDeployModelStep] Configuration entries to publish: [ ]#
#2026 10 06 12:36:52.210#Z#DEBUG#91ca7629-c182-11f1-ab57-eeee0a835edd.OPERATION#flowable-async-job-executor-thread-13305#
[BuildApplicationDeployModelStep] Cloud deployment model for application built#
#2026 10 06 12:36:52.210#Z#DEBUG#91ca7629-c182-11f1-ab57-eeee0a835edd.OPERATION#flowable-async-job-executor-thread-13305#
Step "Build Application Deploy Model" finished#
#2026 10 06 12:36:52.232#Z#DEBUG#91ca7629-c182-11f1-ab57-eeee0a835edd.OPERATION#flowable-async-job-executor-thread-13305#
[CreateOrUpdateAppStep] Executing task "createAppTask" of process "9b54c99d-c182-11f1-ab57-eeee0a835edd"...#
#2026 10 06 12:36:52.234#Z#DEBUG#91ca7629-c182-11f1-ab57-eeee0a835edd.OPERATION#flowable-async-job-executor-thread-13305#
[CreateOrUpdateAppStep] Getting application "EAM-srv"...#
#2026 10 06 12:36:52.264#Z#INFO#91ca7629-c182-11f1-ab57-eeee0a835edd.OPERATION#flowable-async-job-executor-thread-13305#
[CreateOrUpdateAppStep] Updating application "EAM-srv"...#
#2026 10 06 12:36:52.268#Z#DEBUG#91ca7629-c182-11f1-ab57-eeee0a835edd.OPERATION#flowable-async-job-executor-thread-13305#
[CreateOrUpdateAppStep] Getting process for application "c585b5c4-a6da-4931-ac71-1a4919acace9"...#
#2026 10 06 12:36:52.293#Z#DEBUG#91ca7629-c182-11f1-ab57-eeee0a835edd.OPERATION#flowable-async-job-executor-thread-13305#
[CreateOrUpdateAppStep] Getting routes for application "c585b5c4-a6da-4931-ac71-1a4919acace9"...#
#2026 10 06 12:36:52.323#Z#DEBUG#91ca7629-c182-11f1-ab57-eeee0a835edd.OPERATION#flowable-async-job-executor-thread-13305#
[CreateOrUpdateAppStep] Getting features for application "c585b5c4-a6da-4931-ac71-1a4919acace9"#
#2026 10 06 12:36:52.344#Z#DEBUG#91ca7629-c182-11f1-ab57-eeee0a835edd.OPERATION#flowable-async-job-executor-thread-13305#
[CreateOrUpdateAppStep] Updating staging of application "EAM-srv" to: {
  "buildpacks" : [ "nodejs_buildpack" ],
  "healthCheckType" : "port",
  "appFeatures" : { }
}#
#2026 10 06 12:36:52.534#Z#DEBUG#91ca7629-c182-11f1-ab57-eeee0a835edd.OPERATION#flowable-async-job-executor-thread-13305#
[CreateOrUpdateAppStep] Application "EAM-srv" updated#
#2026 10 06 12:36:52.534#Z#DEBUG#91ca7629-c182-11f1-ab57-eeee0a835edd.OPERATION#flowable-async-job-executor-thread-13305#
[CreateOrUpdateAppStep] Getting environment of application "c585b5c4-a6da-4931-ac71-1a4919acace9"...#
#2026 10 06 12:36:52.603#Z#DEBUG#91ca7629-c182-11f1-ab57-eeee0a835edd.OPERATION#flowable-async-job-executor-thread-13305#
[CreateOrUpdateAppStep] Application "EAM-srv" updated#
#2026 10 06 12:36:52.603#Z#DEBUG#91ca7629-c182-11f1-ab57-eeee0a835edd.OPERATION#flowable-async-job-executor-thread-13305#
Step "Create App" finished#
#2026 10 06 12:36:52.699#Z#DEBUG#91ca7629-c182-11f1-ab57-eeee0a835edd.OPERATION#flowable-async-job-executor-thread-13304#
[CheckServiceBindingOperationStep] Executing task "checkForServiceBindingOperationInProgress" of process "9ba7a41d-c182-11f1-ab57-eeee0a835edd"...#
#2026 10 06 12:36:52.699#Z#DEBUG#91ca7629-c182-11f1-ab57-eeee0a835edd.OPERATION#flowable-async-job-executor-thread-13304#
[CheckServiceBindingOperationStep] Checking for service binding operation in progress between app "EAM-srv" and service instance "EAM-connectivity"#
#2026 10 06 12:36:52.699#Z#DEBUG#91ca7629-c182-11f1-ab57-eeee0a835edd.OPERATION#flowable-async-job-executor-thread-13304#
[CheckServiceBindingOperationStep] Getting application guid "EAM-srv"...#
#2026 10 06 12:36:52.731#Z#DEBUG#91ca7629-c182-11f1-ab57-eeee0a835edd.OPERATION#flowable-async-job-executor-thread-13304#
[CheckServiceBindingOperationStep] Getting GUID of required service instance "EAM-connectivity"...#
#2026 10 06 12:36:52.762#Z#DEBUG#91ca7629-c182-11f1-ab57-eeee0a835edd.OPERATION#flowable-async-job-executor-thread-13304#
[CheckServiceBindingOperationStep] Getting binding of service instance "a8cd4df1-bd4f-4e6b-b5b3-bb733e7c606f" with application "c585b5c4-a6da-4931-ac71-1a4919acace9"...#
#2026 10 06 12:36:52.791#Z#DEBUG#91ca7629-c182-11f1-ab57-eeee0a835edd.OPERATION#flowable-async-job-executor-thread-13304#
[CheckServiceBindingOperationStep] Service binding operation "998d7892-db0a-4abc-b117-aaac980ff0c6" with type "create" is in state "succeeded"#
#2026 10 06 12:36:52.791#Z#DEBUG#91ca7629-c182-11f1-ab57-eeee0a835edd.OPERATION#flowable-async-job-executor-thread-13304#
Step "Check For Service Binding Operation In Progress" finished#
#2026 10 06 12:36:52.814#Z#DEBUG#91ca7629-c182-11f1-ab57-eeee0a835edd.OPERATION#flowable-async-job-executor-thread-13304#
[DetermineApplicationServiceBindingActionsStep] Executing task "determineApplicationServiceBindingActionsTask" of process "9ba7a41d-c182-11f1-ab57-eeee0a835edd"...#
#2026 10 06 12:36:52.815#Z#DEBUG#91ca7629-c182-11f1-ab57-eeee0a835edd.OPERATION#flowable-async-job-executor-thread-13304#
[DetermineApplicationServiceBindingActionsStep] Determine bind/unbind operations of application "EAM-srv" to service instance "EAM-connectivity"#
#2026 10 06 12:36:52.815#Z#DEBUG#91ca7629-c182-11f1-ab57-eeee0a835edd.OPERATION#flowable-async-job-executor-thread-13304#
[DetermineApplicationServiceBindingActionsStep] Getting application "EAM-srv"...#
#2026 10 06 12:36:52.851#Z#DEBUG#91ca7629-c182-11f1-ab57-eeee0a835edd.OPERATION#flowable-async-job-executor-thread-13304#
[DetermineApplicationServiceBindingActionsStep] Binding parameters for application "EAM-srv": { }#
#2026 10 06 12:36:52.889#Z#DEBUG#91ca7629-c182-11f1-ab57-eeee0a835edd.OPERATION#flowable-async-job-executor-thread-13304#
[DetermineApplicationServiceBindingActionsStep] Check should rebind application "EAM-srv" and service instance "EAM-connectivity"#
#2026 10 06 12:36:52.889#Z#DEBUG#91ca7629-c182-11f1-ab57-eeee0a835edd.OPERATION#flowable-async-job-executor-thread-13304#
[DetermineApplicationServiceBindingActionsStep] Getting GUID of required service instance "EAM-connectivity"...#
#2026 10 06 12:36:52.917#Z#DEBUG#91ca7629-c182-11f1-ab57-eeee0a835edd.OPERATION#flowable-async-job-executor-thread-13304#
[DetermineApplicationServiceBindingActionsStep] Getting binding of service instance "a8cd4df1-bd4f-4e6b-b5b3-bb733e7c606f" with application "c585b5c4-a6da-4931-ac71-1a4919acace9"...#
#2026 10 06 12:36:52.953#Z#DEBUG#91ca7629-c182-11f1-ab57-eeee0a835edd.OPERATION#flowable-async-job-executor-thread-13304#
[DetermineApplicationServiceBindingActionsStep] Getting parameters of service binding "998d7892-db0a-4abc-b117-aaac980ff0c6"...#
#2026 10 06 12:36:52.981#Z#WARN#91ca7629-c182-11f1-ab57-eeee0a835edd.OPERATION#flowable-async-job-executor-thread-13304#
[DetermineApplicationServiceBindingActionsStep] Cannot retrieve parameters of binding between application "EAM-srv" and service instance "EAM-connectivity"#
#2026 10 06 12:36:52.981#Z#DEBUG#91ca7629-c182-11f1-ab57-eeee0a835edd.OPERATION#flowable-async-job-executor-thread-13304#
[DetermineApplicationServiceBindingActionsStep] Calculated binding operations between application "EAM-srv" and service instance "EAM-connectivity": unbind - true bind - true#
#2026 10 06 12:36:52.981#Z#DEBUG#91ca7629-c182-11f1-ab57-eeee0a835edd.OPERATION#flowable-async-job-executor-thread-13304#
Step "Determine Application Service Binding Actions" finished#
#2026 10 06 12:36:53.006#Z#DEBUG#91ca7629-c182-11f1-ab57-eeee0a835edd.OPERATION#flowable-async-job-executor-thread-13304#
[UnbindServiceFromApplicationStep] Executing task "unbindServiceFromApplicationTask" of process "9ba7a41d-c182-11f1-ab57-eeee0a835edd"...#
#2026 10 06 12:36:53.007#Z#INFO#91ca7629-c182-11f1-ab57-eeee0a835edd.OPERATION#flowable-async-job-executor-thread-13304#
[UnbindServiceFromApplicationStep] Unbinding service instance "EAM-connectivity" from application "EAM-srv"...#
#2026 10 06 12:36:53.010#Z#DEBUG#91ca7629-c182-11f1-ab57-eeee0a835edd.OPERATION#flowable-async-job-executor-thread-13304#
[UnbindServiceFromApplicationStep] Unbinding application "EAM-srv" from service instance "EAM-connectivity"...#
#2026 10 06 12:36:53.137#Z#DEBUG#91ca7629-c182-11f1-ab57-eeee0a835edd.OPERATION#flowable-async-job-executor-thread-13304#
Step "Unbind Service from Application" finished#
#2026 10 06 12:36:54.785#Z#DEBUG#91ca7629-c182-11f1-ab57-eeee0a835edd.OPERATION#flowable-async-job-executor-thread-13304#
[ProcessDescriptorStep] Executing task "reprocessDescriptorTask" of process "9cdfae83-c182-11f1-ab57-eeee0a835edd"...#
#2026 10 06 12:36:54.785#Z#DEBUG#91ca7629-c182-11f1-ab57-eeee0a835edd.OPERATION#flowable-async-job-executor-thread-13304#
[ProcessDescriptorStep] Resolving properties and parameters in merged descriptor...#
#2026 10 06 12:36:54.789#Z#DEBUG#91ca7629-c182-11f1-ab57-eeee0a835edd.OPERATION#flowable-async-job-executor-thread-13304#
[ProcessDescriptorStep] Subscriptions: [ ]#
#2026 10 06 12:36:54.793#Z#DEBUG#91ca7629-c182-11f1-ab57-eeee0a835edd.OPERATION#flowable-async-job-executor-thread-13304#
[ProcessDescriptorStep] MTA modules: [EAM, EAM-db-deployer, EAM-srv, EAM-app-deployer]#
#2026 10 06 12:36:54.796#Z#DEBUG#91ca7629-c182-11f1-ab57-eeee0a835edd.OPERATION#flowable-async-job-executor-thread-13304#
[ProcessDescriptorStep] Resolved deployment descriptor: {
  "majorSchemaVersion" : 3,
  "schemaVersion" : "3.3.0",
  "id" : "EAM",
  "version" : "1.0.0",
  "modules" : [ {
    "majorSchemaVersion" : 3,
    "name" : "EAM-srv",
    "type" : "javascript.nodejs",
    "path" : "EAM-srv",
    "properties" : { },
    "parameters" : {
      "default-url" : "https://8894508ftrial-dev-eam-srv.cfapps.us10-001.hana.ondemand.com",
      "default-app-name" : "EAM-srv",
      "generated-password" : "********",
      "default-live-url" : "https://8894508ftrial-dev-eam-srv.cfapps.us10-001.hana.ondemand.com",
      "default-uri" : "8894508ftrial-dev-eam-srv.cfapps.us10-001.hana.ondemand.com",
      "default-instances" : 1,
      "default-live-host" : "8894508ftrial-dev-eam-srv",
      "instances" : 1,
      "buildpack" : "nodejs_buildpack",
      "default-host" : "8894508ftrial-dev-eam-srv",
      "app-name" : "EAM-srv",
      "default-live-uri" : "8894508ftrial-dev-eam-srv.cfapps.us10-001.hana.ondemand.com",
      "protocol" : "https",
      "default-live-app-name" : "EAM-srv",
      "default-live-domain" : "cfapps.us10-001.hana.ondemand.com",
      "domain" : "cfapps.us10-001.hana.ondemand.com",
      "host" : "8894508ftrial-dev-eam-srv",
      "generated-user" : "********"
    },
    "requiredDependencies" : [ {
      "majorSchemaVersion" : 3,
      "name" : "********",
      "properties" : { },
      "parameters" : { },
      "propertiesMetadata" : {
        "metadata" : { }
      },
      "parametersMetadata" : {
        "metadata" : { }
      }
    }, {
      "majorSchemaVersion" : 3,
      "name" : "EAM-db",
      "properties" : { },
      "parameters" : { },
      "propertiesMetadata" : {
        "metadata" : { }
      },
      "parametersMetadata" : {
        "metadata" : { }
      }
    }, {
      "majorSchemaVersion" : 3,
      "name" : "EAM-connectivity",
      "properties" : { },
      "parameters" : { },
      "propertiesMetadata" : {
        "metadata" : { }
      },
      "parametersMetadata" : {
        "metadata" : { }
      }
    }, {
      "majorSchemaVersion" : 3,
      "name" : "EAM-destination",
      "properties" : { },
      "parameters" : { },
      "propertiesMetadata" : {
        "metadata" : { }
      },
      "parametersMetadata" : {
        "metadata" : { }
      }
    }, {
      "majorSchemaVersion" : 3,
      "name" : "EAM-logging",
      "properties" : { },
      "parameters" : { },
      "propertiesMetadata" : {
        "metadata" : { }
      },
      "parametersMetadata" : {
        "metadata" : { }
      }
    } ],
    "providedDependencies" : [ {
      "majorSchemaVersion" : 3,
      "name" : "srv-api",
      "isPublic" : false,
      "properties" : {
        "srv-url" : "https://8894508ftrial-dev-eam-srv.cfapps.us10-001.hana.ondemand.com"
      },
      "parameters" : { },
      "propertiesMetadata" : {
        "metadata" : { }
      },
      "parametersMetadata" : {
        "metadata" : { }
      }
    }, {
      "majorSchemaVersion" : 3,
      "name" : "EAM-srv",
      "isPublic" : false,
      "properties" : { },
      "parameters" : { },
      "propertiesMetadata" : {
        "metadata" : { }
      },
      "parametersMetadata" : {
        "metadata" : { }
      }
    } ],
    "propertiesMetadata" : {
      "metadata" : { }
    },
    "parametersMetadata" : {
      "metadata" : { }
    },
    "hooks" : [ ]
  }, {
    "majorSchemaVersion" : 3,
    "name" : "EAM-db-deployer",
    "type" : "com.sap.xs.hdi",
    "path" : "EAM-db-deployer",
    "properties" : {
      "EXIT" : 1
    },
    "parameters" : {
      "default-url" : "https://8894508ftrial-dev-eam-db-deployer.cfapps.us10-001.hana.ondemand.com",
      "default-app-name" : "EAM-db-deployer",
      "generated-password" : "********",
      "default-live-url" : "https://8894508ftrial-dev-eam-db-deployer.cfapps.us10-001.hana.ondemand.com",
      "default-uri" : "8894508ftrial-dev-eam-db-deployer.cfapps.us10-001.hana.ondemand.com",
      "memory" : "256M",
      "default-instances" : 1,
      "no-route" : true,
      "default-live-host" : "8894508ftrial-dev-eam-db-deployer",
      "instances" : 1,
      "buildpack" : "nodejs_buildpack",
      "default-host" : "8894508ftrial-dev-eam-db-deployer",
      "app-name" : "EAM-db-deployer",
      "default-live-uri" : "8894508ftrial-dev-eam-db-deployer.cfapps.us10-001.hana.ondemand.com",
      "protocol" : "https",
      "default-live-app-name" : "EAM-db-deployer",
      "default-live-domain" : "cfapps.us10-001.hana.ondemand.com",
      "dependency-type" : "hard",
      "domain" : "cfapps.us10-001.hana.ondemand.com",
      "host" : "8894508ftrial-dev-eam-db-deployer",
      "generated-user" : "********",
      "tasks" : [ {
        "command" : "npm start",
        "memory" : "256M",
        "name" : "deploy"
      } ],
      "no-start" : true
    },
    "requiredDependencies" : [ {
      "majorSchemaVersion" : 3,
      "name" : "EAM-db",
      "properties" : { },
      "parameters" : { },
      "propertiesMetadata" : {
        "metadata" : { }
      },
      "parametersMetadata" : {
        "metadata" : { }
      }
    } ],
    "providedDependencies" : [ {
      "majorSchemaVersion" : 3,
      "name" : "EAM-db-deployer",
      "isPublic" : false,
      "properties" : { },
      "parameters" : { },
      "propertiesMetadata" : {
        "metadata" : { }
      },
      "parametersMetadata" : {
        "metadata" : { }
      }
    } ],
    "propertiesMetadata" : {
      "metadata" : { }
    },
    "parametersMetadata" : {
      "metadata" : { }
    },
    "hooks" : [ ]
  }, {
    "majorSchemaVersion" : 3,
    "name" : "EAM",
    "type" : "javascript.nodejs",
    "path" : "EAM",
    "properties" : { },
    "parameters" : {
      "default-url" : "https://8894508ftrial-dev-eam.cfapps.us10-001.hana.ondemand.com",
      "default-app-name" : "EAM",
      "generated-password" : "********",
      "default-live-url" : "https://8894508ftrial-dev-eam.cfapps.us10-001.hana.ondemand.com",
      "default-uri" : "8894508ftrial-dev-eam.cfapps.us10-001.hana.ondemand.com",
      "memory" : "256M",
      "default-instances" : 1,
      "default-live-host" : "8894508ftrial-dev-eam",
      "instances" : 1,
      "default-host" : "8894508ftrial-dev-eam",
      "keep-existing-routes" : true,
      "app-name" : "EAM",
      "default-live-uri" : "8894508ftrial-dev-eam.cfapps.us10-001.hana.ondemand.com",
      "protocol" : "https",
      "default-live-app-name" : "EAM",
      "default-live-domain" : "cfapps.us10-001.hana.ondemand.com",
      "disk-quota" : "256M",
      "domain" : "cfapps.us10-001.hana.ondemand.com",
      "host" : "8894508ftrial-dev-eam",
      "generated-user" : "********"
    },
    "requiredDependencies" : [ {
      "majorSchemaVersion" : 3,
      "name" : "srv-api",
      "group" : "destinations",
      "properties" : {
        "name" : "srv-api",
        "forwardAuthToken" : "********",
        "url" : "https://8894508ftrial-dev-eam-srv.cfapps.us10-001.hana.ondemand.com"
      },
      "parameters" : { },
      "propertiesMetadata" : {
        "metadata" : { }
      },
      "parametersMetadata" : {
        "metadata" : { }
      }
    }, {
      "majorSchemaVersion" : 3,
      "name" : "********",
      "properties" : { },
      "parameters" : { },
      "propertiesMetadata" : {
        "metadata" : { }
      },
      "parametersMetadata" : {
        "metadata" : { }
      }
    }, {
      "majorSchemaVersion" : 3,
      "name" : "EAM-destination",
      "properties" : { },
      "parameters" : { },
      "propertiesMetadata" : {
        "metadata" : { }
      },
      "parametersMetadata" : {
        "metadata" : { }
      }
    }, {
      "majorSchemaVersion" : 3,
      "name" : "EAM-html5-runtime",
      "properties" : { },
      "parameters" : { },
      "propertiesMetadata" : {
        "metadata" : { }
      },
      "parametersMetadata" : {
        "metadata" : { }
      }
    }, {
      "majorSchemaVersion" : 3,
      "name" : "EAM-logging",
      "properties" : { },
      "parameters" : { },
      "propertiesMetadata" : {
        "metadata" : { }
      },
      "parametersMetadata" : {
        "metadata" : { }
      }
    } ],
    "providedDependencies" : [ {
      "majorSchemaVersion" : 3,
      "name" : "app-api",
      "isPublic" : false,
      "properties" : {
        "app-protocol" : "https",
        "app-uri" : "8894508ftrial-dev-eam.cfapps.us10-001.hana.ondemand.com"
      },
      "parameters" : { },
      "propertiesMetadata" : {
        "metadata" : { }
      },
      "parametersMetadata" : {
        "metadata" : { }
      }
    }, {
      "majorSchemaVersion" : 3,
      "name" : "EAM",
      "isPublic" : false,
      "properties" : { },
      "parameters" : { },
      "propertiesMetadata" : {
        "metadata" : { }
      },
      "parametersMetadata" : {
        "metadata" : { }
      }
    } ],
    "propertiesMetadata" : {
      "metadata" : { }
    },
    "parametersMetadata" : {
      "metadata" : { }
    },
    "hooks" : [ ]
  }, {
    "majorSchemaVersion" : 3,
    "name" : "EAM-app-deployer",
    "type" : "com.sap.application.content",
    "path" : "EAM-app-deployer",
    "properties" : { },
    "parameters" : {
      "default-url" : "https://8894508ftrial-dev-eam-app-deployer.cfapps.us10-001.hana.ondemand.com",
      "default-app-name" : "EAM-app-deployer",
      "generated-password" : "********",
      "default-live-url" : "https://8894508ftrial-dev-eam-app-deployer.cfapps.us10-001.hana.ondemand.com",
      "default-uri" : "8894508ftrial-dev-eam-app-deployer.cfapps.us10-001.hana.ondemand.com",
      "default-instances" : 1,
      "default-live-host" : "8894508ftrial-dev-eam-app-deployer",
      "instances" : 1,
      "default-host" : "8894508ftrial-dev-eam-app-deployer",
      "app-name" : "EAM-app-deployer",
      "default-live-uri" : "8894508ftrial-dev-eam-app-deployer.cfapps.us10-001.hana.ondemand.com",
      "protocol" : "https",
      "default-live-app-name" : "EAM-app-deployer",
      "default-live-domain" : "cfapps.us10-001.hana.ondemand.com",
      "domain" : "cfapps.us10-001.hana.ondemand.com",
      "host" : "8894508ftrial-dev-eam-app-deployer",
      "generated-user" : "********"
    },
    "requiredDependencies" : [ {
      "majorSchemaVersion" : 3,
      "name" : "********",
      "properties" : { },
      "parameters" : { },
      "propertiesMetadata" : {
        "metadata" : { }
      },
      "parametersMetadata" : {
        "metadata" : { }
      }
    }, {
      "majorSchemaVersion" : 3,
      "name" : "srv-api",
      "properties" : { },
      "parameters" : { },
      "propertiesMetadata" : {
        "metadata" : { }
      },
      "parametersMetadata" : {
        "metadata" : { }
      }
    }, {
      "majorSchemaVersion" : 3,
      "name" : "EAM-html5-repo-host",
      "properties" : { },
      "parameters" : {
        "config" : {
          "HTML5Runtime_enabled" : true
        },
        "content-target" : true
      },
      "propertiesMetadata" : {
        "metadata" : { }
      },
      "parametersMetadata" : {
        "metadata" : { }
      }
    } ],
    "providedDependencies" : [ {
      "majorSchemaVersion" : 3,
      "name" : "EAM-app-deployer",
      "isPublic" : false,
      "properties" : { },
      "parameters" : { },
      "propertiesMetadata" : {
        "metadata" : { }
      },
      "parametersMetadata" : {
        "metadata" : { }
      }
    } ],
    "propertiesMetadata" : {
      "metadata" : { }
    },
    "parametersMetadata" : {
      "metadata" : { }
    },
    "hooks" : [ ]
  } ],
  "resources" : [ {
    "majorSchemaVersion" : 3,
    "name" : "********",
    "type" : "org.cloudfoundry.managed-service",
    "properties" : { },
    "parameters" : {
      "generated-password" : "********",
      "path" : "./xs-security.json",
      "service-name" : "********",
      "service-plan" : "application",
      "service" : "xsuaa",
      "generated-user" : "********",
      "default-xsappname" : "********",
      "type" : "managed-service",
      "config" : {
        "oauth2-configuration" : "********",
        "tenant-mode" : "dedicated",
        "xsappname" : "EAM-8894508ftrial-dev"
      },
      "default-service-name" : "********",
      "default-container-name" : "********"
    },
    "isActive" : true,
    "isOptional" : false,
    "propertiesMetadata" : {
      "metadata" : { }
    },
    "parametersMetadata" : {
      "metadata" : { }
    },
    "requiredDependencies" : [ {
      "majorSchemaVersion" : 3,
      "name" : "app-api",
      "properties" : { },
      "parameters" : { },
      "propertiesMetadata" : {
        "metadata" : { }
      },
      "parametersMetadata" : {
        "metadata" : { }
      }
    } ],
    "processedAfter" : [ ]
  }, {
    "majorSchemaVersion" : 3,
    "name" : "EAM-db",
    "type" : "com.sap.xs.hdi-container",
    "properties" : { },
    "parameters" : {
      "generated-password" : "********",
      "service-name" : "EAM-db",
      "service-plan" : "hdi-shared",
      "service" : "hana",
      "generated-user" : "********",
      "default-xsappname" : "EAM-db",
      "type" : "managed-service",
      "default-service-name" : "EAM-db",
      "default-container-name" : "8894508FTRIAL_DEV_EAM_DB"
    },
    "isActive" : true,
    "isOptional" : false,
    "propertiesMetadata" : {
      "metadata" : { }
    },
    "parametersMetadata" : {
      "metadata" : { }
    },
    "requiredDependencies" : [ ],
    "processedAfter" : [ ]
  }, {
    "majorSchemaVersion" : 3,
    "name" : "EAM-connectivity",
    "type" : "org.cloudfoundry.managed-service",
    "properties" : { },
    "parameters" : {
      "generated-password" : "********",
      "service-name" : "EAM-connectivity",
      "service-plan" : "lite",
      "service" : "connectivity",
      "generated-user" : "********",
      "default-xsappname" : "EAM-connectivity",
      "type" : "managed-service",
      "default-service-name" : "EAM-connectivity",
      "default-container-name" : "8894508FTRIAL_DEV_EAM_CONNECTIVITY"
    },
    "isActive" : true,
    "isOptional" : false,
    "propertiesMetadata" : {
      "metadata" : { }
    },
    "parametersMetadata" : {
      "metadata" : { }
    },
    "requiredDependencies" : [ ],
    "processedAfter" : [ ]
  }, {
    "majorSchemaVersion" : 3,
    "name" : "EAM-destination",
    "type" : "org.cloudfoundry.managed-service",
    "properties" : { },
    "parameters" : {
      "generated-password" : "********",
      "service-name" : "EAM-destination",
      "service-plan" : "lite",
      "service" : "destination",
      "generated-user" : "********",
      "default-xsappname" : "EAM-destination",
      "type" : "managed-service",
      "default-service-name" : "EAM-destination",
      "default-container-name" : "8894508FTRIAL_DEV_EAM_DESTINATION"
    },
    "isActive" : true,
    "isOptional" : false,
    "propertiesMetadata" : {
      "metadata" : { }
    },
    "parametersMetadata" : {
      "metadata" : { }
    },
    "requiredDependencies" : [ ],
    "processedAfter" : [ ]
  }, {
    "majorSchemaVersion" : 3,
    "name" : "EAM-html5-repo-host",
    "type" : "org.cloudfoundry.managed-service",
    "properties" : { },
    "parameters" : {
      "generated-password" : "********",
      "service-name" : "EAM-html5-repo-host",
      "service-plan" : "app-host",
      "service" : "html5-apps-repo",
      "generated-user" : "********",
      "default-xsappname" : "EAM-html5-repo-host",
      "type" : "managed-service",
      "default-service-name" : "EAM-html5-repo-host",
      "default-container-name" : "8894508FTRIAL_DEV_EAM_HTML5_REPO_HOST"
    },
    "isActive" : true,
    "isOptional" : false,
    "propertiesMetadata" : {
      "metadata" : { }
    },
    "parametersMetadata" : {
      "metadata" : { }
    },
    "requiredDependencies" : [ ],
    "processedAfter" : [ ]
  }, {
    "majorSchemaVersion" : 3,
    "name" : "EAM-html5-runtime",
    "type" : "org.cloudfoundry.managed-service",
    "properties" : { },
    "parameters" : {
      "generated-password" : "********",
      "service-name" : "EAM-html5-runtime",
      "service-plan" : "app-runtime",
      "service" : "html5-apps-repo",
      "generated-user" : "********",
      "default-xsappname" : "EAM-html5-runtime",
      "type" : "managed-service",
      "default-service-name" : "EAM-html5-runtime",
      "default-container-name" : "8894508FTRIAL_DEV_EAM_HTML5_RUNTIME"
    },
    "isActive" : true,
    "isOptional" : false,
    "propertiesMetadata" : {
      "metadata" : { }
    },
    "parametersMetadata" : {
      "metadata" : { }
    },
    "requiredDependencies" : [ ],
    "processedAfter" : [ ]
  }, {
    "majorSchemaVersion" : 3,
    "name" : "EAM-logging",
    "type" : "org.cloudfoundry.managed-service",
    "properties" : { },
    "parameters" : {
      "generated-password" : "********",
      "service-name" : "EAM-logging",
      "service-plan" : "lite",
      "service" : "application-logs",
      "generated-user" : "********",
      "default-xsappname" : "EAM-logging",
      "type" : "managed-service",
      "default-service-name" : "EAM-logging",
      "default-container-name" : "8894508FTRIAL_DEV_EAM_LOGGING"
    },
    "isActive" : true,
    "isOptional" : false,
    "propertiesMetadata" : {
      "metadata" : { }
    },
    "parametersMetadata" : {
      "metadata" : { }
    },
    "requiredDependencies" : [ ],
    "processedAfter" : [ ]
  } ],
  "parameters" : {
    "deploy_mode" : "html5-repo",
    "mta-id" : "EAM",
    "authorization-url" : "********",
    "org-guid" : "7c52c0bf-6234-4eda-bf16-6bca621c3f90",
    "org" : "8894508ftrial",
    "deploy-target" : "8894508ftrial dev",
    "enable-parallel-deployments" : true,
    "region-primary-domain" : "us10.hana.ondemand.com",
    "space" : "dev",
    "region-domain" : "us10-001.hana.ondemand.com",
    "xs-api-url" : "https://api.cf.us10-001.hana.ondemand.com",
    "deploy-url" : "deploy-service.cfapps.us10-001.hana.ondemand.com",
    "xs-type" : "CF",
    "default-domain" : "cfapps.us10-001.hana.ondemand.com",
    "mta-version" : "1.0.0",
    "xs-auth-url" : "********",
    "space-guid" : "a0f7d9f4-737c-456d-9bbf-cfb1f4c0ebd8",
    "user" : "********",
    "controller-url" : "https://api.cf.us10-001.hana.ondemand.com",
    "timestamp" : "20261006123636"
  },
  "parametersMetadata" : {
    "metadata" : { }
  }
}#
#2026 10 06 12:36:54.796#Z#DEBUG#91ca7629-c182-11f1-ab57-eeee0a835edd.OPERATION#flowable-async-job-executor-thread-13304#
[ProcessDescriptorStep] Merged descriptor properties and parameters resolved#
#2026 10 06 12:36:54.796#Z#DEBUG#91ca7629-c182-11f1-ab57-eeee0a835edd.OPERATION#flowable-async-job-executor-thread-13304#
Step "Re-Process Descriptor Step" finished#
#2026 10 06 12:36:54.826#Z#DEBUG#91ca7629-c182-11f1-ab57-eeee0a835edd.OPERATION#flowable-async-job-executor-thread-13304#
[BuildApplicationDeployModelStep] Executing task "buildApplicationDeployModelTask" of process "9cdfae83-c182-11f1-ab57-eeee0a835edd"...#
#2026 10 06 12:36:54.828#Z#DEBUG#91ca7629-c182-11f1-ab57-eeee0a835edd.OPERATION#flowable-async-job-executor-thread-13304#
[BuildApplicationDeployModelStep] Building cloud deployment model for application "EAM-db-deployer"...#
#2026 10 06 12:36:54.832#Z#DEBUG#91ca7629-c182-11f1-ab57-eeee0a835edd.OPERATION#flowable-async-job-executor-thread-13304#
[BuildApplicationDeployModelStep] No health-check-type is specified. Setting default type: port#
#2026 10 06 12:36:54.832#Z#INFO#91ca7629-c182-11f1-ab57-eeee0a835edd.OPERATION#flowable-async-job-executor-thread-13304#
[BuildApplicationDeployModelStep] Building configuration entries for org 8894508ftrial, space dev, spaceId a0f7d9f4-737c-456d-9bbf-cfb1f4c0ebd8 and namespace null!#
#2026 10 06 12:36:54.833#Z#DEBUG#91ca7629-c182-11f1-ab57-eeee0a835edd.OPERATION#flowable-async-job-executor-thread-13304#
[BuildApplicationDeployModelStep] Configuration entries to publish: [ ]#
#2026 10 06 12:36:54.833#Z#DEBUG#91ca7629-c182-11f1-ab57-eeee0a835edd.OPERATION#flowable-async-job-executor-thread-13304#
[BuildApplicationDeployModelStep] Cloud deployment model for application built#
#2026 10 06 12:36:54.833#Z#DEBUG#91ca7629-c182-11f1-ab57-eeee0a835edd.OPERATION#flowable-async-job-executor-thread-13304#
Step "Build Application Deploy Model" finished#
#2026 10 06 12:36:54.740#Z#DEBUG#91ca7629-c182-11f1-ab57-eeee0a835edd.OPERATION#flowable-async-job-executor-thread-13305#
[CheckServiceBindingOperationStep] Executing task "checkForServiceBindingOperationInProgress" of process "9cddd97d-c182-11f1-ab57-eeee0a835edd"...#
#2026 10 06 12:36:54.740#Z#DEBUG#91ca7629-c182-11f1-ab57-eeee0a835edd.OPERATION#flowable-async-job-executor-thread-13305#
[CheckServiceBindingOperationStep] Checking for service binding operation in progress between app "EAM-srv" and service instance "EAM-auth"#
#2026 10 06 12:36:54.740#Z#DEBUG#91ca7629-c182-11f1-ab57-eeee0a835edd.OPERATION#flowable-async-job-executor-thread-13305#
[CheckServiceBindingOperationStep] Getting application guid "EAM-srv"...#
#2026 10 06 12:36:54.789#Z#DEBUG#91ca7629-c182-11f1-ab57-eeee0a835edd.OPERATION#flowable-async-job-executor-thread-13305#
[CheckServiceBindingOperationStep] Getting GUID of required service instance "EAM-auth"...#
#2026 10 06 12:36:54.796#Z#DEBUG#91ca7629-c182-11f1-ab57-eeee0a835edd.OPERATION#flowable-async-job-executor-thread-13306#
[CheckServiceBindingOperationStep] Executing task "checkForServiceBindingOperationInProgress" of process "9ce79dee-c182-11f1-ab57-eeee0a835edd"...#
#2026 10 06 12:36:54.796#Z#DEBUG#91ca7629-c182-11f1-ab57-eeee0a835edd.OPERATION#flowable-async-job-executor-thread-13306#
[CheckServiceBindingOperationStep] Checking for service binding operation in progress between app "EAM-srv" and service instance "EAM-db"#
#2026 10 06 12:36:54.796#Z#DEBUG#91ca7629-c182-11f1-ab57-eeee0a835edd.OPERATION#flowable-async-job-executor-thread-13306#
[CheckServiceBindingOperationStep] Getting application guid "EAM-srv"...#
#2026 10 06 12:36:54.821#Z#DEBUG#91ca7629-c182-11f1-ab57-eeee0a835edd.OPERATION#flowable-async-job-executor-thread-13305#
[CheckServiceBindingOperationStep] Getting binding of service instance "d2374b41-f4d4-46b8-84d6-b0228a823d08" with application "c585b5c4-a6da-4931-ac71-1a4919acace9"...#
#2026 10 06 12:36:54.827#Z#DEBUG#91ca7629-c182-11f1-ab57-eeee0a835edd.OPERATION#flowable-async-job-executor-thread-13306#
[CheckServiceBindingOperationStep] Getting GUID of required service instance "EAM-db"...#
#2026 10 06 12:36:54.832#Z#DEBUG#91ca7629-c182-11f1-ab57-eeee0a835edd.OPERATION#flowable-async-job-executor-thread-13302#
[CheckServiceBindingOperationStep] Executing task "checkForServiceBindingOperationInProgress" of process "9cef1830-c182-11f1-ab57-eeee0a835edd"...#
#2026 10 06 12:36:54.832#Z#DEBUG#91ca7629-c182-11f1-ab57-eeee0a835edd.OPERATION#flowable-async-job-executor-thread-13302#
[CheckServiceBindingOperationStep] Checking for service binding operation in progress between app "EAM-srv" and service instance "EAM-logging"#
#2026 10 06 12:36:54.832#Z#DEBUG#91ca7629-c182-11f1-ab57-eeee0a835edd.OPERATION#flowable-async-job-executor-thread-13302#
[CheckServiceBindingOperationStep] Getting application guid "EAM-srv"...#
#2026 10 06 12:36:54.849#Z#DEBUG#91ca7629-c182-11f1-ab57-eeee0a835edd.OPERATION#flowable-async-job-executor-thread-13305#
[CheckServiceBindingOperationStep] Service binding operation "ff108ef5-ac26-42d6-b98a-65727ebfc9b5" with type "create" is in state "succeeded"#
#2026 10 06 12:36:54.849#Z#DEBUG#91ca7629-c182-11f1-ab57-eeee0a835edd.OPERATION#flowable-async-job-executor-thread-13305#
Step "Check For Service Binding Operation In Progress" finished#
#2026 10 06 12:36:54.857#Z#DEBUG#91ca7629-c182-11f1-ab57-eeee0a835edd.OPERATION#flowable-async-job-executor-thread-13306#
[CheckServiceBindingOperationStep] Getting binding of service instance "d6eb70ab-7a34-47fd-91c3-f81f999fe2dd" with application "c585b5c4-a6da-4931-ac71-1a4919acace9"...#
#2026 10 06 12:36:54.859#Z#DEBUG#91ca7629-c182-11f1-ab57-eeee0a835edd.OPERATION#flowable-async-job-executor-thread-13302#
[CheckServiceBindingOperationStep] Getting GUID of required service instance "EAM-logging"...#
#2026 10 06 12:36:54.888#Z#DEBUG#91ca7629-c182-11f1-ab57-eeee0a835edd.OPERATION#flowable-async-job-executor-thread-13302#
[CheckServiceBindingOperationStep] Getting binding of service instance "381dcddf-ecdc-48b3-966b-63e2c244f1ef" with application "c585b5c4-a6da-4931-ac71-1a4919acace9"...#
#2026 10 06 12:36:54.888#Z#DEBUG#91ca7629-c182-11f1-ab57-eeee0a835edd.OPERATION#flowable-async-job-executor-thread-13306#
[CheckServiceBindingOperationStep] Service binding operation "51e8eef5-ba4e-4956-8075-001c2f579a0e" with type "create" is in state "succeeded"#
#2026 10 06 12:36:54.888#Z#DEBUG#91ca7629-c182-11f1-ab57-eeee0a835edd.OPERATION#flowable-async-job-executor-thread-13306#
Step "Check For Service Binding Operation In Progress" finished#
#2026 10 06 12:36:54.921#Z#DEBUG#91ca7629-c182-11f1-ab57-eeee0a835edd.OPERATION#flowable-async-job-executor-thread-13302#
[CheckServiceBindingOperationStep] Service binding operation "c9bf64a3-5581-4acd-974a-e8cf39e75f32" with type "create" is in state "succeeded"#
#2026 10 06 12:36:54.921#Z#DEBUG#91ca7629-c182-11f1-ab57-eeee0a835edd.OPERATION#flowable-async-job-executor-thread-13302#
Step "Check For Service Binding Operation In Progress" finished#
#2026 10 06 12:36:54.870#Z#DEBUG#91ca7629-c182-11f1-ab57-eeee0a835edd.OPERATION#flowable-async-job-executor-thread-13308#
[DetermineApplicationServiceBindingActionsStep] Executing task "determineApplicationServiceBindingActionsTask" of process "9cddd97d-c182-11f1-ab57-eeee0a835edd"...#
#2026 10 06 12:36:54.870#Z#DEBUG#91ca7629-c182-11f1-ab57-eeee0a835edd.OPERATION#flowable-async-job-executor-thread-13308#
[DetermineApplicationServiceBindingActionsStep] Determine bind/unbind operations of application "EAM-srv" to service instance "EAM-auth"#
#2026 10 06 12:36:54.870#Z#DEBUG#91ca7629-c182-11f1-ab57-eeee0a835edd.OPERATION#flowable-async-job-executor-thread-13308#
[DetermineApplicationServiceBindingActionsStep] Getting application "EAM-srv"...#
#2026 10 06 12:36:54.907#Z#DEBUG#91ca7629-c182-11f1-ab57-eeee0a835edd.OPERATION#flowable-async-job-executor-thread-13308#
[DetermineApplicationServiceBindingActionsStep] Binding parameters for application "EAM-srv": { }#
#2026 10 06 12:36:54.911#Z#DEBUG#91ca7629-c182-11f1-ab57-eeee0a835edd.OPERATION#flowable-async-job-executor-thread-13306#
[DetermineApplicationServiceBindingActionsStep] Executing task "determineApplicationServiceBindingActionsTask" of process "9ce79dee-c182-11f1-ab57-eeee0a835edd"...#
#2026 10 06 12:36:54.912#Z#DEBUG#91ca7629-c182-11f1-ab57-eeee0a835edd.OPERATION#flowable-async-job-executor-thread-13306#
[DetermineApplicationServiceBindingActionsStep] Determine bind/unbind operations of application "EAM-srv" to service instance "EAM-db"#
#2026 10 06 12:36:54.912#Z#DEBUG#91ca7629-c182-11f1-ab57-eeee0a835edd.OPERATION#flowable-async-job-executor-thread-13306#
[DetermineApplicationServiceBindingActionsStep] Getting application "EAM-srv"...#
#2026 10 06 12:36:54.941#Z#DEBUG#91ca7629-c182-11f1-ab57-eeee0a835edd.OPERATION#flowable-async-job-executor-thread-13306#
[DetermineApplicationServiceBindingActionsStep] Binding parameters for application "EAM-srv": { }#
#2026 10 06 12:36:54.941#Z#DEBUG#91ca7629-c182-11f1-ab57-eeee0a835edd.OPERATION#flowable-async-job-executor-thread-13308#
[DetermineApplicationServiceBindingActionsStep] Check should rebind application "EAM-srv" and service instance "EAM-auth"#
#2026 10 06 12:36:54.941#Z#DEBUG#91ca7629-c182-11f1-ab57-eeee0a835edd.OPERATION#flowable-async-job-executor-thread-13308#
[DetermineApplicationServiceBindingActionsStep] Getting GUID of required service instance "EAM-auth"...#
#2026 10 06 12:36:54.943#Z#DEBUG#91ca7629-c182-11f1-ab57-eeee0a835edd.OPERATION#flowable-async-job-executor-thread-13302#
[DetermineApplicationServiceBindingActionsStep] Executing task "determineApplicationServiceBindingActionsTask" of process "9cef1830-c182-11f1-ab57-eeee0a835edd"...#
#2026 10 06 12:36:54.944#Z#DEBUG#91ca7629-c182-11f1-ab57-eeee0a835edd.OPERATION#flowable-async-job-executor-thread-13302#
[DetermineApplicationServiceBindingActionsStep] Determine bind/unbind operations of application "EAM-srv" to service instance "EAM-logging"#
#2026 10 06 12:36:54.944#Z#DEBUG#91ca7629-c182-11f1-ab57-eeee0a835edd.OPERATION#flowable-async-job-executor-thread-13302#
[DetermineApplicationServiceBindingActionsStep] Getting application "EAM-srv"...#
#2026 10 06 12:36:54.972#Z#DEBUG#91ca7629-c182-11f1-ab57-eeee0a835edd.OPERATION#flowable-async-job-executor-thread-13308#
[DetermineApplicationServiceBindingActionsStep] Getting binding of service instance "d2374b41-f4d4-46b8-84d6-b0228a823d08" with application "c585b5c4-a6da-4931-ac71-1a4919acace9"...#
#2026 10 06 12:36:54.974#Z#DEBUG#91ca7629-c182-11f1-ab57-eeee0a835edd.OPERATION#flowable-async-job-executor-thread-13302#
[DetermineApplicationServiceBindingActionsStep] Binding parameters for application "EAM-srv": { }#
#2026 10 06 12:36:54.975#Z#DEBUG#91ca7629-c182-11f1-ab57-eeee0a835edd.OPERATION#flowable-async-job-executor-thread-13306#
[DetermineApplicationServiceBindingActionsStep] Check should rebind application "EAM-srv" and service instance "EAM-db"#
#2026 10 06 12:36:54.975#Z#DEBUG#91ca7629-c182-11f1-ab57-eeee0a835edd.OPERATION#flowable-async-job-executor-thread-13306#
[DetermineApplicationServiceBindingActionsStep] Getting GUID of required service instance "EAM-db"...#
#2026 10 06 12:36:55.002#Z#DEBUG#91ca7629-c182-11f1-ab57-eeee0a835edd.OPERATION#flowable-async-job-executor-thread-13308#
[DetermineApplicationServiceBindingActionsStep] Getting parameters of service binding "ff108ef5-ac26-42d6-b98a-65727ebfc9b5"...#
#2026 10 06 12:36:55.002#Z#DEBUG#91ca7629-c182-11f1-ab57-eeee0a835edd.OPERATION#flowable-async-job-executor-thread-13306#
[DetermineApplicationServiceBindingActionsStep] Getting binding of service instance "d6eb70ab-7a34-47fd-91c3-f81f999fe2dd" with application "c585b5c4-a6da-4931-ac71-1a4919acace9"...#
#2026 10 06 12:36:55.004#Z#DEBUG#91ca7629-c182-11f1-ab57-eeee0a835edd.OPERATION#flowable-async-job-executor-thread-13302#
[DetermineApplicationServiceBindingActionsStep] Check should rebind application "EAM-srv" and service instance "EAM-logging"#
#2026 10 06 12:36:55.004#Z#DEBUG#91ca7629-c182-11f1-ab57-eeee0a835edd.OPERATION#flowable-async-job-executor-thread-13302#
[DetermineApplicationServiceBindingActionsStep] Getting GUID of required service instance "EAM-logging"...#
#2026 10 06 12:36:55.028#Z#DEBUG#91ca7629-c182-11f1-ab57-eeee0a835edd.OPERATION#flowable-async-job-executor-thread-13306#
[DetermineApplicationServiceBindingActionsStep] Getting parameters of service binding "51e8eef5-ba4e-4956-8075-001c2f579a0e"...#
#2026 10 06 12:36:55.029#Z#WARN#91ca7629-c182-11f1-ab57-eeee0a835edd.OPERATION#flowable-async-job-executor-thread-13308#
[DetermineApplicationServiceBindingActionsStep] Cannot retrieve parameters of binding between application "EAM-srv" and service instance "EAM-auth"#
#2026 10 06 12:36:55.031#Z#DEBUG#91ca7629-c182-11f1-ab57-eeee0a835edd.OPERATION#flowable-async-job-executor-thread-13308#
[DetermineApplicationServiceBindingActionsStep] Calculated binding operations between application "EAM-srv" and service instance "EAM-auth": unbind - true bind - true#
#2026 10 06 12:36:55.031#Z#DEBUG#91ca7629-c182-11f1-ab57-eeee0a835edd.OPERATION#flowable-async-job-executor-thread-13308#
Step "Determine Application Service Binding Actions" finished#
#2026 10 06 12:36:55.052#Z#DEBUG#91ca7629-c182-11f1-ab57-eeee0a835edd.OPERATION#flowable-async-job-executor-thread-10790#
[ProcessDescriptorStep] Executing task "reprocessDescriptorTask" of process "9d0bc819-c182-11f1-906e-eeee0a90c402"...#
#2026 10 06 12:36:55.053#Z#DEBUG#91ca7629-c182-11f1-ab57-eeee0a835edd.OPERATION#flowable-async-job-executor-thread-10790#
[ProcessDescriptorStep] Resolving properties and parameters in merged descriptor...#
#2026 10 06 12:36:55.057#Z#DEBUG#91ca7629-c182-11f1-ab57-eeee0a835edd.OPERATION#flowable-async-job-executor-thread-10790#
[ProcessDescriptorStep] Subscriptions: [ ]#
#2026 10 06 12:36:55.062#Z#DEBUG#91ca7629-c182-11f1-ab57-eeee0a835edd.OPERATION#flowable-async-job-executor-thread-10790#
[ProcessDescriptorStep] MTA modules: [EAM, EAM-db-deployer, EAM-srv, EAM-app-deployer]#
#2026 10 06 12:36:55.065#Z#DEBUG#91ca7629-c182-11f1-ab57-eeee0a835edd.OPERATION#flowable-async-job-executor-thread-10790#
[ProcessDescriptorStep] Resolved deployment descriptor: {
  "majorSchemaVersion" : 3,
  "schemaVersion" : "3.3.0",
  "id" : "EAM",
  "version" : "1.0.0",
  "modules" : [ {
    "majorSchemaVersion" : 3,
    "name" : "EAM-srv",
    "type" : "javascript.nodejs",
    "path" : "EAM-srv",
    "properties" : { },
    "parameters" : {
      "default-url" : "https://8894508ftrial-dev-eam-srv.cfapps.us10-001.hana.ondemand.com",
      "default-app-name" : "EAM-srv",
      "generated-password" : "********",
      "default-live-url" : "https://8894508ftrial-dev-eam-srv.cfapps.us10-001.hana.ondemand.com",
      "default-uri" : "8894508ftrial-dev-eam-srv.cfapps.us10-001.hana.ondemand.com",
      "default-instances" : 1,
      "default-live-host" : "8894508ftrial-dev-eam-srv",
      "instances" : 1,
      "buildpack" : "nodejs_buildpack",
      "default-host" : "8894508ftrial-dev-eam-srv",
      "app-name" : "EAM-srv",
      "default-live-uri" : "8894508ftrial-dev-eam-srv.cfapps.us10-001.hana.ondemand.com",
      "protocol" : "https",
      "default-live-app-name" : "EAM-srv",
      "default-live-domain" : "cfapps.us10-001.hana.ondemand.com",
      "domain" : "cfapps.us10-001.hana.ondemand.com",
      "host" : "8894508ftrial-dev-eam-srv",
      "generated-user" : "********"
    },
    "requiredDependencies" : [ {
      "majorSchemaVersion" : 3,
      "name" : "********",
      "properties" : { },
      "parameters" : { },
      "propertiesMetadata" : {
        "metadata" : { }
      },
      "parametersMetadata" : {
        "metadata" : { }
      }
    }, {
      "majorSchemaVersion" : 3,
      "name" : "EAM-db",
      "properties" : { },
      "parameters" : { },
      "propertiesMetadata" : {
        "metadata" : { }
      },
      "parametersMetadata" : {
        "metadata" : { }
      }
    }, {
      "majorSchemaVersion" : 3,
      "name" : "EAM-connectivity",
      "properties" : { },
      "parameters" : { },
      "propertiesMetadata" : {
        "metadata" : { }
      },
      "parametersMetadata" : {
        "metadata" : { }
      }
    }, {
      "majorSchemaVersion" : 3,
      "name" : "EAM-destination",
      "properties" : { },
      "parameters" : { },
      "propertiesMetadata" : {
        "metadata" : { }
      },
      "parametersMetadata" : {
        "metadata" : { }
      }
    }, {
      "majorSchemaVersion" : 3,
      "name" : "EAM-logging",
      "properties" : { },
      "parameters" : { },
      "propertiesMetadata" : {
        "metadata" : { }
      },
      "parametersMetadata" : {
        "metadata" : { }
      }
    } ],
    "providedDependencies" : [ {
      "majorSchemaVersion" : 3,
      "name" : "srv-api",
      "isPublic" : false,
      "properties" : {
        "srv-url" : "https://8894508ftrial-dev-eam-srv.cfapps.us10-001.hana.ondemand.com"
      },
      "parameters" : { },
      "propertiesMetadata" : {
        "metadata" : { }
      },
      "parametersMetadata" : {
        "metadata" : { }
      }
    }, {
      "majorSchemaVersion" : 3,
      "name" : "EAM-srv",
      "isPublic" : false,
      "properties" : { },
      "parameters" : { },
      "propertiesMetadata" : {
        "metadata" : { }
      },
      "parametersMetadata" : {
        "metadata" : { }
      }
    } ],
    "propertiesMetadata" : {
      "metadata" : { }
    },
    "parametersMetadata" : {
      "metadata" : { }
    },
    "hooks" : [ ]
  }, {
    "majorSchemaVersion" : 3,
    "name" : "EAM-db-deployer",
    "type" : "com.sap.xs.hdi",
    "path" : "EAM-db-deployer",
    "properties" : {
      "EXIT" : 1
    },
    "parameters" : {
      "default-url" : "https://8894508ftrial-dev-eam-db-deployer.cfapps.us10-001.hana.ondemand.com",
      "default-app-name" : "EAM-db-deployer",
      "generated-password" : "********",
      "default-live-url" : "https://8894508ftrial-dev-eam-db-deployer.cfapps.us10-001.hana.ondemand.com",
      "default-uri" : "8894508ftrial-dev-eam-db-deployer.cfapps.us10-001.hana.ondemand.com",
      "memory" : "256M",
      "default-instances" : 1,
      "no-route" : true,
      "default-live-host" : "8894508ftrial-dev-eam-db-deployer",
      "instances" : 1,
      "buildpack" : "nodejs_buildpack",
      "default-host" : "8894508ftrial-dev-eam-db-deployer",
      "app-name" : "EAM-db-deployer",
      "default-live-uri" : "8894508ftrial-dev-eam-db-deployer.cfapps.us10-001.hana.ondemand.com",
      "protocol" : "https",
      "default-live-app-name" : "EAM-db-deployer",
      "default-live-domain" : "cfapps.us10-001.hana.ondemand.com",
      "dependency-type" : "hard",
      "domain" : "cfapps.us10-001.hana.ondemand.com",
      "host" : "8894508ftrial-dev-eam-db-deployer",
      "generated-user" : "********",
      "tasks" : [ {
        "command" : "npm start",
        "memory" : "256M",
        "name" : "deploy"
      } ],
      "no-start" : true
    },
    "requiredDependencies" : [ {
      "majorSchemaVersion" : 3,
      "name" : "EAM-db",
      "properties" : { },
      "parameters" : { },
      "propertiesMetadata" : {
        "metadata" : { }
      },
      "parametersMetadata" : {
        "metadata" : { }
      }
    } ],
    "providedDependencies" : [ {
      "majorSchemaVersion" : 3,
      "name" : "EAM-db-deployer",
      "isPublic" : false,
      "properties" : { },
      "parameters" : { },
      "propertiesMetadata" : {
        "metadata" : { }
      },
      "parametersMetadata" : {
        "metadata" : { }
      }
    } ],
    "propertiesMetadata" : {
      "metadata" : { }
    },
    "parametersMetadata" : {
      "metadata" : { }
    },
    "hooks" : [ ]
  }, {
    "majorSchemaVersion" : 3,
    "name" : "EAM",
    "type" : "javascript.nodejs",
    "path" : "EAM",
    "properties" : { },
    "parameters" : {
      "default-url" : "https://8894508ftrial-dev-eam.cfapps.us10-001.hana.ondemand.com",
      "default-app-name" : "EAM",
      "generated-password" : "********",
      "default-live-url" : "https://8894508ftrial-dev-eam.cfapps.us10-001.hana.ondemand.com",
      "default-uri" : "8894508ftrial-dev-eam.cfapps.us10-001.hana.ondemand.com",
      "memory" : "256M",
      "default-instances" : 1,
      "default-live-host" : "8894508ftrial-dev-eam",
      "instances" : 1,
      "default-host" : "8894508ftrial-dev-eam",
      "keep-existing-routes" : true,
      "app-name" : "EAM",
      "default-live-uri" : "8894508ftrial-dev-eam.cfapps.us10-001.hana.ondemand.com",
      "protocol" : "https",
      "default-live-app-name" : "EAM",
      "default-live-domain" : "cfapps.us10-001.hana.ondemand.com",
      "disk-quota" : "256M",
      "domain" : "cfapps.us10-001.hana.ondemand.com",
      "host" : "8894508ftrial-dev-eam",
      "generated-user" : "********"
    },
    "requiredDependencies" : [ {
      "majorSchemaVersion" : 3,
      "name" : "srv-api",
      "group" : "destinations",
      "properties" : {
        "name" : "srv-api",
        "forwardAuthToken" : "********",
        "url" : "https://8894508ftrial-dev-eam-srv.cfapps.us10-001.hana.ondemand.com"
      },
      "parameters" : { },
      "propertiesMetadata" : {
        "metadata" : { }
      },
      "parametersMetadata" : {
        "metadata" : { }
      }
    }, {
      "majorSchemaVersion" : 3,
      "name" : "********",
      "properties" : { },
      "parameters" : { },
      "propertiesMetadata" : {
        "metadata" : { }
      },
      "parametersMetadata" : {
        "metadata" : { }
      }
    }, {
      "majorSchemaVersion" : 3,
      "name" : "EAM-destination",
      "properties" : { },
      "parameters" : { },
      "propertiesMetadata" : {
        "metadata" : { }
      },
      "parametersMetadata" : {
        "metadata" : { }
      }
    }, {
      "majorSchemaVersion" : 3,
      "name" : "EAM-html5-runtime",
      "properties" : { },
      "parameters" : { },
      "propertiesMetadata" : {
        "metadata" : { }
      },
      "parametersMetadata" : {
        "metadata" : { }
      }
    }, {
      "majorSchemaVersion" : 3,
      "name" : "EAM-logging",
      "properties" : { },
      "parameters" : { },
      "propertiesMetadata" : {
        "metadata" : { }
      },
      "parametersMetadata" : {
        "metadata" : { }
      }
    } ],
    "providedDependencies" : [ {
      "majorSchemaVersion" : 3,
      "name" : "app-api",
      "isPublic" : false,
      "properties" : {
        "app-protocol" : "https",
        "app-uri" : "8894508ftrial-dev-eam.cfapps.us10-001.hana.ondemand.com"
      },
      "parameters" : { },
      "propertiesMetadata" : {
        "metadata" : { }
      },
      "parametersMetadata" : {
        "metadata" : { }
      }
    }, {
      "majorSchemaVersion" : 3,
      "name" : "EAM",
      "isPublic" : false,
      "properties" : { },
      "parameters" : { },
      "propertiesMetadata" : {
        "metadata" : { }
      },
      "parametersMetadata" : {
        "metadata" : { }
      }
    } ],
    "propertiesMetadata" : {
      "metadata" : { }
    },
    "parametersMetadata" : {
      "metadata" : { }
    },
    "hooks" : [ ]
  }, {
    "majorSchemaVersion" : 3,
    "name" : "EAM-app-deployer",
    "type" : "com.sap.application.content",
    "path" : "EAM-app-deployer",
    "properties" : { },
    "parameters" : {
      "default-url" : "https://8894508ftrial-dev-eam-app-deployer.cfapps.us10-001.hana.ondemand.com",
      "default-app-name" : "EAM-app-deployer",
      "generated-password" : "********",
      "default-live-url" : "https://8894508ftrial-dev-eam-app-deployer.cfapps.us10-001.hana.ondemand.com",
      "default-uri" : "8894508ftrial-dev-eam-app-deployer.cfapps.us10-001.hana.ondemand.com",
      "default-instances" : 1,
      "default-live-host" : "8894508ftrial-dev-eam-app-deployer",
      "instances" : 1,
      "default-host" : "8894508ftrial-dev-eam-app-deployer",
      "app-name" : "EAM-app-deployer",
      "default-live-uri" : "8894508ftrial-dev-eam-app-deployer.cfapps.us10-001.hana.ondemand.com",
      "protocol" : "https",
      "default-live-app-name" : "EAM-app-deployer",
      "default-live-domain" : "cfapps.us10-001.hana.ondemand.com",
      "domain" : "cfapps.us10-001.hana.ondemand.com",
      "host" : "8894508ftrial-dev-eam-app-deployer",
      "generated-user" : "********"
    },
    "requiredDependencies" : [ {
      "majorSchemaVersion" : 3,
      "name" : "********",
      "properties" : { },
      "parameters" : { },
      "propertiesMetadata" : {
        "metadata" : { }
      },
      "parametersMetadata" : {
        "metadata" : { }
      }
    }, {
      "majorSchemaVersion" : 3,
      "name" : "srv-api",
      "properties" : { },
      "parameters" : { },
      "propertiesMetadata" : {
        "metadata" : { }
      },
      "parametersMetadata" : {
        "metadata" : { }
      }
    }, {
      "majorSchemaVersion" : 3,
      "name" : "EAM-html5-repo-host",
      "properties" : { },
      "parameters" : {
        "config" : {
          "HTML5Runtime_enabled" : true
        },
        "content-target" : true
      },
      "propertiesMetadata" : {
        "metadata" : { }
      },
      "parametersMetadata" : {
        "metadata" : { }
      }
    } ],
    "providedDependencies" : [ {
      "majorSchemaVersion" : 3,
      "name" : "EAM-app-deployer",
      "isPublic" : false,
      "properties" : { },
      "parameters" : { },
      "propertiesMetadata" : {
        "metadata" : { }
      },
      "parametersMetadata" : {
        "metadata" : { }
      }
    } ],
    "propertiesMetadata" : {
      "metadata" : { }
    },
    "parametersMetadata" : {
      "metadata" : { }
    },
    "hooks" : [ ]
  } ],
  "resources" : [ {
    "majorSchemaVersion" : 3,
    "name" : "********",
    "type" : "org.cloudfoundry.managed-service",
    "properties" : { },
    "parameters" : {
      "generated-password" : "********",
      "path" : "./xs-security.json",
      "service-name" : "********",
      "service-plan" : "application",
      "service" : "xsuaa",
      "generated-user" : "********",
      "default-xsappname" : "********",
      "type" : "managed-service",
      "config" : {
        "oauth2-configuration" : "********",
        "tenant-mode" : "dedicated",
        "xsappname" : "EAM-8894508ftrial-dev"
      },
      "default-service-name" : "********",
      "default-container-name" : "********"
    },
    "isActive" : true,
    "isOptional" : false,
    "propertiesMetadata" : {
      "metadata" : { }
    },
    "parametersMetadata" : {
      "metadata" : { }
    },
    "requiredDependencies" : [ {
      "majorSchemaVersion" : 3,
      "name" : "app-api",
      "properties" : { },
      "parameters" : { },
      "propertiesMetadata" : {
        "metadata" : { }
      },
      "parametersMetadata" : {
        "metadata" : { }
      }
    } ],
    "processedAfter" : [ ]
  }, {
    "majorSchemaVersion" : 3,
    "name" : "EAM-db",
    "type" : "com.sap.xs.hdi-container",
    "properties" : { },
    "parameters" : {
      "generated-password" : "********",
      "service-name" : "EAM-db",
      "service-plan" : "hdi-shared",
      "service" : "hana",
      "generated-user" : "********",
      "default-xsappname" : "EAM-db",
      "type" : "managed-service",
      "default-service-name" : "EAM-db",
      "default-container-name" : "8894508FTRIAL_DEV_EAM_DB"
    },
    "isActive" : true,
    "isOptional" : false,
    "propertiesMetadata" : {
      "metadata" : { }
    },
    "parametersMetadata" : {
      "metadata" : { }
    },
    "requiredDependencies" : [ ],
    "processedAfter" : [ ]
  }, {
    "majorSchemaVersion" : 3,
    "name" : "EAM-connectivity",
    "type" : "org.cloudfoundry.managed-service",
    "properties" : { },
    "parameters" : {
      "generated-password" : "********",
      "service-name" : "EAM-connectivity",
      "service-plan" : "lite",
      "service" : "connectivity",
      "generated-user" : "********",
      "default-xsappname" : "EAM-connectivity",
      "type" : "managed-service",
      "default-service-name" : "EAM-connectivity",
      "default-container-name" : "8894508FTRIAL_DEV_EAM_CONNECTIVITY"
    },
    "isActive" : true,
    "isOptional" : false,
    "propertiesMetadata" : {
      "metadata" : { }
    },
    "parametersMetadata" : {
      "metadata" : { }
    },
    "requiredDependencies" : [ ],
    "processedAfter" : [ ]
  }, {
    "majorSchemaVersion" : 3,
    "name" : "EAM-destination",
    "type" : "org.cloudfoundry.managed-service",
    "properties" : { },
    "parameters" : {
      "generated-password" : "********",
      "service-name" : "EAM-destination",
      "service-plan" : "lite",
      "service" : "destination",
      "generated-user" : "********",
      "default-xsappname" : "EAM-destination",
      "type" : "managed-service",
      "default-service-name" : "EAM-destination",
      "default-container-name" : "8894508FTRIAL_DEV_EAM_DESTINATION"
    },
    "isActive" : true,
    "isOptional" : false,
    "propertiesMetadata" : {
      "metadata" : { }
    },
    "parametersMetadata" : {
      "metadata" : { }
    },
    "requiredDependencies" : [ ],
    "processedAfter" : [ ]
  }, {
    "majorSchemaVersion" : 3,
    "name" : "EAM-html5-repo-host",
    "type" : "org.cloudfoundry.managed-service",
    "properties" : { },
    "parameters" : {
      "generated-password" : "********",
      "service-name" : "EAM-html5-repo-host",
      "service-plan" : "app-host",
      "service" : "html5-apps-repo",
      "generated-user" : "********",
      "default-xsappname" : "EAM-html5-repo-host",
      "type" : "managed-service",
      "default-service-name" : "EAM-html5-repo-host",
      "default-container-name" : "8894508FTRIAL_DEV_EAM_HTML5_REPO_HOST"
    },
    "isActive" : true,
    "isOptional" : false,
    "propertiesMetadata" : {
      "metadata" : { }
    },
    "parametersMetadata" : {
      "metadata" : { }
    },
    "requiredDependencies" : [ ],
    "processedAfter" : [ ]
  }, {
    "majorSchemaVersion" : 3,
    "name" : "EAM-html5-runtime",
    "type" : "org.cloudfoundry.managed-service",
    "properties" : { },
    "parameters" : {
      "generated-password" : "********",
      "service-name" : "EAM-html5-runtime",
      "service-plan" : "app-runtime",
      "service" : "html5-apps-repo",
      "generated-user" : "********",
      "default-xsappname" : "EAM-html5-runtime",
      "type" : "managed-service",
      "default-service-name" : "EAM-html5-runtime",
      "default-container-name" : "8894508FTRIAL_DEV_EAM_HTML5_RUNTIME"
    },
    "isActive" : true,
    "isOptional" : false,
    "propertiesMetadata" : {
      "metadata" : { }
    },
    "parametersMetadata" : {
      "metadata" : { }
    },
    "requiredDependencies" : [ ],
    "processedAfter" : [ ]
  }, {
    "majorSchemaVersion" : 3,
    "name" : "EAM-logging",
    "type" : "org.cloudfoundry.managed-service",
    "properties" : { },
    "parameters" : {
      "generated-password" : "********",
      "service-name" : "EAM-logging",
      "service-plan" : "lite",
      "service" : "application-logs",
      "generated-user" : "********",
      "default-xsappname" : "EAM-logging",
      "type" : "managed-service",
      "default-service-name" : "EAM-logging",
      "default-container-name" : "8894508FTRIAL_DEV_EAM_LOGGING"
    },
    "isActive" : true,
    "isOptional" : false,
    "propertiesMetadata" : {
      "metadata" : { }
    },
    "parametersMetadata" : {
      "metadata" : { }
    },
    "requiredDependencies" : [ ],
    "processedAfter" : [ ]
  } ],
  "parameters" : {
    "deploy_mode" : "html5-repo",
    "mta-id" : "EAM",
    "authorization-url" : "********",
    "org-guid" : "7c52c0bf-6234-4eda-bf16-6bca621c3f90",
    "org" : "8894508ftrial",
    "deploy-target" : "8894508ftrial dev",
    "enable-parallel-deployments" : true,
    "region-primary-domain" : "us10.hana.ondemand.com",
    "space" : "dev",
    "region-domain" : "us10-001.hana.ondemand.com",
    "xs-api-url" : "https://api.cf.us10-001.hana.ondemand.com",
    "deploy-url" : "deploy-service.cfapps.us10-001.hana.ondemand.com",
    "xs-type" : "CF",
    "default-domain" : "cfapps.us10-001.hana.ondemand.com",
    "mta-version" : "1.0.0",
    "xs-auth-url" : "********",
    "space-guid" : "a0f7d9f4-737c-456d-9bbf-cfb1f4c0ebd8",
    "user" : "********",
    "controller-url" : "https://api.cf.us10-001.hana.ondemand.com",
    "timestamp" : "20261006123636"
  },
  "parametersMetadata" : {
    "metadata" : { }
  }
}#
#2026 10 06 12:36:55.065#Z#DEBUG#91ca7629-c182-11f1-ab57-eeee0a835edd.OPERATION#flowable-async-job-executor-thread-10790#
[ProcessDescriptorStep] Merged descriptor properties and parameters resolved#
#2026 10 06 12:36:55.065#Z#DEBUG#91ca7629-c182-11f1-ab57-eeee0a835edd.OPERATION#flowable-async-job-executor-thread-10790#
Step "Re-Process Descriptor Step" finished#
#2026 10 06 12:36:54.871#Z#DEBUG#91ca7629-c182-11f1-ab57-eeee0a835edd.OPERATION#flowable-async-job-executor-thread-13305#
[BuildContentDeploymentConfigurationStep] Executing task "buildContentDeploymentConfigurationTask" of process "9cf0ec99-c182-11f1-ab57-eeee0a835edd"...#
#2026 10 06 12:36:54.875#Z#DEBUG#91ca7629-c182-11f1-ab57-eeee0a835edd.OPERATION#ForkJoinPool-323-worker-1#
[BuildContentDeploymentConfigurationStep] Getting service key "EAM-app-deployer-EAM-auth-credentials" for service instance "EAM-auth"...#
#2026 10 06 12:36:54.875#Z#DEBUG#91ca7629-c182-11f1-ab57-eeee0a835edd.OPERATION#ForkJoinPool-323-worker-2#
[BuildContentDeploymentConfigurationStep] Getting service key "EAM-app-deployer-EAM-html5-repo-host-credentials" for service instance "EAM-html5-repo-host"...#
#2026 10 06 12:36:55.070#Z#INFO#91ca7629-c182-11f1-ab57-eeee0a835edd.OPERATION#ForkJoinPool-323-worker-1#
[BuildContentDeploymentConfigurationStep] Service key "EAM-app-deployer-EAM-auth-credentials" for service "EAM-auth" already exists#
#2026 10 06 12:36:55.074#Z#INFO#91ca7629-c182-11f1-ab57-eeee0a835edd.OPERATION#ForkJoinPool-323-worker-2#
[BuildContentDeploymentConfigurationStep] Service key "EAM-app-deployer-EAM-html5-repo-host-credentials" for service "EAM-html5-repo-host" already exists#
#2026 10 06 12:36:55.080#Z#DEBUG#91ca7629-c182-11f1-ab57-eeee0a835edd.OPERATION#flowable-async-job-executor-thread-13305#
Step "Build Content Deployment Configuration" finished#
#2026 10 06 12:36:54.999#Z#DEBUG#91ca7629-c182-11f1-ab57-eeee0a835edd.OPERATION#flowable-async-job-executor-thread-10789#
[CheckServiceBindingOperationStep] Executing task "checkForServiceBindingOperationInProgress" of process "9d07f6de-c182-11f1-906e-eeee0a90c402"...#
#2026 10 06 12:36:54.999#Z#DEBUG#91ca7629-c182-11f1-ab57-eeee0a835edd.OPERATION#flowable-async-job-executor-thread-10789#
[CheckServiceBindingOperationStep] Checking for service binding operation in progress between app "EAM-srv" and service instance "EAM-destination"#
#2026 10 06 12:36:55.000#Z#DEBUG#91ca7629-c182-11f1-ab57-eeee0a835edd.OPERATION#flowable-async-job-executor-thread-10789#
[CheckServiceBindingOperationStep] Getting application guid "EAM-srv"...#
#2026 10 06 12:36:55.034#Z#DEBUG#91ca7629-c182-11f1-ab57-eeee0a835edd.OPERATION#flowable-async-job-executor-thread-10789#
[CheckServiceBindingOperationStep] Getting GUID of required service instance "EAM-destination"...#
#2026 10 06 12:36:55.056#Z#DEBUG#91ca7629-c182-11f1-ab57-eeee0a835edd.OPERATION#flowable-async-job-executor-thread-10789#
[CheckServiceBindingOperationStep] Getting binding of service instance "aa3d36cd-da64-4b61-b444-8d96bd9b23db" with application "c585b5c4-a6da-4931-ac71-1a4919acace9"...#
#2026 10 06 12:36:55.085#Z#DEBUG#91ca7629-c182-11f1-ab57-eeee0a835edd.OPERATION#flowable-async-job-executor-thread-10789#
[CheckServiceBindingOperationStep] Service binding operation "61033c55-9ab9-42f1-86c6-eef5412615fc" with type "create" is in state "succeeded"#
#2026 10 06 12:36:55.085#Z#DEBUG#91ca7629-c182-11f1-ab57-eeee0a835edd.OPERATION#flowable-async-job-executor-thread-10789#
Step "Check For Service Binding Operation In Progress" finished#
#2026 10 06 12:36:55.032#Z#DEBUG#91ca7629-c182-11f1-ab57-eeee0a835edd.OPERATION#flowable-async-job-executor-thread-13302#
[DetermineApplicationServiceBindingActionsStep] Getting binding of service instance "381dcddf-ecdc-48b3-966b-63e2c244f1ef" with application "c585b5c4-a6da-4931-ac71-1a4919acace9"...#
#2026 10 06 12:36:55.061#Z#DEBUG#91ca7629-c182-11f1-ab57-eeee0a835edd.OPERATION#flowable-async-job-executor-thread-13302#
[DetermineApplicationServiceBindingActionsStep] Getting parameters of service binding "c9bf64a3-5581-4acd-974a-e8cf39e75f32"...#
#2026 10 06 12:36:55.092#Z#WARN#91ca7629-c182-11f1-ab57-eeee0a835edd.OPERATION#flowable-async-job-executor-thread-13302#
[DetermineApplicationServiceBindingActionsStep] Cannot retrieve parameters of binding between application "EAM-srv" and service instance "EAM-logging"#
#2026 10 06 12:36:55.093#Z#DEBUG#91ca7629-c182-11f1-ab57-eeee0a835edd.OPERATION#flowable-async-job-executor-thread-13302#
[DetermineApplicationServiceBindingActionsStep] Calculated binding operations between application "EAM-srv" and service instance "EAM-logging": unbind - true bind - true#
#2026 10 06 12:36:55.093#Z#DEBUG#91ca7629-c182-11f1-ab57-eeee0a835edd.OPERATION#flowable-async-job-executor-thread-13302#
Step "Determine Application Service Binding Actions" finished#
#2026 10 06 12:36:55.103#Z#DEBUG#91ca7629-c182-11f1-ab57-eeee0a835edd.OPERATION#flowable-async-job-executor-thread-10791#
[BuildApplicationDeployModelStep] Executing task "buildApplicationDeployModelTask" of process "9d0bc819-c182-11f1-906e-eeee0a90c402"...#
#2026 10 06 12:36:55.106#Z#DEBUG#91ca7629-c182-11f1-ab57-eeee0a835edd.OPERATION#flowable-async-job-executor-thread-10791#
[BuildApplicationDeployModelStep] Building cloud deployment model for application "EAM"...#
#2026 10 06 12:36:55.109#Z#DEBUG#91ca7629-c182-11f1-ab57-eeee0a835edd.OPERATION#flowable-async-job-executor-thread-10791#
[BuildApplicationDeployModelStep] Getting routes for application "fdff3cfa-eac9-4271-9cc2-7c17f54349a4"...#
#2026 10 06 12:36:55.136#Z#DEBUG#91ca7629-c182-11f1-ab57-eeee0a835edd.OPERATION#flowable-async-job-executor-thread-10791#
[BuildApplicationDeployModelStep] No health-check-type is specified. Setting default type: port#
#2026 10 06 12:36:55.137#Z#INFO#91ca7629-c182-11f1-ab57-eeee0a835edd.OPERATION#flowable-async-job-executor-thread-10791#
[BuildApplicationDeployModelStep] Building configuration entries for org 8894508ftrial, space dev, spaceId a0f7d9f4-737c-456d-9bbf-cfb1f4c0ebd8 and namespace null!#
#2026 10 06 12:36:55.138#Z#DEBUG#91ca7629-c182-11f1-ab57-eeee0a835edd.OPERATION#flowable-async-job-executor-thread-10791#
[BuildApplicationDeployModelStep] Configuration entries to publish: [ ]#
#2026 10 06 12:36:55.138#Z#DEBUG#91ca7629-c182-11f1-ab57-eeee0a835edd.OPERATION#flowable-async-job-executor-thread-10791#
[BuildApplicationDeployModelStep] Cloud deployment model for application built#
#2026 10 06 12:36:55.138#Z#DEBUG#91ca7629-c182-11f1-ab57-eeee0a835edd.OPERATION#flowable-async-job-executor-thread-10791#
Step "Build Application Deploy Model" finished#
#2026 10 06 12:36:55.056#Z#DEBUG#91ca7629-c182-11f1-ab57-eeee0a835edd.OPERATION#flowable-async-job-executor-thread-13308#
[UnbindServiceFromApplicationStep] Executing task "unbindServiceFromApplicationTask" of process "9cddd97d-c182-11f1-ab57-eeee0a835edd"...#
#2026 10 06 12:36:55.058#Z#INFO#91ca7629-c182-11f1-ab57-eeee0a835edd.OPERATION#flowable-async-job-executor-thread-13308#
[UnbindServiceFromApplicationStep] Unbinding service instance "EAM-auth" from application "EAM-srv"...#
#2026 10 06 12:36:55.061#Z#DEBUG#91ca7629-c182-11f1-ab57-eeee0a835edd.OPERATION#flowable-async-job-executor-thread-13308#
[UnbindServiceFromApplicationStep] Unbinding application "EAM-srv" from service instance "EAM-auth"...#
#2026 10 06 12:36:55.121#Z#DEBUG#91ca7629-c182-11f1-ab57-eeee0a835edd.OPERATION#flowable-async-job-executor-thread-13302#
[UnbindServiceFromApplicationStep] Executing task "unbindServiceFromApplicationTask" of process "9cef1830-c182-11f1-ab57-eeee0a835edd"...#
#2026 10 06 12:36:55.122#Z#INFO#91ca7629-c182-11f1-ab57-eeee0a835edd.OPERATION#flowable-async-job-executor-thread-13302#
[UnbindServiceFromApplicationStep] Unbinding service instance "EAM-logging" from application "EAM-srv"...#
#2026 10 06 12:36:55.125#Z#DEBUG#91ca7629-c182-11f1-ab57-eeee0a835edd.OPERATION#flowable-async-job-executor-thread-13302#
[UnbindServiceFromApplicationStep] Unbinding application "EAM-srv" from service instance "EAM-logging"...#
#2026 10 06 12:36:55.177#Z#DEBUG#91ca7629-c182-11f1-ab57-eeee0a835edd.OPERATION#flowable-async-job-executor-thread-13308#
Step "Unbind Service from Application" finished#
#2026 10 06 12:36:54.864#Z#DEBUG#91ca7629-c182-11f1-ab57-eeee0a835edd.OPERATION#flowable-async-job-executor-thread-13304#
[CreateOrUpdateAppStep] Executing task "createAppTask" of process "9cdfae83-c182-11f1-ab57-eeee0a835edd"...#
#2026 10 06 12:36:54.866#Z#DEBUG#91ca7629-c182-11f1-ab57-eeee0a835edd.OPERATION#flowable-async-job-executor-thread-13304#
[CreateOrUpdateAppStep] Getting application "EAM-db-deployer"...#
#2026 10 06 12:36:54.907#Z#INFO#91ca7629-c182-11f1-ab57-eeee0a835edd.OPERATION#flowable-async-job-executor-thread-13304#
[CreateOrUpdateAppStep] Updating application "EAM-db-deployer"...#
#2026 10 06 12:36:54.911#Z#DEBUG#91ca7629-c182-11f1-ab57-eeee0a835edd.OPERATION#flowable-async-job-executor-thread-13304#
[CreateOrUpdateAppStep] Getting process for application "9531f7fa-4c33-4611-b045-6530a56e307f"...#
#2026 10 06 12:36:54.944#Z#DEBUG#91ca7629-c182-11f1-ab57-eeee0a835edd.OPERATION#flowable-async-job-executor-thread-13304#
[CreateOrUpdateAppStep] Getting routes for application "9531f7fa-4c33-4611-b045-6530a56e307f"...#
#2026 10 06 12:36:54.969#Z#DEBUG#91ca7629-c182-11f1-ab57-eeee0a835edd.OPERATION#flowable-async-job-executor-thread-13304#
[CreateOrUpdateAppStep] Getting features for application "9531f7fa-4c33-4611-b045-6530a56e307f"#
#2026 10 06 12:36:54.991#Z#DEBUG#91ca7629-c182-11f1-ab57-eeee0a835edd.OPERATION#flowable-async-job-executor-thread-13304#
[CreateOrUpdateAppStep] Updating staging of application "EAM-db-deployer" to: {
  "buildpacks" : [ "nodejs_buildpack" ],
  "healthCheckType" : "port",
  "appFeatures" : { }
}#
#2026 10 06 12:36:55.143#Z#DEBUG#91ca7629-c182-11f1-ab57-eeee0a835edd.OPERATION#flowable-async-job-executor-thread-13304#
[CreateOrUpdateAppStep] Application "EAM-db-deployer" updated#
#2026 10 06 12:36:55.143#Z#DEBUG#91ca7629-c182-11f1-ab57-eeee0a835edd.OPERATION#flowable-async-job-executor-thread-13304#
[CreateOrUpdateAppStep] Getting environment of application "9531f7fa-4c33-4611-b045-6530a56e307f"...#
#2026 10 06 12:36:55.211#Z#DEBUG#91ca7629-c182-11f1-ab57-eeee0a835edd.OPERATION#flowable-async-job-executor-thread-13304#
[CreateOrUpdateAppStep] Application "EAM-db-deployer" updated#
#2026 10 06 12:36:55.211#Z#DEBUG#91ca7629-c182-11f1-ab57-eeee0a835edd.OPERATION#flowable-async-job-executor-thread-13304#
Step "Create App" finished#
#2026 10 06 12:36:55.216#Z#INFO#91ca7629-c182-11f1-ab57-eeee0a835edd.OPERATION#flowable-async-job-executor-thread-13306#
[DetermineApplicationServiceBindingActionsStep] Service instance "EAM-db" will not be rebound to application "EAM-srv" because the binding parameters are not modified#
#2026 10 06 12:36:55.219#Z#DEBUG#91ca7629-c182-11f1-ab57-eeee0a835edd.OPERATION#flowable-async-job-executor-thread-13306#
[DetermineApplicationServiceBindingActionsStep] Calculated binding operations between application "EAM-srv" and service instance "EAM-db": unbind - false bind - false#
#2026 10 06 12:36:55.219#Z#DEBUG#91ca7629-c182-11f1-ab57-eeee0a835edd.OPERATION#flowable-async-job-executor-thread-13306#
Step "Determine Application Service Binding Actions" finished#
#2026 10 06 12:36:55.255#Z#DEBUG#91ca7629-c182-11f1-ab57-eeee0a835edd.OPERATION#flowable-async-job-executor-thread-13302#
Step "Unbind Service from Application" finished#
#2026 10 06 12:36:55.110#Z#DEBUG#91ca7629-c182-11f1-ab57-eeee0a835edd.OPERATION#flowable-async-job-executor-thread-10789#
[DetermineApplicationServiceBindingActionsStep] Executing task "determineApplicationServiceBindingActionsTask" of process "9d07f6de-c182-11f1-906e-eeee0a90c402"...#
#2026 10 06 12:36:55.111#Z#DEBUG#91ca7629-c182-11f1-ab57-eeee0a835edd.OPERATION#flowable-async-job-executor-thread-10789#
[DetermineApplicationServiceBindingActionsStep] Determine bind/unbind operations of application "EAM-srv" to service instance "EAM-destination"#
#2026 10 06 12:36:55.111#Z#DEBUG#91ca7629-c182-11f1-ab57-eeee0a835edd.OPERATION#flowable-async-job-executor-thread-10789#
[DetermineApplicationServiceBindingActionsStep] Getting application "EAM-srv"...#
#2026 10 06 12:36:55.143#Z#DEBUG#91ca7629-c182-11f1-ab57-eeee0a835edd.OPERATION#flowable-async-job-executor-thread-10789#
[DetermineApplicationServiceBindingActionsStep] Binding parameters for application "EAM-srv": { }#
#2026 10 06 12:36:55.180#Z#DEBUG#91ca7629-c182-11f1-ab57-eeee0a835edd.OPERATION#flowable-async-job-executor-thread-10789#
[DetermineApplicationServiceBindingActionsStep] Check should rebind application "EAM-srv" and service instance "EAM-destination"#
#2026 10 06 12:36:55.180#Z#DEBUG#91ca7629-c182-11f1-ab57-eeee0a835edd.OPERATION#flowable-async-job-executor-thread-10789#
[DetermineApplicationServiceBindingActionsStep] Getting GUID of required service instance "EAM-destination"...#
#2026 10 06 12:36:55.206#Z#DEBUG#91ca7629-c182-11f1-ab57-eeee0a835edd.OPERATION#flowable-async-job-executor-thread-10789#
[DetermineApplicationServiceBindingActionsStep] Getting binding of service instance "aa3d36cd-da64-4b61-b444-8d96bd9b23db" with application "c585b5c4-a6da-4931-ac71-1a4919acace9"...#
#2026 10 06 12:36:55.229#Z#DEBUG#91ca7629-c182-11f1-ab57-eeee0a835edd.OPERATION#flowable-async-job-executor-thread-10789#
[DetermineApplicationServiceBindingActionsStep] Getting parameters of service binding "61033c55-9ab9-42f1-86c6-eef5412615fc"...#
#2026 10 06 12:36:55.256#Z#WARN#91ca7629-c182-11f1-ab57-eeee0a835edd.OPERATION#flowable-async-job-executor-thread-10789#
[DetermineApplicationServiceBindingActionsStep] Cannot retrieve parameters of binding between application "EAM-srv" and service instance "EAM-destination"#
#2026 10 06 12:36:55.258#Z#DEBUG#91ca7629-c182-11f1-ab57-eeee0a835edd.OPERATION#flowable-async-job-executor-thread-10789#
[DetermineApplicationServiceBindingActionsStep] Calculated binding operations between application "EAM-srv" and service instance "EAM-destination": unbind - true bind - true#
#2026 10 06 12:36:55.258#Z#DEBUG#91ca7629-c182-11f1-ab57-eeee0a835edd.OPERATION#flowable-async-job-executor-thread-10789#
Step "Determine Application Service Binding Actions" finished#
#2026 10 06 12:36:55.082#Z#DEBUG#91ca7629-c182-11f1-ab57-eeee0a835edd.OPERATION#flowable-async-job-executor-thread-13305#
[CreateContentDeployClientConfigurationStep] Executing task "createContentDeployClientConfigurationTask" of process "9d19d0bb-c182-11f1-ab57-eeee0a835edd"...#
#2026 10 06 12:36:55.083#Z#DEBUG#91ca7629-c182-11f1-ab57-eeee0a835edd.OPERATION#flowable-async-job-executor-thread-13305#
[CreateContentDeployClientConfigurationStep] Content deployer client configuration: {
  "contentDeployerUrl" : "https://html5-apps-repo-dt.cfapps.us10.hana.ondemand.com",
  "uaaClientConfiguration" : {
    "url" : "********",
    "credentials" : "********",
    "authenticationStrategyType" : "********"
  },
  "httpRequestHeaders" : {
    "X-CorrelationID" : "91ca7629-c182-11f1-ab57-eeee0a835edd"
  },
  "spaceId" : "a0f7d9f4-737c-456d-9bbf-cfb1f4c0ebd8",
  "serviceName" : "EAM-html5-repo-host"
}#
#2026 10 06 12:36:55.351#Z#DEBUG#91ca7629-c182-11f1-ab57-eeee0a835edd.OPERATION#flowable-async-job-executor-thread-13305#
Step "Create Content Deploy Client Configuration" finished#
#2026 10 06 12:36:55.352#Z#DEBUG#91ca7629-c182-11f1-ab57-eeee0a835edd.OPERATION#flowable-async-job-executor-thread-13305#
[GetContentFromDeploymentDescriptorStep] Executing task "getContentFromDeploymentDescriptorTask" of process "9d19d0bb-c182-11f1-ab57-eeee0a835edd"...#
#2026 10 06 12:36:55.352#Z#DEBUG#91ca7629-c182-11f1-ab57-eeee0a835edd.OPERATION#flowable-async-job-executor-thread-13305#
Step "Get Content From Deployment Descriptor" finished#
#2026 10 06 12:36:55.294#Z#DEBUG#91ca7629-c182-11f1-ab57-eeee0a835edd.OPERATION#flowable-async-job-executor-thread-13304#
[CheckServiceBindingOperationStep] Executing task "checkForServiceBindingOperationInProgress" of process "9d32b04b-c182-11f1-ab57-eeee0a835edd"...#
#2026 10 06 12:36:55.294#Z#DEBUG#91ca7629-c182-11f1-ab57-eeee0a835edd.OPERATION#flowable-async-job-executor-thread-13304#
[CheckServiceBindingOperationStep] Checking for service binding operation in progress between app "EAM-db-deployer" and service instance "EAM-db"#
#2026 10 06 12:36:55.295#Z#DEBUG#91ca7629-c182-11f1-ab57-eeee0a835edd.OPERATION#flowable-async-job-executor-thread-13304#
[CheckServiceBindingOperationStep] Getting application guid "EAM-db-deployer"...#
#2026 10 06 12:36:55.327#Z#DEBUG#91ca7629-c182-11f1-ab57-eeee0a835edd.OPERATION#flowable-async-job-executor-thread-13304#
[CheckServiceBindingOperationStep] Getting GUID of required service instance "EAM-db"...#
#2026 10 06 12:36:55.354#Z#DEBUG#91ca7629-c182-11f1-ab57-eeee0a835edd.OPERATION#flowable-async-job-executor-thread-13304#
[CheckServiceBindingOperationStep] Getting binding of service instance "d6eb70ab-7a34-47fd-91c3-f81f999fe2dd" with application "9531f7fa-4c33-4611-b045-6530a56e307f"...#
#2026 10 06 12:36:55.386#Z#DEBUG#91ca7629-c182-11f1-ab57-eeee0a835edd.OPERATION#flowable-async-job-executor-thread-13304#
[CheckServiceBindingOperationStep] Service binding operation "19ae654b-a1b6-4d0b-9293-7d847bf3015e" with type "create" is in state "succeeded"#
#2026 10 06 12:36:55.386#Z#DEBUG#91ca7629-c182-11f1-ab57-eeee0a835edd.OPERATION#flowable-async-job-executor-thread-13304#
Step "Check For Service Binding Operation In Progress" finished#
#2026 10 06 12:36:55.315#Z#DEBUG#91ca7629-c182-11f1-ab57-eeee0a835edd.OPERATION#flowable-async-job-executor-thread-10789#
[UnbindServiceFromApplicationStep] Executing task "unbindServiceFromApplicationTask" of process "9d07f6de-c182-11f1-906e-eeee0a90c402"...#
#2026 10 06 12:36:55.317#Z#INFO#91ca7629-c182-11f1-ab57-eeee0a835edd.OPERATION#flowable-async-job-executor-thread-10789#
[UnbindServiceFromApplicationStep] Unbinding service instance "EAM-destination" from application "EAM-srv"...#
#2026 10 06 12:36:55.321#Z#DEBUG#91ca7629-c182-11f1-ab57-eeee0a835edd.OPERATION#flowable-async-job-executor-thread-10789#
[UnbindServiceFromApplicationStep] Unbinding application "EAM-srv" from service instance "EAM-destination"...#
#2026 10 06 12:36:55.464#Z#DEBUG#91ca7629-c182-11f1-ab57-eeee0a835edd.OPERATION#flowable-async-job-executor-thread-10789#
Step "Unbind Service from Application" finished#
#2026 10 06 12:36:55.167#Z#DEBUG#91ca7629-c182-11f1-ab57-eeee0a835edd.OPERATION#flowable-async-job-executor-thread-10791#
[CreateOrUpdateAppStep] Executing task "createAppTask" of process "9d0bc819-c182-11f1-906e-eeee0a90c402"...#
#2026 10 06 12:36:55.168#Z#DEBUG#91ca7629-c182-11f1-ab57-eeee0a835edd.OPERATION#flowable-async-job-executor-thread-10791#
[CreateOrUpdateAppStep] Getting application "EAM"...#
#2026 10 06 12:36:55.196#Z#INFO#91ca7629-c182-11f1-ab57-eeee0a835edd.OPERATION#flowable-async-job-executor-thread-10791#
[CreateOrUpdateAppStep] Updating application "EAM"...#
#2026 10 06 12:36:55.214#Z#DEBUG#91ca7629-c182-11f1-ab57-eeee0a835edd.OPERATION#flowable-async-job-executor-thread-10791#
[CreateOrUpdateAppStep] Getting process for application "fdff3cfa-eac9-4271-9cc2-7c17f54349a4"...#
#2026 10 06 12:36:55.240#Z#DEBUG#91ca7629-c182-11f1-ab57-eeee0a835edd.OPERATION#flowable-async-job-executor-thread-10791#
[CreateOrUpdateAppStep] Getting routes for application "fdff3cfa-eac9-4271-9cc2-7c17f54349a4"...#
#2026 10 06 12:36:55.266#Z#DEBUG#91ca7629-c182-11f1-ab57-eeee0a835edd.OPERATION#flowable-async-job-executor-thread-10791#
[CreateOrUpdateAppStep] Getting features for application "fdff3cfa-eac9-4271-9cc2-7c17f54349a4"#
#2026 10 06 12:36:55.291#Z#DEBUG#91ca7629-c182-11f1-ab57-eeee0a835edd.OPERATION#flowable-async-job-executor-thread-10791#
[CreateOrUpdateAppStep] Updating staging of application "EAM" to: {
  "buildpacks" : [ ],
  "healthCheckType" : "port",
  "appFeatures" : { }
}#
#2026 10 06 12:36:55.453#Z#DEBUG#91ca7629-c182-11f1-ab57-eeee0a835edd.OPERATION#flowable-async-job-executor-thread-10791#
[CreateOrUpdateAppStep] Application "EAM" updated#
#2026 10 06 12:36:55.454#Z#DEBUG#91ca7629-c182-11f1-ab57-eeee0a835edd.OPERATION#flowable-async-job-executor-thread-10791#
[CreateOrUpdateAppStep] Getting environment of application "fdff3cfa-eac9-4271-9cc2-7c17f54349a4"...#
#2026 10 06 12:36:55.524#Z#DEBUG#91ca7629-c182-11f1-ab57-eeee0a835edd.OPERATION#flowable-async-job-executor-thread-10791#
[CreateOrUpdateAppStep] Application "EAM" updated#
#2026 10 06 12:36:55.524#Z#DEBUG#91ca7629-c182-11f1-ab57-eeee0a835edd.OPERATION#flowable-async-job-executor-thread-10791#
Step "Create App" finished#
#2026 10 06 12:36:55.613#Z#DEBUG#91ca7629-c182-11f1-ab57-eeee0a835edd.OPERATION#flowable-async-job-executor-thread-10787#
[CheckServiceBindingOperationStep] Executing task "checkForServiceBindingOperationInProgress" of process "9d658059-c182-11f1-906e-eeee0a90c402"...#
#2026 10 06 12:36:55.613#Z#DEBUG#91ca7629-c182-11f1-ab57-eeee0a835edd.OPERATION#flowable-async-job-executor-thread-10787#
[CheckServiceBindingOperationStep] Checking for service binding operation in progress between app "EAM" and service instance "EAM-destination"#
#2026 10 06 12:36:55.614#Z#DEBUG#91ca7629-c182-11f1-ab57-eeee0a835edd.OPERATION#flowable-async-job-executor-thread-10787#
[CheckServiceBindingOperationStep] Getting application guid "EAM"...#
#2026 10 06 12:36:55.642#Z#DEBUG#91ca7629-c182-11f1-ab57-eeee0a835edd.OPERATION#flowable-async-job-executor-thread-10787#
[CheckServiceBindingOperationStep] Getting GUID of required service instance "EAM-destination"...#
#2026 10 06 12:36:55.673#Z#DEBUG#91ca7629-c182-11f1-ab57-eeee0a835edd.OPERATION#flowable-async-job-executor-thread-10787#
[CheckServiceBindingOperationStep] Getting binding of service instance "aa3d36cd-da64-4b61-b444-8d96bd9b23db" with application "fdff3cfa-eac9-4271-9cc2-7c17f54349a4"...#
#2026 10 06 12:36:55.704#Z#DEBUG#91ca7629-c182-11f1-ab57-eeee0a835edd.OPERATION#flowable-async-job-executor-thread-10787#
[CheckServiceBindingOperationStep] Service binding operation "f5dd917c-6c22-4a4f-87c7-6242b9693d5a" with type "create" is in state "succeeded"#
#2026 10 06 12:36:55.704#Z#DEBUG#91ca7629-c182-11f1-ab57-eeee0a835edd.OPERATION#flowable-async-job-executor-thread-10787#
Step "Check For Service Binding Operation In Progress" finished#
#2026 10 06 12:36:55.408#Z#DEBUG#91ca7629-c182-11f1-ab57-eeee0a835edd.OPERATION#flowable-async-job-executor-thread-13304#
[DetermineApplicationServiceBindingActionsStep] Executing task "determineApplicationServiceBindingActionsTask" of process "9d32b04b-c182-11f1-ab57-eeee0a835edd"...#
#2026 10 06 12:36:55.409#Z#DEBUG#91ca7629-c182-11f1-ab57-eeee0a835edd.OPERATION#flowable-async-job-executor-thread-13304#
[DetermineApplicationServiceBindingActionsStep] Determine bind/unbind operations of application "EAM-db-deployer" to service instance "EAM-db"#
#2026 10 06 12:36:55.409#Z#DEBUG#91ca7629-c182-11f1-ab57-eeee0a835edd.OPERATION#flowable-async-job-executor-thread-13304#
[DetermineApplicationServiceBindingActionsStep] Getting application "EAM-db-deployer"...#
#2026 10 06 12:36:55.436#Z#DEBUG#91ca7629-c182-11f1-ab57-eeee0a835edd.OPERATION#flowable-async-job-executor-thread-13304#
[DetermineApplicationServiceBindingActionsStep] Binding parameters for application "EAM-db-deployer": { }#
#2026 10 06 12:36:55.472#Z#DEBUG#91ca7629-c182-11f1-ab57-eeee0a835edd.OPERATION#flowable-async-job-executor-thread-13304#
[DetermineApplicationServiceBindingActionsStep] Check should rebind application "EAM-db-deployer" and service instance "EAM-db"#
#2026 10 06 12:36:55.472#Z#DEBUG#91ca7629-c182-11f1-ab57-eeee0a835edd.OPERATION#flowable-async-job-executor-thread-13304#
[DetermineApplicationServiceBindingActionsStep] Getting GUID of required service instance "EAM-db"...#
#2026 10 06 12:36:55.504#Z#DEBUG#91ca7629-c182-11f1-ab57-eeee0a835edd.OPERATION#flowable-async-job-executor-thread-13304#
[DetermineApplicationServiceBindingActionsStep] Getting binding of service instance "d6eb70ab-7a34-47fd-91c3-f81f999fe2dd" with application "9531f7fa-4c33-4611-b045-6530a56e307f"...#
#2026 10 06 12:36:55.538#Z#DEBUG#91ca7629-c182-11f1-ab57-eeee0a835edd.OPERATION#flowable-async-job-executor-thread-13304#
[DetermineApplicationServiceBindingActionsStep] Getting parameters of service binding "19ae654b-a1b6-4d0b-9293-7d847bf3015e"...#
#2026 10 06 12:36:55.741#Z#INFO#91ca7629-c182-11f1-ab57-eeee0a835edd.OPERATION#flowable-async-job-executor-thread-13304#
[DetermineApplicationServiceBindingActionsStep] Service instance "EAM-db" will not be rebound to application "EAM-db-deployer" because the binding parameters are not modified#
#2026 10 06 12:36:55.744#Z#DEBUG#91ca7629-c182-11f1-ab57-eeee0a835edd.OPERATION#flowable-async-job-executor-thread-13304#
[DetermineApplicationServiceBindingActionsStep] Calculated binding operations between application "EAM-db-deployer" and service instance "EAM-db": unbind - false bind - false#
#2026 10 06 12:36:55.744#Z#DEBUG#91ca7629-c182-11f1-ab57-eeee0a835edd.OPERATION#flowable-async-job-executor-thread-13304#
Step "Determine Application Service Binding Actions" finished#
#2026 10 06 12:36:55.816#Z#DEBUG#91ca7629-c182-11f1-ab57-eeee0a835edd.OPERATION#flowable-async-job-executor-thread-13304#
[DetermineVcapServicesPropertiesChangedStep] Executing task "determineVcapServicesPropertiesChangedTask" of process "9d853d45-c182-11f1-ab57-eeee0a835edd"...#
#2026 10 06 12:36:55.817#Z#DEBUG#91ca7629-c182-11f1-ab57-eeee0a835edd.OPERATION#flowable-async-job-executor-thread-13304#
[DetermineVcapServicesPropertiesChangedStep] VCAP_SERVICES properties for application "EAM-db-deployer" changed: false#
#2026 10 06 12:36:55.817#Z#DEBUG#91ca7629-c182-11f1-ab57-eeee0a835edd.OPERATION#flowable-async-job-executor-thread-13304#
Step "Determine vcap services properties changed" finished#
#2026 10 06 12:36:55.740#Z#DEBUG#91ca7629-c182-11f1-ab57-eeee0a835edd.OPERATION#flowable-async-job-executor-thread-10787#
[DetermineApplicationServiceBindingActionsStep] Executing task "determineApplicationServiceBindingActionsTask" of process "9d658059-c182-11f1-906e-eeee0a90c402"...#
#2026 10 06 12:36:55.741#Z#DEBUG#91ca7629-c182-11f1-ab57-eeee0a835edd.OPERATION#flowable-async-job-executor-thread-10787#
[DetermineApplicationServiceBindingActionsStep] Determine bind/unbind operations of application "EAM" to service instance "EAM-destination"#
#2026 10 06 12:36:55.741#Z#DEBUG#91ca7629-c182-11f1-ab57-eeee0a835edd.OPERATION#flowable-async-job-executor-thread-10787#
[DetermineApplicationServiceBindingActionsStep] Getting application "EAM"...#
#2026 10 06 12:36:55.774#Z#DEBUG#91ca7629-c182-11f1-ab57-eeee0a835edd.OPERATION#flowable-async-job-executor-thread-10787#
[DetermineApplicationServiceBindingActionsStep] Binding parameters for application "EAM": { }#
#2026 10 06 12:36:55.808#Z#DEBUG#91ca7629-c182-11f1-ab57-eeee0a835edd.OPERATION#flowable-async-job-executor-thread-10787#
[DetermineApplicationServiceBindingActionsStep] Check should rebind application "EAM" and service instance "EAM-destination"#
#2026 10 06 12:36:55.808#Z#DEBUG#91ca7629-c182-11f1-ab57-eeee0a835edd.OPERATION#flowable-async-job-executor-thread-10787#
[DetermineApplicationServiceBindingActionsStep] Getting GUID of required service instance "EAM-destination"...#
#2026 10 06 12:36:55.845#Z#DEBUG#91ca7629-c182-11f1-ab57-eeee0a835edd.OPERATION#flowable-async-job-executor-thread-10787#
[DetermineApplicationServiceBindingActionsStep] Getting binding of service instance "aa3d36cd-da64-4b61-b444-8d96bd9b23db" with application "fdff3cfa-eac9-4271-9cc2-7c17f54349a4"...#
#2026 10 06 12:36:55.873#Z#DEBUG#91ca7629-c182-11f1-ab57-eeee0a835edd.OPERATION#flowable-async-job-executor-thread-10787#
[DetermineApplicationServiceBindingActionsStep] Getting parameters of service binding "f5dd917c-6c22-4a4f-87c7-6242b9693d5a"...#
#2026 10 06 12:36:55.901#Z#WARN#91ca7629-c182-11f1-ab57-eeee0a835edd.OPERATION#flowable-async-job-executor-thread-10787#
[DetermineApplicationServiceBindingActionsStep] Cannot retrieve parameters of binding between application "EAM" and service instance "EAM-destination"#
#2026 10 06 12:36:55.902#Z#DEBUG#91ca7629-c182-11f1-ab57-eeee0a835edd.OPERATION#flowable-async-job-executor-thread-10787#
[DetermineApplicationServiceBindingActionsStep] Calculated binding operations between application "EAM" and service instance "EAM-destination": unbind - true bind - true#
#2026 10 06 12:36:55.902#Z#DEBUG#91ca7629-c182-11f1-ab57-eeee0a835edd.OPERATION#flowable-async-job-executor-thread-10787#
Step "Determine Application Service Binding Actions" finished#
#2026 10 06 12:36:55.837#Z#DEBUG#91ca7629-c182-11f1-ab57-eeee0a835edd.OPERATION#flowable-async-job-executor-thread-13304#
[UploadAppStep] Executing task "uploadAppTask" of process "9d853d45-c182-11f1-ab57-eeee0a835edd"...#
#2026 10 06 12:36:55.838#Z#DEBUG#91ca7629-c182-11f1-ab57-eeee0a835edd.OPERATION#flowable-async-job-executor-thread-13304#
[UploadAppStep] Application upload timeout is default one: 3,600 seconds#
#2026 10 06 12:36:55.838#Z#INFO#91ca7629-c182-11f1-ab57-eeee0a835edd.OPERATION#flowable-async-job-executor-thread-13304#
[UploadAppStep] Uploading application "EAM-db-deployer"...#
#2026 10 06 12:36:55.842#Z#DEBUG#91ca7629-c182-11f1-ab57-eeee0a835edd.OPERATION#flowable-async-job-executor-thread-13304#
[UploadAppStep] Getting application "EAM-db-deployer"...#
#2026 10 06 12:36:55.866#Z#DEBUG#91ca7629-c182-11f1-ab57-eeee0a835edd.OPERATION#flowable-async-job-executor-thread-13304#
[UploadAppStep] Getting environment of application "9531f7fa-4c33-4611-b045-6530a56e307f"...#
#2026 10 06 12:36:55.900#Z#INFO#91ca7629-c182-11f1-ab57-eeee0a835edd.OPERATION#flowable-async-job-executor-thread-13304#
[UploadAppStep] Calculating application digest: "EAM-db-deployer"#
#2026 10 06 12:36:55.940#Z#DEBUG#91ca7629-c182-11f1-ab57-eeee0a835edd.OPERATION#flowable-async-job-executor-thread-13304#
Step "Upload App" finished#
#2026 10 06 12:36:55.941#Z#DEBUG#91ca7629-c182-11f1-ab57-eeee0a835edd.OPERATION#flowable-async-job-executor-thread-10787#
[UnbindServiceFromApplicationStep] Executing task "unbindServiceFromApplicationTask" of process "9d658059-c182-11f1-906e-eeee0a90c402"...#
#2026 10 06 12:36:55.945#Z#INFO#91ca7629-c182-11f1-ab57-eeee0a835edd.OPERATION#flowable-async-job-executor-thread-10787#
[UnbindServiceFromApplicationStep] Unbinding service instance "EAM-destination" from application "EAM"...#
#2026 10 06 12:36:55.948#Z#DEBUG#91ca7629-c182-11f1-ab57-eeee0a835edd.OPERATION#flowable-async-job-executor-thread-10787#
[UnbindServiceFromApplicationStep] Unbinding application "EAM" from service instance "EAM-destination"...#
#2026 10 06 12:36:56.090#Z#DEBUG#91ca7629-c182-11f1-ab57-eeee0a835edd.OPERATION#flowable-async-job-executor-thread-10787#
Step "Unbind Service from Application" finished#
#2026 10 06 12:36:55.352#Z#DEBUG#91ca7629-c182-11f1-ab57-eeee0a835edd.OPERATION#flowable-async-job-executor-thread-13305#
[UploadContentStep] Executing task "uploadContentTask" of process "9d19d0bb-c182-11f1-ab57-eeee0a835edd"...#
#2026 10 06 12:36:55.353#Z#INFO#91ca7629-c182-11f1-ab57-eeee0a835edd.OPERATION#flowable-async-job-executor-thread-13305#
[UploadContentStep] Uploading content module "EAM-app-deployer" in target service "EAM-html5-repo-host"...#
#2026 10 06 12:36:55.357#Z#DEBUG#91ca7629-c182-11f1-ab57-eeee0a835edd.OPERATION#flowable-async-job-executor-thread-13305#
[UploadContentStep] Uploading file "EAM-app-deployer/resources/data.zip" for content module "EAM-app-deployer" in service "EAM-html5-repo-host"#
#2026 10 06 12:36:55.623#Z#INFO#91ca7629-c182-11f1-ab57-eeee0a835edd.OPERATION#flowable-async-job-executor-thread-13305#
[UploadContentStep] Content to deploy size: 6,465 in bytes#
#2026 10 06 12:36:56.194#Z#DEBUG#91ca7629-c182-11f1-ab57-eeee0a835edd.OPERATION#flowable-async-job-executor-thread-13305#
[UploadContentStep] Uploaded content: {
  "id" : "f149e02c-b268-4d8c-9a07-5114a716292b",
  "name" : "content.zip",
  "contentType" : "FILE"
}#
#2026 10 06 12:36:56.195#Z#DEBUG#91ca7629-c182-11f1-ab57-eeee0a835edd.OPERATION#flowable-async-job-executor-thread-13305#
Step "Upload Content" finished#
#2026 10 06 12:36:56.196#Z#DEBUG#91ca7629-c182-11f1-ab57-eeee0a835edd.OPERATION#flowable-async-job-executor-thread-13305#
[StartContentDeployStep] Executing task "startContentDeployTask" of process "9d19d0bb-c182-11f1-ab57-eeee0a835edd"...#
#2026 10 06 12:36:56.196#Z#INFO#91ca7629-c182-11f1-ab57-eeee0a835edd.OPERATION#flowable-async-job-executor-thread-13305#
[StartContentDeployStep] Deploying content module "EAM-app-deployer" in target service "EAM-html5-repo-host"...#
#2026 10 06 12:36:56.459#Z#DEBUG#91ca7629-c182-11f1-ab57-eeee0a835edd.OPERATION#flowable-async-job-executor-thread-13305#
Step "Start Content Deploy" finished#
#2026 10 06 12:36:57.846#Z#DEBUG#91ca7629-c182-11f1-ab57-eeee0a835edd.OPERATION#flowable-async-job-executor-thread-13306#
[CheckServiceBindingOperationStep] Executing task "checkForServiceBindingOperationInProgress" of process "9eba8948-c182-11f1-ab57-eeee0a835edd"...#
#2026 10 06 12:36:57.846#Z#DEBUG#91ca7629-c182-11f1-ab57-eeee0a835edd.OPERATION#flowable-async-job-executor-thread-13306#
[CheckServiceBindingOperationStep] Checking for service binding operation in progress between app "EAM" and service instance "EAM-html5-runtime"#
#2026 10 06 12:36:57.847#Z#DEBUG#91ca7629-c182-11f1-ab57-eeee0a835edd.OPERATION#flowable-async-job-executor-thread-13306#
[CheckServiceBindingOperationStep] Getting application guid "EAM"...#
#2026 10 06 12:36:57.869#Z#DEBUG#91ca7629-c182-11f1-ab57-eeee0a835edd.OPERATION#flowable-async-job-executor-thread-13306#
[CheckServiceBindingOperationStep] Getting GUID of required service instance "EAM-html5-runtime"...#
#2026 10 06 12:36:57.895#Z#DEBUG#91ca7629-c182-11f1-ab57-eeee0a835edd.OPERATION#flowable-async-job-executor-thread-13306#
[CheckServiceBindingOperationStep] Getting binding of service instance "e61c3fdb-ee14-47ec-88c8-1ccf07941a88" with application "fdff3cfa-eac9-4271-9cc2-7c17f54349a4"...#
#2026 10 06 12:36:57.933#Z#DEBUG#91ca7629-c182-11f1-ab57-eeee0a835edd.OPERATION#flowable-async-job-executor-thread-13306#
[CheckServiceBindingOperationStep] Service binding operation "9477fad0-27a3-4ba4-9f32-5a8eda6570a0" with type "create" is in state "succeeded"#
#2026 10 06 12:36:57.933#Z#DEBUG#91ca7629-c182-11f1-ab57-eeee0a835edd.OPERATION#flowable-async-job-executor-thread-13306#
Step "Check For Service Binding Operation In Progress" finished#
#2026 10 06 12:36:57.953#Z#DEBUG#91ca7629-c182-11f1-ab57-eeee0a835edd.OPERATION#flowable-async-job-executor-thread-13306#
[DetermineApplicationServiceBindingActionsStep] Executing task "determineApplicationServiceBindingActionsTask" of process "9eba8948-c182-11f1-ab57-eeee0a835edd"...#
#2026 10 06 12:36:57.954#Z#DEBUG#91ca7629-c182-11f1-ab57-eeee0a835edd.OPERATION#flowable-async-job-executor-thread-13306#
[DetermineApplicationServiceBindingActionsStep] Determine bind/unbind operations of application "EAM" to service instance "EAM-html5-runtime"#
#2026 10 06 12:36:57.954#Z#DEBUG#91ca7629-c182-11f1-ab57-eeee0a835edd.OPERATION#flowable-async-job-executor-thread-13306#
[DetermineApplicationServiceBindingActionsStep] Getting application "EAM"...#
#2026 10 06 12:36:57.982#Z#DEBUG#91ca7629-c182-11f1-ab57-eeee0a835edd.OPERATION#flowable-async-job-executor-thread-13306#
[DetermineApplicationServiceBindingActionsStep] Binding parameters for application "EAM": { }#
#2026 10 06 12:36:58.016#Z#DEBUG#91ca7629-c182-11f1-ab57-eeee0a835edd.OPERATION#flowable-async-job-executor-thread-13306#
[DetermineApplicationServiceBindingActionsStep] Check should rebind application "EAM" and service instance "EAM-html5-runtime"#
#2026 10 06 12:36:58.016#Z#DEBUG#91ca7629-c182-11f1-ab57-eeee0a835edd.OPERATION#flowable-async-job-executor-thread-13306#
[DetermineApplicationServiceBindingActionsStep] Getting GUID of required service instance "EAM-html5-runtime"...#
#2026 10 06 12:36:58.047#Z#DEBUG#91ca7629-c182-11f1-ab57-eeee0a835edd.OPERATION#flowable-async-job-executor-thread-13306#
[DetermineApplicationServiceBindingActionsStep] Getting binding of service instance "e61c3fdb-ee14-47ec-88c8-1ccf07941a88" with application "fdff3cfa-eac9-4271-9cc2-7c17f54349a4"...#
#2026 10 06 12:36:58.082#Z#DEBUG#91ca7629-c182-11f1-ab57-eeee0a835edd.OPERATION#flowable-async-job-executor-thread-13306#
[DetermineApplicationServiceBindingActionsStep] Getting parameters of service binding "9477fad0-27a3-4ba4-9f32-5a8eda6570a0"...#
#2026 10 06 12:36:58.111#Z#WARN#91ca7629-c182-11f1-ab57-eeee0a835edd.OPERATION#flowable-async-job-executor-thread-13306#
[DetermineApplicationServiceBindingActionsStep] Cannot retrieve parameters of binding between application "EAM" and service instance "EAM-html5-runtime"#
#2026 10 06 12:36:58.111#Z#DEBUG#91ca7629-c182-11f1-ab57-eeee0a835edd.OPERATION#flowable-async-job-executor-thread-13306#
[DetermineApplicationServiceBindingActionsStep] Calculated binding operations between application "EAM" and service instance "EAM-html5-runtime": unbind - true bind - true#
#2026 10 06 12:36:58.111#Z#DEBUG#91ca7629-c182-11f1-ab57-eeee0a835edd.OPERATION#flowable-async-job-executor-thread-13306#
Step "Determine Application Service Binding Actions" finished#
#2026 10 06 12:36:58.026#Z#DEBUG#91ca7629-c182-11f1-ab57-eeee0a835edd.OPERATION#flowable-async-job-executor-thread-10794#
[CheckServiceBindingOperationStep] Executing task "checkForServiceBindingOperationInProgress" of process "9ed4a0fe-c182-11f1-906e-eeee0a90c402"...#
#2026 10 06 12:36:58.027#Z#DEBUG#91ca7629-c182-11f1-ab57-eeee0a835edd.OPERATION#flowable-async-job-executor-thread-10794#
[CheckServiceBindingOperationStep] Checking for service binding operation in progress between app "EAM" and service instance "EAM-logging"#
#2026 10 06 12:36:58.028#Z#DEBUG#91ca7629-c182-11f1-ab57-eeee0a835edd.OPERATION#flowable-async-job-executor-thread-10794#
[CheckServiceBindingOperationStep] Getting application guid "EAM"...#
#2026 10 06 12:36:58.055#Z#DEBUG#91ca7629-c182-11f1-ab57-eeee0a835edd.OPERATION#flowable-async-job-executor-thread-10794#
[CheckServiceBindingOperationStep] Getting GUID of required service instance "EAM-logging"...#
#2026 10 06 12:36:58.082#Z#DEBUG#91ca7629-c182-11f1-ab57-eeee0a835edd.OPERATION#flowable-async-job-executor-thread-10794#
[CheckServiceBindingOperationStep] Getting binding of service instance "381dcddf-ecdc-48b3-966b-63e2c244f1ef" with application "fdff3cfa-eac9-4271-9cc2-7c17f54349a4"...#
#2026 10 06 12:36:58.116#Z#DEBUG#91ca7629-c182-11f1-ab57-eeee0a835edd.OPERATION#flowable-async-job-executor-thread-10794#
[CheckServiceBindingOperationStep] Service binding operation "6d0d7a83-49aa-4edd-9c36-78f90d0c2179" with type "create" is in state "succeeded"#
#2026 10 06 12:36:58.116#Z#DEBUG#91ca7629-c182-11f1-ab57-eeee0a835edd.OPERATION#flowable-async-job-executor-thread-10794#
Step "Check For Service Binding Operation In Progress" finished#
#2026 10 06 12:36:58.103#Z#DEBUG#91ca7629-c182-11f1-ab57-eeee0a835edd.OPERATION#flowable-async-job-executor-thread-10042#
[CheckServiceBindingOperationStep] Executing task "checkForServiceBindingOperationInProgress" of process "9edf9d7e-c182-11f1-a137-eeee0a8fe793"...#
#2026 10 06 12:36:58.103#Z#DEBUG#91ca7629-c182-11f1-ab57-eeee0a835edd.OPERATION#flowable-async-job-executor-thread-10042#
[CheckServiceBindingOperationStep] Checking for service binding operation in progress between app "EAM" and service instance "EAM-auth"#
#2026 10 06 12:36:58.104#Z#DEBUG#91ca7629-c182-11f1-ab57-eeee0a835edd.OPERATION#flowable-async-job-executor-thread-10042#
[CheckServiceBindingOperationStep] Getting application guid "EAM"...#
#2026 10 06 12:36:58.139#Z#DEBUG#91ca7629-c182-11f1-ab57-eeee0a835edd.OPERATION#flowable-async-job-executor-thread-10042#
[CheckServiceBindingOperationStep] Getting GUID of required service instance "EAM-auth"...#
#2026 10 06 12:36:58.172#Z#DEBUG#91ca7629-c182-11f1-ab57-eeee0a835edd.OPERATION#flowable-async-job-executor-thread-10042#
[CheckServiceBindingOperationStep] Getting binding of service instance "d2374b41-f4d4-46b8-84d6-b0228a823d08" with application "fdff3cfa-eac9-4271-9cc2-7c17f54349a4"...#
#2026 10 06 12:36:58.209#Z#DEBUG#91ca7629-c182-11f1-ab57-eeee0a835edd.OPERATION#flowable-async-job-executor-thread-10042#
[CheckServiceBindingOperationStep] Service binding operation "77a3bd7b-35cd-43b1-bd03-98632c46f239" with type "create" is in state "succeeded"#
#2026 10 06 12:36:58.209#Z#DEBUG#91ca7629-c182-11f1-ab57-eeee0a835edd.OPERATION#flowable-async-job-executor-thread-10042#
Step "Check For Service Binding Operation In Progress" finished#
#2026 10 06 12:36:58.137#Z#DEBUG#91ca7629-c182-11f1-ab57-eeee0a835edd.OPERATION#flowable-async-job-executor-thread-13306#
[UnbindServiceFromApplicationStep] Executing task "unbindServiceFromApplicationTask" of process "9eba8948-c182-11f1-ab57-eeee0a835edd"...#
#2026 10 06 12:36:58.139#Z#INFO#91ca7629-c182-11f1-ab57-eeee0a835edd.OPERATION#flowable-async-job-executor-thread-13306#
[UnbindServiceFromApplicationStep] Unbinding service instance "EAM-html5-runtime" from application "EAM"...#
#2026 10 06 12:36:58.142#Z#DEBUG#91ca7629-c182-11f1-ab57-eeee0a835edd.OPERATION#flowable-async-job-executor-thread-13306#
[UnbindServiceFromApplicationStep] Unbinding application "EAM" from service instance "EAM-html5-runtime"...#
#2026 10 06 12:36:58.295#Z#DEBUG#91ca7629-c182-11f1-ab57-eeee0a835edd.OPERATION#flowable-async-job-executor-thread-13306#
Step "Unbind Service from Application" finished#
#2026 10 06 12:36:58.147#Z#DEBUG#91ca7629-c182-11f1-ab57-eeee0a835edd.OPERATION#flowable-async-job-executor-thread-10794#
[DetermineApplicationServiceBindingActionsStep] Executing task "determineApplicationServiceBindingActionsTask" of process "9ed4a0fe-c182-11f1-906e-eeee0a90c402"...#
#2026 10 06 12:36:58.149#Z#DEBUG#91ca7629-c182-11f1-ab57-eeee0a835edd.OPERATION#flowable-async-job-executor-thread-10794#
[DetermineApplicationServiceBindingActionsStep] Determine bind/unbind operations of application "EAM" to service instance "EAM-logging"#
#2026 10 06 12:36:58.149#Z#DEBUG#91ca7629-c182-11f1-ab57-eeee0a835edd.OPERATION#flowable-async-job-executor-thread-10794#
[DetermineApplicationServiceBindingActionsStep] Getting application "EAM"...#
#2026 10 06 12:36:58.179#Z#DEBUG#91ca7629-c182-11f1-ab57-eeee0a835edd.OPERATION#flowable-async-job-executor-thread-10794#
[DetermineApplicationServiceBindingActionsStep] Binding parameters for application "EAM": { }#
#2026 10 06 12:36:58.222#Z#DEBUG#91ca7629-c182-11f1-ab57-eeee0a835edd.OPERATION#flowable-async-job-executor-thread-10794#
[DetermineApplicationServiceBindingActionsStep] Check should rebind application "EAM" and service instance "EAM-logging"#
#2026 10 06 12:36:58.222#Z#DEBUG#91ca7629-c182-11f1-ab57-eeee0a835edd.OPERATION#flowable-async-job-executor-thread-10794#
[DetermineApplicationServiceBindingActionsStep] Getting GUID of required service instance "EAM-logging"...#
#2026 10 06 12:36:58.252#Z#DEBUG#91ca7629-c182-11f1-ab57-eeee0a835edd.OPERATION#flowable-async-job-executor-thread-10794#
[DetermineApplicationServiceBindingActionsStep] Getting binding of service instance "381dcddf-ecdc-48b3-966b-63e2c244f1ef" with application "fdff3cfa-eac9-4271-9cc2-7c17f54349a4"...#
#2026 10 06 12:36:58.282#Z#DEBUG#91ca7629-c182-11f1-ab57-eeee0a835edd.OPERATION#flowable-async-job-executor-thread-10794#
[DetermineApplicationServiceBindingActionsStep] Getting parameters of service binding "6d0d7a83-49aa-4edd-9c36-78f90d0c2179"...#
#2026 10 06 12:36:58.307#Z#WARN#91ca7629-c182-11f1-ab57-eeee0a835edd.OPERATION#flowable-async-job-executor-thread-10794#
[DetermineApplicationServiceBindingActionsStep] Cannot retrieve parameters of binding between application "EAM" and service instance "EAM-logging"#
#2026 10 06 12:36:58.308#Z#DEBUG#91ca7629-c182-11f1-ab57-eeee0a835edd.OPERATION#flowable-async-job-executor-thread-10794#
[DetermineApplicationServiceBindingActionsStep] Calculated binding operations between application "EAM" and service instance "EAM-logging": unbind - true bind - true#
#2026 10 06 12:36:58.308#Z#DEBUG#91ca7629-c182-11f1-ab57-eeee0a835edd.OPERATION#flowable-async-job-executor-thread-10794#
Step "Determine Application Service Binding Actions" finished#
#2026 10 06 12:36:58.239#Z#DEBUG#91ca7629-c182-11f1-ab57-eeee0a835edd.OPERATION#flowable-async-job-executor-thread-10042#
[DetermineApplicationServiceBindingActionsStep] Executing task "determineApplicationServiceBindingActionsTask" of process "9edf9d7e-c182-11f1-a137-eeee0a8fe793"...#
#2026 10 06 12:36:58.241#Z#DEBUG#91ca7629-c182-11f1-ab57-eeee0a835edd.OPERATION#flowable-async-job-executor-thread-10042#
[DetermineApplicationServiceBindingActionsStep] Determine bind/unbind operations of application "EAM" to service instance "EAM-auth"#
#2026 10 06 12:36:58.241#Z#DEBUG#91ca7629-c182-11f1-ab57-eeee0a835edd.OPERATION#flowable-async-job-executor-thread-10042#
[DetermineApplicationServiceBindingActionsStep] Getting application "EAM"...#
#2026 10 06 12:36:58.274#Z#DEBUG#91ca7629-c182-11f1-ab57-eeee0a835edd.OPERATION#flowable-async-job-executor-thread-10042#
[DetermineApplicationServiceBindingActionsStep] Binding parameters for application "EAM": { }#
#2026 10 06 12:36:58.312#Z#DEBUG#91ca7629-c182-11f1-ab57-eeee0a835edd.OPERATION#flowable-async-job-executor-thread-10042#
[DetermineApplicationServiceBindingActionsStep] Check should rebind application "EAM" and service instance "EAM-auth"#
#2026 10 06 12:36:58.312#Z#DEBUG#91ca7629-c182-11f1-ab57-eeee0a835edd.OPERATION#flowable-async-job-executor-thread-10042#
[DetermineApplicationServiceBindingActionsStep] Getting GUID of required service instance "EAM-auth"...#
#2026 10 06 12:36:58.355#Z#DEBUG#91ca7629-c182-11f1-ab57-eeee0a835edd.OPERATION#flowable-async-job-executor-thread-10042#
[DetermineApplicationServiceBindingActionsStep] Getting binding of service instance "d2374b41-f4d4-46b8-84d6-b0228a823d08" with application "fdff3cfa-eac9-4271-9cc2-7c17f54349a4"...#
#2026 10 06 12:36:58.390#Z#DEBUG#91ca7629-c182-11f1-ab57-eeee0a835edd.OPERATION#flowable-async-job-executor-thread-10042#
[DetermineApplicationServiceBindingActionsStep] Getting parameters of service binding "77a3bd7b-35cd-43b1-bd03-98632c46f239"...#
#2026 10 06 12:36:58.421#Z#WARN#91ca7629-c182-11f1-ab57-eeee0a835edd.OPERATION#flowable-async-job-executor-thread-10042#
[DetermineApplicationServiceBindingActionsStep] Cannot retrieve parameters of binding between application "EAM" and service instance "EAM-auth"#
#2026 10 06 12:36:58.423#Z#DEBUG#91ca7629-c182-11f1-ab57-eeee0a835edd.OPERATION#flowable-async-job-executor-thread-10042#
[DetermineApplicationServiceBindingActionsStep] Calculated binding operations between application "EAM" and service instance "EAM-auth": unbind - true bind - true#
#2026 10 06 12:36:58.423#Z#DEBUG#91ca7629-c182-11f1-ab57-eeee0a835edd.OPERATION#flowable-async-job-executor-thread-10042#
Step "Determine Application Service Binding Actions" finished#
#2026 10 06 12:36:58.333#Z#DEBUG#91ca7629-c182-11f1-ab57-eeee0a835edd.OPERATION#flowable-async-job-executor-thread-10794#
[UnbindServiceFromApplicationStep] Executing task "unbindServiceFromApplicationTask" of process "9ed4a0fe-c182-11f1-906e-eeee0a90c402"...#
#2026 10 06 12:36:58.335#Z#INFO#91ca7629-c182-11f1-ab57-eeee0a835edd.OPERATION#flowable-async-job-executor-thread-10794#
[UnbindServiceFromApplicationStep] Unbinding service instance "EAM-logging" from application "EAM"...#
#2026 10 06 12:36:58.340#Z#DEBUG#91ca7629-c182-11f1-ab57-eeee0a835edd.OPERATION#flowable-async-job-executor-thread-10794#
[UnbindServiceFromApplicationStep] Unbinding application "EAM" from service instance "EAM-logging"...#
#2026 10 06 12:36:58.465#Z#DEBUG#91ca7629-c182-11f1-ab57-eeee0a835edd.OPERATION#flowable-async-job-executor-thread-10794#
Step "Unbind Service from Application" finished#
#2026 10 06 12:36:58.459#Z#DEBUG#91ca7629-c182-11f1-ab57-eeee0a835edd.OPERATION#flowable-async-job-executor-thread-10043#
[UnbindServiceFromApplicationStep] Executing task "unbindServiceFromApplicationTask" of process "9edf9d7e-c182-11f1-a137-eeee0a8fe793"...#
#2026 10 06 12:36:58.462#Z#INFO#91ca7629-c182-11f1-ab57-eeee0a835edd.OPERATION#flowable-async-job-executor-thread-10043#
[UnbindServiceFromApplicationStep] Unbinding service instance "EAM-auth" from application "EAM"...#
#2026 10 06 12:36:58.466#Z#DEBUG#91ca7629-c182-11f1-ab57-eeee0a835edd.OPERATION#flowable-async-job-executor-thread-10043#
[UnbindServiceFromApplicationStep] Unbinding application "EAM" from service instance "EAM-auth"...#
#2026 10 06 12:36:58.601#Z#DEBUG#91ca7629-c182-11f1-ab57-eeee0a835edd.OPERATION#flowable-async-job-executor-thread-10043#
Step "Unbind Service from Application" finished#
#2026 10 06 12:37:01.747#Z#DEBUG#91ca7629-c182-11f1-ab57-eeee0a835edd.OPERATION#flowable-async-job-executor-thread-13312#
[UnbindServiceFromApplicationStep] Executing task "unbindServiceFromApplicationTask" of process "9d07f6de-c182-11f1-906e-eeee0a90c402"...#
#2026 10 06 12:37:01.748#Z#DEBUG#91ca7629-c182-11f1-ab57-eeee0a835edd.OPERATION#flowable-async-job-executor-thread-13312#
[UnbindServiceFromApplicationStep] Getting async job "d90021cd-ac3b-4085-8fcf-52f3b11adc10"#
#2026 10 06 12:37:01.761#Z#DEBUG#91ca7629-c182-11f1-ab57-eeee0a835edd.OPERATION#flowable-async-job-executor-thread-13309#
[UnbindServiceFromApplicationStep] Executing task "unbindServiceFromApplicationTask" of process "9ba7a41d-c182-11f1-ab57-eeee0a835edd"...#
#2026 10 06 12:37:01.762#Z#DEBUG#91ca7629-c182-11f1-ab57-eeee0a835edd.OPERATION#flowable-async-job-executor-thread-13309#
[UnbindServiceFromApplicationStep] Getting async job "6d89b6cd-89e8-4bf8-aa1f-1bbc4996c327"#
#2026 10 06 12:37:01.766#Z#DEBUG#91ca7629-c182-11f1-ab57-eeee0a835edd.OPERATION#flowable-async-job-executor-thread-13312#
[UnbindServiceFromApplicationStep] Getting service instance "EAM-destination"...#
#2026 10 06 12:37:01.773#Z#DEBUG#91ca7629-c182-11f1-ab57-eeee0a835edd.OPERATION#flowable-async-job-executor-thread-13307#
[UnbindServiceFromApplicationStep] Executing task "unbindServiceFromApplicationTask" of process "9cddd97d-c182-11f1-ab57-eeee0a835edd"...#
#2026 10 06 12:37:01.774#Z#DEBUG#91ca7629-c182-11f1-ab57-eeee0a835edd.OPERATION#flowable-async-job-executor-thread-13307#
[UnbindServiceFromApplicationStep] Getting async job "4d62bc72-9b0e-4897-975e-279e7cfd6846"#
#2026 10 06 12:37:01.786#Z#DEBUG#91ca7629-c182-11f1-ab57-eeee0a835edd.OPERATION#flowable-async-job-executor-thread-13309#
[UnbindServiceFromApplicationStep] Getting service instance "EAM-connectivity"...#
#2026 10 06 12:37:01.791#Z#DEBUG#91ca7629-c182-11f1-ab57-eeee0a835edd.OPERATION#flowable-async-job-executor-thread-13307#
[UnbindServiceFromApplicationStep] Getting service instance "EAM-auth"...#
#2026 10 06 12:37:01.884#Z#DEBUG#91ca7629-c182-11f1-ab57-eeee0a835edd.OPERATION#flowable-async-job-executor-thread-13312#
[UnbindServiceFromApplicationStep] Async service binding operation with id "d90021cd-ac3b-4085-8fcf-52f3b11adc10" finished#
#2026 10 06 12:37:01.885#Z#DEBUG#91ca7629-c182-11f1-ab57-eeee0a835edd.OPERATION#flowable-async-job-executor-thread-13312#
Step "Unbind Service from Application" finished#
#2026 10 06 12:37:01.910#Z#DEBUG#91ca7629-c182-11f1-ab57-eeee0a835edd.OPERATION#flowable-async-job-executor-thread-13307#
[UnbindServiceFromApplicationStep] Async service binding operation with id "4d62bc72-9b0e-4897-975e-279e7cfd6846" finished#
#2026 10 06 12:37:01.912#Z#DEBUG#91ca7629-c182-11f1-ab57-eeee0a835edd.OPERATION#flowable-async-job-executor-thread-13307#
Step "Unbind Service from Application" finished#
#2026 10 06 12:37:01.917#Z#DEBUG#91ca7629-c182-11f1-ab57-eeee0a835edd.OPERATION#flowable-async-job-executor-thread-13309#
[UnbindServiceFromApplicationStep] Async service binding operation with id "6d89b6cd-89e8-4bf8-aa1f-1bbc4996c327" finished#
#2026 10 06 12:37:01.918#Z#DEBUG#91ca7629-c182-11f1-ab57-eeee0a835edd.OPERATION#flowable-async-job-executor-thread-13309#
Step "Unbind Service from Application" finished#
#2026 10 06 12:37:01.768#Z#DEBUG#91ca7629-c182-11f1-ab57-eeee0a835edd.OPERATION#flowable-async-job-executor-thread-10798#
[UnbindServiceFromApplicationStep] Executing task "unbindServiceFromApplicationTask" of process "9d658059-c182-11f1-906e-eeee0a90c402"...#
#2026 10 06 12:37:01.773#Z#DEBUG#91ca7629-c182-11f1-ab57-eeee0a835edd.OPERATION#flowable-async-job-executor-thread-10798#
[UnbindServiceFromApplicationStep] Getting async job "671bc3a8-1062-4a79-bfa7-ef3b5179c66e"#
#2026 10 06 12:37:01.800#Z#DEBUG#91ca7629-c182-11f1-ab57-eeee0a835edd.OPERATION#flowable-async-job-executor-thread-10798#
[UnbindServiceFromApplicationStep] Getting service instance "EAM-destination"...#
#2026 10 06 12:37:01.942#Z#DEBUG#91ca7629-c182-11f1-ab57-eeee0a835edd.OPERATION#flowable-async-job-executor-thread-10798#
[UnbindServiceFromApplicationStep] Async service binding operation with id "671bc3a8-1062-4a79-bfa7-ef3b5179c66e" finished#
#2026 10 06 12:37:01.944#Z#DEBUG#91ca7629-c182-11f1-ab57-eeee0a835edd.OPERATION#flowable-async-job-executor-thread-10798#
Step "Unbind Service from Application" finished#
#2026 10 06 12:37:01.802#Z#DEBUG#91ca7629-c182-11f1-ab57-eeee0a835edd.OPERATION#flowable-async-job-executor-thread-10045#
[UnbindServiceFromApplicationStep] Executing task "unbindServiceFromApplicationTask" of process "9cef1830-c182-11f1-ab57-eeee0a835edd"...#
#2026 10 06 12:37:01.805#Z#DEBUG#91ca7629-c182-11f1-ab57-eeee0a835edd.OPERATION#flowable-async-job-executor-thread-10045#
[UnbindServiceFromApplicationStep] Getting async job "e79796ee-4fa4-4d34-9f71-f52d1cf8a4d9"#
#2026 10 06 12:37:01.828#Z#DEBUG#91ca7629-c182-11f1-ab57-eeee0a835edd.OPERATION#flowable-async-job-executor-thread-10045#
[UnbindServiceFromApplicationStep] Getting service instance "EAM-logging"...#
#2026 10 06 12:37:01.962#Z#DEBUG#91ca7629-c182-11f1-ab57-eeee0a835edd.OPERATION#flowable-async-job-executor-thread-10045#
[UnbindServiceFromApplicationStep] Async service binding operation with id "e79796ee-4fa4-4d34-9f71-f52d1cf8a4d9" finished#
#2026 10 06 12:37:01.965#Z#DEBUG#91ca7629-c182-11f1-ab57-eeee0a835edd.OPERATION#flowable-async-job-executor-thread-10045#
Step "Unbind Service from Application" finished#
#2026 10 06 12:37:01.911#Z#DEBUG#91ca7629-c182-11f1-ab57-eeee0a835edd.OPERATION#flowable-async-job-executor-thread-13312#
[BindServiceToApplicationStep] Executing task "bindServiceToApplicationTask" of process "9d07f6de-c182-11f1-906e-eeee0a90c402"...#
#2026 10 06 12:37:01.912#Z#INFO#91ca7629-c182-11f1-ab57-eeee0a835edd.OPERATION#flowable-async-job-executor-thread-13312#
[BindServiceToApplicationStep] Binding service instance "EAM-destination" to application "EAM-srv"...#
#2026 10 06 12:37:01.918#Z#DEBUG#91ca7629-c182-11f1-ab57-eeee0a835edd.OPERATION#flowable-async-job-executor-thread-13312#
[BindServiceToApplicationStep] Binding service instance "EAM-destination" to application "EAM-srv" with parameters: { }#
#2026 10 06 12:37:01.944#Z#DEBUG#91ca7629-c182-11f1-ab57-eeee0a835edd.OPERATION#flowable-async-job-executor-thread-13307#
[BindServiceToApplicationStep] Executing task "bindServiceToApplicationTask" of process "9cddd97d-c182-11f1-ab57-eeee0a835edd"...#
#2026 10 06 12:37:01.945#Z#DEBUG#91ca7629-c182-11f1-ab57-eeee0a835edd.OPERATION#flowable-async-job-executor-thread-13309#
[BindServiceToApplicationStep] Executing task "bindServiceToApplicationTask" of process "9ba7a41d-c182-11f1-ab57-eeee0a835edd"...#
#2026 10 06 12:37:01.946#Z#INFO#91ca7629-c182-11f1-ab57-eeee0a835edd.OPERATION#flowable-async-job-executor-thread-13309#
[BindServiceToApplicationStep] Binding service instance "EAM-connectivity" to application "EAM-srv"...#
#2026 10 06 12:37:01.946#Z#INFO#91ca7629-c182-11f1-ab57-eeee0a835edd.OPERATION#flowable-async-job-executor-thread-13307#
[BindServiceToApplicationStep] Binding service instance "EAM-auth" to application "EAM-srv"...#
#2026 10 06 12:37:01.950#Z#DEBUG#91ca7629-c182-11f1-ab57-eeee0a835edd.OPERATION#flowable-async-job-executor-thread-13307#
[BindServiceToApplicationStep] Binding service instance "EAM-auth" to application "EAM-srv" with parameters: { }#
#2026 10 06 12:37:01.951#Z#DEBUG#91ca7629-c182-11f1-ab57-eeee0a835edd.OPERATION#flowable-async-job-executor-thread-13309#
[BindServiceToApplicationStep] Binding service instance "EAM-connectivity" to application "EAM-srv" with parameters: { }#
#2026 10 06 12:37:02.046#Z#DEBUG#91ca7629-c182-11f1-ab57-eeee0a835edd.OPERATION#flowable-async-job-executor-thread-13312#
Step "Bind Service to Application" finished#
#2026 10 06 12:37:02.065#Z#DEBUG#91ca7629-c182-11f1-ab57-eeee0a835edd.OPERATION#flowable-async-job-executor-thread-13307#
Step "Bind Service to Application" finished#
#2026 10 06 12:37:02.082#Z#DEBUG#91ca7629-c182-11f1-ab57-eeee0a835edd.OPERATION#flowable-async-job-executor-thread-13309#
Step "Bind Service to Application" finished#
#2026 10 06 12:37:01.979#Z#DEBUG#91ca7629-c182-11f1-ab57-eeee0a835edd.OPERATION#flowable-async-job-executor-thread-10799#
[BindServiceToApplicationStep] Executing task "bindServiceToApplicationTask" of process "9d658059-c182-11f1-906e-eeee0a90c402"...#
#2026 10 06 12:37:01.980#Z#INFO#91ca7629-c182-11f1-ab57-eeee0a835edd.OPERATION#flowable-async-job-executor-thread-10799#
[BindServiceToApplicationStep] Binding service instance "EAM-destination" to application "EAM"...#
#2026 10 06 12:37:01.990#Z#DEBUG#91ca7629-c182-11f1-ab57-eeee0a835edd.OPERATION#flowable-async-job-executor-thread-10799#
[BindServiceToApplicationStep] Binding service instance "EAM-destination" to application "EAM" with parameters: { }#
#2026 10 06 12:37:02.124#Z#DEBUG#91ca7629-c182-11f1-ab57-eeee0a835edd.OPERATION#flowable-async-job-executor-thread-10799#
Step "Bind Service to Application" finished#
#2026 10 06 12:37:02.018#Z#DEBUG#91ca7629-c182-11f1-ab57-eeee0a835edd.OPERATION#flowable-async-job-executor-thread-10046#
[BindServiceToApplicationStep] Executing task "bindServiceToApplicationTask" of process "9cef1830-c182-11f1-ab57-eeee0a835edd"...#
#2026 10 06 12:37:02.021#Z#INFO#91ca7629-c182-11f1-ab57-eeee0a835edd.OPERATION#flowable-async-job-executor-thread-10046#
[BindServiceToApplicationStep] Binding service instance "EAM-logging" to application "EAM-srv"...#
#2026 10 06 12:37:02.027#Z#DEBUG#91ca7629-c182-11f1-ab57-eeee0a835edd.OPERATION#flowable-async-job-executor-thread-10046#
[BindServiceToApplicationStep] Binding service instance "EAM-logging" to application "EAM-srv" with parameters: { }#
#2026 10 06 12:37:02.141#Z#DEBUG#91ca7629-c182-11f1-ab57-eeee0a835edd.OPERATION#flowable-async-job-executor-thread-10046#
Step "Bind Service to Application" finished#
#2026 10 06 12:37:01.766#Z#DEBUG#91ca7629-c182-11f1-ab57-eeee0a835edd.OPERATION#flowable-async-job-executor-thread-13306#
[UploadAppStep] Executing task "uploadAppTask" of process "9d853d45-c182-11f1-ab57-eeee0a835edd"...#
#2026 10 06 12:37:01.768#Z#DEBUG#91ca7629-c182-11f1-ab57-eeee0a835edd.OPERATION#flowable-async-job-executor-thread-13306#
[UploadAppStep] Application upload timeout is default one: 3,600 seconds#
#2026 10 06 12:37:01.770#Z#DEBUG#91ca7629-c182-11f1-ab57-eeee0a835edd.OPERATION#pool-14-thread-1#
[UploadAppStep] Upload of application: EAM-db-deployer started on instance: 0#
#2026 10 06 12:37:01.770#Z#DEBUG#91ca7629-c182-11f1-ab57-eeee0a835edd.OPERATION#pool-14-thread-1#
[UploadAppStep] Uploading file "EAM-db-deployer/data.zip" for application "EAM-db-deployer"#
#2026 10 06 12:37:01.936#Z#INFO#91ca7629-c182-11f1-ab57-eeee0a835edd.OPERATION#pool-14-thread-1#
[UploadAppStep] Time elapsed for app binary download: 166 in millis#
#2026 10 06 12:37:01.936#Z#INFO#91ca7629-c182-11f1-ab57-eeee0a835edd.OPERATION#pool-14-thread-1#
[UploadAppStep] Size of app EAM-db-deployer is 2,507,228 bytes#
#2026 10 06 12:37:01.936#Z#DEBUG#91ca7629-c182-11f1-ab57-eeee0a835edd.OPERATION#pool-14-thread-1#
[UploadAppStep] Asynchronously uploading binaries for application "EAM-db-deployer"...#
#2026 10 06 12:37:02.128#Z#INFO#91ca7629-c182-11f1-ab57-eeee0a835edd.OPERATION#pool-14-thread-1#
[UploadAppStep] Started async upload of application "EAM-db-deployer"#
#2026 10 06 12:37:02.131#Z#INFO#91ca7629-c182-11f1-ab57-eeee0a835edd.OPERATION#flowable-async-job-executor-thread-13306#
[UploadAppStep] Time elapsed for upload: 362 in millis#
#2026 10 06 12:37:02.131#Z#DEBUG#91ca7629-c182-11f1-ab57-eeee0a835edd.OPERATION#flowable-async-job-executor-thread-13306#
[UploadAppStep] Getting application "EAM-db-deployer"...#
#2026 10 06 12:37:02.151#Z#DEBUG#91ca7629-c182-11f1-ab57-eeee0a835edd.OPERATION#App upload monitor: 5a4b0dfb-a0c3-4e31-8e2b-eedcb049f9ac#
[UploadAppStep] Upload status: PROCESSING_UPLOAD#
#2026 10 06 12:37:02.161#Z#DEBUG#91ca7629-c182-11f1-ab57-eeee0a835edd.OPERATION#flowable-async-job-executor-thread-13306#
[UploadAppStep] Getting environment of application "9531f7fa-4c33-4611-b045-6530a56e307f"...#
#2026 10 06 12:37:02.187#Z#DEBUG#91ca7629-c182-11f1-ab57-eeee0a835edd.OPERATION#flowable-async-job-executor-thread-13306#
[UploadAppStep] Updating environment of application "EAM-db-deployer"#
#2026 10 06 12:37:02.256#Z#DEBUG#91ca7629-c182-11f1-ab57-eeee0a835edd.OPERATION#flowable-async-job-executor-thread-13306#
Step "Upload App" finished#
#2026 10 06 12:37:01.755#Z#DEBUG#91ca7629-c182-11f1-ab57-eeee0a835edd.OPERATION#flowable-async-job-executor-thread-13310#
[StartContentDeployStep] Executing task "startContentDeployTask" of process "9d19d0bb-c182-11f1-ab57-eeee0a835edd"...#
#2026 10 06 12:37:01.757#Z#DEBUG#91ca7629-c182-11f1-ab57-eeee0a835edd.OPERATION#flowable-async-job-executor-thread-13310#
[StartContentDeployStep] Checking status of module content deployment "EAM-app-deployer" in service "EAM-html5-repo-host"...#
#2026 10 06 12:37:02.283#Z#DEBUG#91ca7629-c182-11f1-ab57-eeee0a835edd.OPERATION#flowable-async-job-executor-thread-13310#
[StartContentDeployStep] Deleting content deployment resource "f149e02c-b268-4d8c-9a07-5114a716292b"...#
#2026 10 06 12:37:02.330#Z#DEBUG#91ca7629-c182-11f1-ab57-eeee0a835edd.OPERATION#flowable-async-job-executor-thread-13310#
Step "Start Content Deploy" finished#
#2026 10 06 12:37:11.827#Z#DEBUG#91ca7629-c182-11f1-ab57-eeee0a835edd.OPERATION#flowable-async-job-executor-thread-13321#
[UploadAppStep] Executing task "uploadAppTask" of process "9d853d45-c182-11f1-ab57-eeee0a835edd"...#
#2026 10 06 12:37:11.829#Z#DEBUG#91ca7629-c182-11f1-ab57-eeee0a835edd.OPERATION#flowable-async-job-executor-thread-13321#
[UploadAppStep] Application upload timeout is default one: 3,600 seconds#
#2026 10 06 12:37:11.829#Z#DEBUG#91ca7629-c182-11f1-ab57-eeee0a835edd.OPERATION#flowable-async-job-executor-thread-13321#
[UploadAppStep] Checking upload status of application "EAM-db-deployer"...#
#2026 10 06 12:37:11.829#Z#DEBUG#91ca7629-c182-11f1-ab57-eeee0a835edd.OPERATION#flowable-async-job-executor-thread-13321#
[UploadAppStep] Getting package "5a4b0dfb-a0c3-4e31-8e2b-eedcb049f9ac"...#
#2026 10 06 12:37:11.850#Z#DEBUG#91ca7629-c182-11f1-ab57-eeee0a835edd.OPERATION#flowable-async-job-executor-thread-13321#
[UploadAppStep] Application "EAM-db-deployer" uploaded#
#2026 10 06 12:37:11.850#Z#DEBUG#91ca7629-c182-11f1-ab57-eeee0a835edd.OPERATION#flowable-async-job-executor-thread-13321#
Step "Upload App" finished#
#2026 10 06 12:37:11.876#Z#DEBUG#91ca7629-c182-11f1-ab57-eeee0a835edd.OPERATION#flowable-async-job-executor-thread-13321#
[ScaleAppStep] Executing task "scaleAppTask" of process "9d853d45-c182-11f1-ab57-eeee0a835edd"...#
#2026 10 06 12:37:11.878#Z#DEBUG#91ca7629-c182-11f1-ab57-eeee0a835edd.OPERATION#flowable-async-job-executor-thread-13321#
[ScaleAppStep] Scaling application "EAM-db-deployer"...#
#2026 10 06 12:37:11.878#Z#DEBUG#91ca7629-c182-11f1-ab57-eeee0a835edd.OPERATION#flowable-async-job-executor-thread-13321#
[ScaleAppStep] Getting application guid "EAM-db-deployer"...#
#2026 10 06 12:37:11.908#Z#DEBUG#91ca7629-c182-11f1-ab57-eeee0a835edd.OPERATION#flowable-async-job-executor-thread-13321#
[ScaleAppStep] Getting process for application "9531f7fa-4c33-4611-b045-6530a56e307f"...#
#2026 10 06 12:37:11.942#Z#DEBUG#91ca7629-c182-11f1-ab57-eeee0a835edd.OPERATION#flowable-async-job-executor-thread-13321#
[ScaleAppStep] Application "EAM-db-deployer" scaled#
#2026 10 06 12:37:11.942#Z#DEBUG#91ca7629-c182-11f1-ab57-eeee0a835edd.OPERATION#flowable-async-job-executor-thread-13321#
Step "Scale App" finished#
#2026 10 06 12:37:11.797#Z#DEBUG#91ca7629-c182-11f1-ab57-eeee0a835edd.OPERATION#flowable-async-job-executor-thread-10804#
[UnbindServiceFromApplicationStep] Executing task "unbindServiceFromApplicationTask" of process "9eba8948-c182-11f1-ab57-eeee0a835edd"...#
#2026 10 06 12:37:11.799#Z#DEBUG#91ca7629-c182-11f1-ab57-eeee0a835edd.OPERATION#flowable-async-job-executor-thread-10804#
[UnbindServiceFromApplicationStep] Getting async job "e3c3b23c-e639-4da4-951b-d84b2373da43"#
#2026 10 06 12:37:11.811#Z#DEBUG#91ca7629-c182-11f1-ab57-eeee0a835edd.OPERATION#flowable-async-job-executor-thread-10805#
[UnbindServiceFromApplicationStep] Executing task "unbindServiceFromApplicationTask" of process "9ed4a0fe-c182-11f1-906e-eeee0a90c402"...#
#2026 10 06 12:37:11.816#Z#DEBUG#91ca7629-c182-11f1-ab57-eeee0a835edd.OPERATION#flowable-async-job-executor-thread-10805#
[UnbindServiceFromApplicationStep] Getting async job "db12e69c-1791-4372-ba83-27c7aa99a55b"#
#2026 10 06 12:37:11.826#Z#DEBUG#91ca7629-c182-11f1-ab57-eeee0a835edd.OPERATION#flowable-async-job-executor-thread-10804#
[UnbindServiceFromApplicationStep] Getting service instance "EAM-html5-runtime"...#
#2026 10 06 12:37:11.843#Z#DEBUG#91ca7629-c182-11f1-ab57-eeee0a835edd.OPERATION#flowable-async-job-executor-thread-10805#
[UnbindServiceFromApplicationStep] Getting service instance "EAM-logging"...#
#2026 10 06 12:37:11.945#Z#DEBUG#91ca7629-c182-11f1-ab57-eeee0a835edd.OPERATION#flowable-async-job-executor-thread-10804#
[UnbindServiceFromApplicationStep] Async service binding operation with id "e3c3b23c-e639-4da4-951b-d84b2373da43" finished#
#2026 10 06 12:37:11.947#Z#DEBUG#91ca7629-c182-11f1-ab57-eeee0a835edd.OPERATION#flowable-async-job-executor-thread-10804#
Step "Unbind Service from Application" finished#
#2026 10 06 12:37:11.798#Z#DEBUG#91ca7629-c182-11f1-ab57-eeee0a835edd.OPERATION#flowable-async-job-executor-thread-13320#
[UnbindServiceFromApplicationStep] Executing task "unbindServiceFromApplicationTask" of process "9edf9d7e-c182-11f1-a137-eeee0a8fe793"...#
#2026 10 06 12:37:11.803#Z#DEBUG#91ca7629-c182-11f1-ab57-eeee0a835edd.OPERATION#flowable-async-job-executor-thread-13320#
[UnbindServiceFromApplicationStep] Getting async job "697fbea1-711f-4b47-8aac-2d7afc3d430b"#
#2026 10 06 12:37:11.826#Z#DEBUG#91ca7629-c182-11f1-ab57-eeee0a835edd.OPERATION#flowable-async-job-executor-thread-13320#
[UnbindServiceFromApplicationStep] Getting service instance "EAM-auth"...#
#2026 10 06 12:37:11.953#Z#DEBUG#91ca7629-c182-11f1-ab57-eeee0a835edd.OPERATION#flowable-async-job-executor-thread-13320#
[UnbindServiceFromApplicationStep] Async service binding operation with id "697fbea1-711f-4b47-8aac-2d7afc3d430b" finished#
#2026 10 06 12:37:11.955#Z#DEBUG#91ca7629-c182-11f1-ab57-eeee0a835edd.OPERATION#flowable-async-job-executor-thread-13320#
Step "Unbind Service from Application" finished#
#2026 10 06 12:37:11.812#Z#DEBUG#91ca7629-c182-11f1-ab57-eeee0a835edd.OPERATION#flowable-async-job-executor-thread-13317#
[BindServiceToApplicationStep] Executing task "bindServiceToApplicationTask" of process "9cef1830-c182-11f1-ab57-eeee0a835edd"...#
#2026 10 06 12:37:11.813#Z#DEBUG#91ca7629-c182-11f1-ab57-eeee0a835edd.OPERATION#flowable-async-job-executor-thread-13317#
[BindServiceToApplicationStep] Getting async job "3eba9399-4952-41e8-92fc-a3f5f9fea629"#
#2026 10 06 12:37:11.825#Z#DEBUG#91ca7629-c182-11f1-ab57-eeee0a835edd.OPERATION#flowable-async-job-executor-thread-13319#
[BindServiceToApplicationStep] Executing task "bindServiceToApplicationTask" of process "9ba7a41d-c182-11f1-ab57-eeee0a835edd"...#
#2026 10 06 12:37:11.826#Z#DEBUG#91ca7629-c182-11f1-ab57-eeee0a835edd.OPERATION#flowable-async-job-executor-thread-13319#
[BindServiceToApplicationStep] Getting async job "91006f5e-60fb-46d4-b75c-dcabefe99e54"#
#2026 10 06 12:37:11.840#Z#DEBUG#91ca7629-c182-11f1-ab57-eeee0a835edd.OPERATION#flowable-async-job-executor-thread-13317#
[BindServiceToApplicationStep] Getting service instance "EAM-logging"...#
#2026 10 06 12:37:11.850#Z#DEBUG#91ca7629-c182-11f1-ab57-eeee0a835edd.OPERATION#flowable-async-job-executor-thread-13319#
[BindServiceToApplicationStep] Getting service instance "EAM-connectivity"...#
#2026 10 06 12:37:11.960#Z#DEBUG#91ca7629-c182-11f1-ab57-eeee0a835edd.OPERATION#flowable-async-job-executor-thread-13319#
[BindServiceToApplicationStep] Async service binding operation with id "91006f5e-60fb-46d4-b75c-dcabefe99e54" finished#
#2026 10 06 12:37:11.961#Z#DEBUG#91ca7629-c182-11f1-ab57-eeee0a835edd.OPERATION#flowable-async-job-executor-thread-13319#
Step "Bind Service to Application" finished#
#2026 10 06 12:37:11.802#Z#DEBUG#91ca7629-c182-11f1-ab57-eeee0a835edd.OPERATION#flowable-async-job-executor-thread-10803#
[BindServiceToApplicationStep] Executing task "bindServiceToApplicationTask" of process "9cddd97d-c182-11f1-ab57-eeee0a835edd"...#
#2026 10 06 12:37:11.805#Z#DEBUG#91ca7629-c182-11f1-ab57-eeee0a835edd.OPERATION#flowable-async-job-executor-thread-10803#
[BindServiceToApplicationStep] Getting async job "9755450b-71ee-4d19-8b1c-40af049e5e25"#
#2026 10 06 12:37:11.828#Z#DEBUG#91ca7629-c182-11f1-ab57-eeee0a835edd.OPERATION#flowable-async-job-executor-thread-10803#
[BindServiceToApplicationStep] Getting service instance "EAM-auth"...#
#2026 10 06 12:37:11.840#Z#DEBUG#91ca7629-c182-11f1-ab57-eeee0a835edd.OPERATION#flowable-async-job-executor-thread-10806#
[BindServiceToApplicationStep] Executing task "bindServiceToApplicationTask" of process "9d07f6de-c182-11f1-906e-eeee0a90c402"...#
#2026 10 06 12:37:11.841#Z#DEBUG#91ca7629-c182-11f1-ab57-eeee0a835edd.OPERATION#flowable-async-job-executor-thread-10806#
[BindServiceToApplicationStep] Getting async job "507c12ae-d174-4563-8051-05e91d09b89a"#
#2026 10 06 12:37:11.844#Z#DEBUG#91ca7629-c182-11f1-ab57-eeee0a835edd.OPERATION#flowable-async-job-executor-thread-10807#
[BindServiceToApplicationStep] Executing task "bindServiceToApplicationTask" of process "9d658059-c182-11f1-906e-eeee0a90c402"...#
#2026 10 06 12:37:11.845#Z#DEBUG#91ca7629-c182-11f1-ab57-eeee0a835edd.OPERATION#flowable-async-job-executor-thread-10807#
[BindServiceToApplicationStep] Getting async job "b5f5d4d8-317b-49b8-9df4-1ea61b69aeb2"#
#2026 10 06 12:37:11.863#Z#DEBUG#91ca7629-c182-11f1-ab57-eeee0a835edd.OPERATION#flowable-async-job-executor-thread-10806#
[BindServiceToApplicationStep] Getting service instance "EAM-destination"...#
#2026 10 06 12:37:11.870#Z#DEBUG#91ca7629-c182-11f1-ab57-eeee0a835edd.OPERATION#flowable-async-job-executor-thread-10807#
[BindServiceToApplicationStep] Getting service instance "EAM-destination"...#
#2026 10 06 12:37:11.963#Z#DEBUG#91ca7629-c182-11f1-ab57-eeee0a835edd.OPERATION#flowable-async-job-executor-thread-10803#
[BindServiceToApplicationStep] Async service binding operation with id "9755450b-71ee-4d19-8b1c-40af049e5e25" finished#
#2026 10 06 12:37:11.963#Z#DEBUG#91ca7629-c182-11f1-ab57-eeee0a835edd.OPERATION#flowable-async-job-executor-thread-10803#
Step "Bind Service to Application" finished#
#2026 10 06 12:37:11.966#Z#DEBUG#91ca7629-c182-11f1-ab57-eeee0a835edd.OPERATION#flowable-async-job-executor-thread-13317#
[BindServiceToApplicationStep] Async service binding operation with id "3eba9399-4952-41e8-92fc-a3f5f9fea629" finished#
#2026 10 06 12:37:11.967#Z#DEBUG#91ca7629-c182-11f1-ab57-eeee0a835edd.OPERATION#flowable-async-job-executor-thread-13317#
Step "Bind Service to Application" finished#
#2026 10 06 12:37:11.969#Z#DEBUG#91ca7629-c182-11f1-ab57-eeee0a835edd.OPERATION#flowable-async-job-executor-thread-10805#
[UnbindServiceFromApplicationStep] Async service binding operation with id "db12e69c-1791-4372-ba83-27c7aa99a55b" finished#
#2026 10 06 12:37:11.971#Z#DEBUG#91ca7629-c182-11f1-ab57-eeee0a835edd.OPERATION#flowable-async-job-executor-thread-10805#
Step "Unbind Service from Application" finished#
#2026 10 06 12:37:11.988#Z#DEBUG#91ca7629-c182-11f1-ab57-eeee0a835edd.OPERATION#flowable-async-job-executor-thread-10804#
[BindServiceToApplicationStep] Executing task "bindServiceToApplicationTask" of process "9eba8948-c182-11f1-ab57-eeee0a835edd"...#
#2026 10 06 12:37:11.989#Z#INFO#91ca7629-c182-11f1-ab57-eeee0a835edd.OPERATION#flowable-async-job-executor-thread-10804#
[BindServiceToApplicationStep] Binding service instance "EAM-html5-runtime" to application "EAM"...#
#2026 10 06 12:37:11.992#Z#DEBUG#91ca7629-c182-11f1-ab57-eeee0a835edd.OPERATION#flowable-async-job-executor-thread-10807#
[BindServiceToApplicationStep] Async service binding operation with id "b5f5d4d8-317b-49b8-9df4-1ea61b69aeb2" finished#
#2026 10 06 12:37:11.993#Z#DEBUG#91ca7629-c182-11f1-ab57-eeee0a835edd.OPERATION#flowable-async-job-executor-thread-10807#
Step "Bind Service to Application" finished#
#2026 10 06 12:37:11.995#Z#DEBUG#91ca7629-c182-11f1-ab57-eeee0a835edd.OPERATION#flowable-async-job-executor-thread-10806#
[BindServiceToApplicationStep] Async service binding operation with id "507c12ae-d174-4563-8051-05e91d09b89a" finished#
#2026 10 06 12:37:11.995#Z#DEBUG#91ca7629-c182-11f1-ab57-eeee0a835edd.OPERATION#flowable-async-job-executor-thread-10806#
Step "Bind Service to Application" finished#
#2026 10 06 12:37:12.002#Z#DEBUG#91ca7629-c182-11f1-ab57-eeee0a835edd.OPERATION#flowable-async-job-executor-thread-10804#
[BindServiceToApplicationStep] Binding service instance "EAM-html5-runtime" to application "EAM" with parameters: { }#
#2026 10 06 12:37:11.961#Z#DEBUG#91ca7629-c182-11f1-ab57-eeee0a835edd.OPERATION#flowable-async-job-executor-thread-13321#
[DetermineDesiredStateAchievingActionsStep] Executing task "determineDesiredStateAchievingActionsTask" of process "9d853d45-c182-11f1-ab57-eeee0a835edd"...#
#2026 10 06 12:37:11.963#Z#DEBUG#91ca7629-c182-11f1-ab57-eeee0a835edd.OPERATION#flowable-async-job-executor-thread-13321#
[DetermineDesiredStateAchievingActionsStep] Getting application "EAM-db-deployer"...#
#2026 10 06 12:37:11.995#Z#DEBUG#91ca7629-c182-11f1-ab57-eeee0a835edd.OPERATION#flowable-async-job-executor-thread-13321#
[DetermineDesiredStateAchievingActionsStep] Getting instances for application "EAM-db-deployer"...#
#2026 10 06 12:37:11.995#Z#DEBUG#91ca7629-c182-11f1-ab57-eeee0a835edd.OPERATION#flowable-async-job-executor-thread-13321#
[DetermineDesiredStateAchievingActionsStep] Getting environment of application "9531f7fa-4c33-4611-b045-6530a56e307f"...#
#2026 10 06 12:37:12.031#Z#DEBUG#91ca7629-c182-11f1-ab57-eeee0a835edd.OPERATION#flowable-async-job-executor-thread-13321#
[DetermineDesiredStateAchievingActionsStep] Current state of application EAM-db-deployer: STOPPED#
#2026 10 06 12:37:12.031#Z#DEBUG#91ca7629-c182-11f1-ab57-eeee0a835edd.OPERATION#flowable-async-job-executor-thread-13321#
[DetermineDesiredStateAchievingActionsStep] Desired state of application EAM-db-deployer: STOPPED#
#2026 10 06 12:37:12.031#Z#DEBUG#91ca7629-c182-11f1-ab57-eeee0a835edd.OPERATION#flowable-async-job-executor-thread-13321#
[DetermineDesiredStateAchievingActionsStep] Actions that should be executed on application EAM-db-deployer: [STAGE]#
#2026 10 06 12:37:12.031#Z#DEBUG#91ca7629-c182-11f1-ab57-eeee0a835edd.OPERATION#flowable-async-job-executor-thread-13321#
Step "Determine Desired State Achieving Actions" finished#
#2026 10 06 12:37:11.985#Z#DEBUG#91ca7629-c182-11f1-ab57-eeee0a835edd.OPERATION#flowable-async-job-executor-thread-13320#
[BindServiceToApplicationStep] Executing task "bindServiceToApplicationTask" of process "9edf9d7e-c182-11f1-a137-eeee0a8fe793"...#
#2026 10 06 12:37:11.990#Z#INFO#91ca7629-c182-11f1-ab57-eeee0a835edd.OPERATION#flowable-async-job-executor-thread-13320#
[BindServiceToApplicationStep] Binding service instance "EAM-auth" to application "EAM"...#
#2026 10 06 12:37:11.994#Z#DEBUG#91ca7629-c182-11f1-ab57-eeee0a835edd.OPERATION#flowable-async-job-executor-thread-13320#
[BindServiceToApplicationStep] Binding service instance "EAM-auth" to application "EAM" with parameters: { }#
#2026 10 06 12:37:12.110#Z#DEBUG#91ca7629-c182-11f1-ab57-eeee0a835edd.OPERATION#flowable-async-job-executor-thread-13320#
Step "Bind Service to Application" finished#
#2026 10 06 12:37:12.019#Z#DEBUG#91ca7629-c182-11f1-ab57-eeee0a835edd.OPERATION#flowable-async-job-executor-thread-10805#
[BindServiceToApplicationStep] Executing task "bindServiceToApplicationTask" of process "9ed4a0fe-c182-11f1-906e-eeee0a90c402"...#
#2026 10 06 12:37:12.020#Z#INFO#91ca7629-c182-11f1-ab57-eeee0a835edd.OPERATION#flowable-async-job-executor-thread-10805#
[BindServiceToApplicationStep] Binding service instance "EAM-logging" to application "EAM"...#
#2026 10 06 12:37:12.027#Z#DEBUG#91ca7629-c182-11f1-ab57-eeee0a835edd.OPERATION#flowable-async-job-executor-thread-10805#
[BindServiceToApplicationStep] Binding service instance "EAM-logging" to application "EAM" with parameters: { }#
#2026 10 06 12:37:12.129#Z#DEBUG#91ca7629-c182-11f1-ab57-eeee0a835edd.OPERATION#flowable-async-job-executor-thread-10804#
Step "Bind Service to Application" finished#
#2026 10 06 12:37:12.146#Z#DEBUG#91ca7629-c182-11f1-ab57-eeee0a835edd.OPERATION#flowable-async-job-executor-thread-10805#
Step "Bind Service to Application" finished#
#2026 10 06 12:37:12.054#Z#DEBUG#91ca7629-c182-11f1-ab57-eeee0a835edd.OPERATION#flowable-async-job-executor-thread-13321#
[StageAppStep] Executing task "stageAppTask" of process "9d853d45-c182-11f1-ab57-eeee0a835edd"...#
#2026 10 06 12:37:12.056#Z#DEBUG#91ca7629-c182-11f1-ab57-eeee0a835edd.OPERATION#flowable-async-job-executor-thread-13321#
[StageAppStep] Application stage timeout is default one: 3,600 seconds#
#2026 10 06 12:37:12.057#Z#INFO#91ca7629-c182-11f1-ab57-eeee0a835edd.OPERATION#flowable-async-job-executor-thread-13321#
[StageAppStep] Staging application "EAM-db-deployer"...#
#2026 10 06 12:37:12.060#Z#DEBUG#91ca7629-c182-11f1-ab57-eeee0a835edd.OPERATION#flowable-async-job-executor-thread-13321#
[StageAppStep] Creating build for package "5a4b0dfb-a0c3-4e31-8e2b-eedcb049f9ac"...#
#2026 10 06 12:37:12.468#Z#DEBUG#91ca7629-c182-11f1-ab57-eeee0a835edd.OPERATION#flowable-async-job-executor-thread-13321#
Step "Stage App" finished#
#2026 10 06 12:37:13.185#Z#DEBUG#91ca7629-c182-11f1-ab57-eeee0a835edd.OPERATION#flowable-async-job-executor-thread-10048#
[DetermineVcapServicesPropertiesChangedStep] Executing task "determineVcapServicesPropertiesChangedTask" of process "a7da8056-c182-11f1-a137-eeee0a8fe793"...#
#2026 10 06 12:37:13.187#Z#DEBUG#91ca7629-c182-11f1-ab57-eeee0a835edd.OPERATION#flowable-async-job-executor-thread-10048#
[DetermineVcapServicesPropertiesChangedStep] VCAP_SERVICES properties for application "EAM-srv" changed: true#
#2026 10 06 12:37:13.187#Z#DEBUG#91ca7629-c182-11f1-ab57-eeee0a835edd.OPERATION#flowable-async-job-executor-thread-10048#
Step "Determine vcap services properties changed" finished#
#2026 10 06 12:37:13.219#Z#DEBUG#91ca7629-c182-11f1-ab57-eeee0a835edd.OPERATION#flowable-async-job-executor-thread-10049#
[UploadAppStep] Executing task "uploadAppTask" of process "a7da8056-c182-11f1-a137-eeee0a8fe793"...#
#2026 10 06 12:37:13.221#Z#DEBUG#91ca7629-c182-11f1-ab57-eeee0a835edd.OPERATION#flowable-async-job-executor-thread-10049#
[UploadAppStep] Application upload timeout is default one: 3,600 seconds#
#2026 10 06 12:37:13.221#Z#INFO#91ca7629-c182-11f1-ab57-eeee0a835edd.OPERATION#flowable-async-job-executor-thread-10049#
[UploadAppStep] Uploading application "EAM-srv"...#
#2026 10 06 12:37:13.227#Z#DEBUG#91ca7629-c182-11f1-ab57-eeee0a835edd.OPERATION#flowable-async-job-executor-thread-10049#
[UploadAppStep] Getting application "EAM-srv"...#
#2026 10 06 12:37:13.258#Z#DEBUG#91ca7629-c182-11f1-ab57-eeee0a835edd.OPERATION#flowable-async-job-executor-thread-10049#
[UploadAppStep] Getting environment of application "c585b5c4-a6da-4931-ac71-1a4919acace9"...#
#2026 10 06 12:37:13.288#Z#INFO#91ca7629-c182-11f1-ab57-eeee0a835edd.OPERATION#flowable-async-job-executor-thread-10049#
[UploadAppStep] Calculating application digest: "EAM-srv"#
#2026 10 06 12:37:13.468#Z#DEBUG#91ca7629-c182-11f1-ab57-eeee0a835edd.OPERATION#flowable-async-job-executor-thread-10049#
Step "Upload App" finished#
#2026 10 06 12:37:21.870#Z#DEBUG#91ca7629-c182-11f1-ab57-eeee0a835edd.OPERATION#flowable-async-job-executor-thread-10811#
[StageAppStep] Executing task "stageAppTask" of process "9d853d45-c182-11f1-ab57-eeee0a835edd"...#
#2026 10 06 12:37:21.872#Z#DEBUG#91ca7629-c182-11f1-ab57-eeee0a835edd.OPERATION#flowable-async-job-executor-thread-10811#
[StageAppStep] Application stage timeout is default one: 3,600 seconds#
#2026 10 06 12:37:21.873#Z#DEBUG#91ca7629-c182-11f1-ab57-eeee0a835edd.OPERATION#flowable-async-job-executor-thread-10811#
[StageAppStep] Checking status of application "EAM-db-deployer"...#
#2026 10 06 12:37:21.873#Z#DEBUG#91ca7629-c182-11f1-ab57-eeee0a835edd.OPERATION#flowable-async-job-executor-thread-10811#
[StageAppStep] Getting build "ac6b1afd-8eb5-4057-ae22-1f95e21d5d85"...#
#2026 10 06 12:37:21.910#Z#DEBUG#91ca7629-c182-11f1-ab57-eeee0a835edd.OPERATION#flowable-async-job-executor-thread-10811#
[StageAppStep] Staging status of application "EAM-db-deployer": PENDING#
#2026 10 06 12:37:21.912#Z#DEBUG#91ca7629-c182-11f1-ab57-eeee0a835edd.OPERATION#flowable-async-job-executor-thread-10811#
[StageAppStep] Getting application guid "EAM-db-deployer"...#
#2026 10 06 12:37:21.994#Z#DEBUG#91ca7629-c182-11f1-ab57-eeee0a835edd.OPERATION#flowable-async-job-executor-thread-10811#
Step "Stage App" finished#
#2026 10 06 12:37:21.872#Z#DEBUG#91ca7629-c182-11f1-ab57-eeee0a835edd.OPERATION#flowable-async-job-executor-thread-10808#
[BindServiceToApplicationStep] Executing task "bindServiceToApplicationTask" of process "9edf9d7e-c182-11f1-a137-eeee0a8fe793"...#
#2026 10 06 12:37:21.873#Z#DEBUG#91ca7629-c182-11f1-ab57-eeee0a835edd.OPERATION#flowable-async-job-executor-thread-10812#
[BindServiceToApplicationStep] Executing task "bindServiceToApplicationTask" of process "9eba8948-c182-11f1-ab57-eeee0a835edd"...#
#2026 10 06 12:37:21.874#Z#DEBUG#91ca7629-c182-11f1-ab57-eeee0a835edd.OPERATION#flowable-async-job-executor-thread-10808#
[BindServiceToApplicationStep] Getting async job "1ffd0659-29c7-4552-9710-de7b87213032"#
#2026 10 06 12:37:21.874#Z#DEBUG#91ca7629-c182-11f1-ab57-eeee0a835edd.OPERATION#flowable-async-job-executor-thread-10812#
[BindServiceToApplicationStep] Getting async job "b5a026ad-1fd8-4908-aa0f-ff9e28b2239f"#
#2026 10 06 12:37:21.897#Z#DEBUG#91ca7629-c182-11f1-ab57-eeee0a835edd.OPERATION#flowable-async-job-executor-thread-10812#
[BindServiceToApplicationStep] Getting service instance "EAM-html5-runtime"...#
#2026 10 06 12:37:21.902#Z#DEBUG#91ca7629-c182-11f1-ab57-eeee0a835edd.OPERATION#flowable-async-job-executor-thread-10808#
[BindServiceToApplicationStep] Getting service instance "EAM-auth"...#
#2026 10 06 12:37:22.030#Z#DEBUG#91ca7629-c182-11f1-ab57-eeee0a835edd.OPERATION#flowable-async-job-executor-thread-10812#
[BindServiceToApplicationStep] Async service binding operation with id "b5a026ad-1fd8-4908-aa0f-ff9e28b2239f" finished#
#2026 10 06 12:37:22.030#Z#DEBUG#91ca7629-c182-11f1-ab57-eeee0a835edd.OPERATION#flowable-async-job-executor-thread-10812#
Step "Bind Service to Application" finished#
#2026 10 06 12:37:22.040#Z#DEBUG#91ca7629-c182-11f1-ab57-eeee0a835edd.OPERATION#flowable-async-job-executor-thread-10808#
[BindServiceToApplicationStep] Async service binding operation with id "1ffd0659-29c7-4552-9710-de7b87213032" finished#
#2026 10 06 12:37:22.041#Z#DEBUG#91ca7629-c182-11f1-ab57-eeee0a835edd.OPERATION#flowable-async-job-executor-thread-10808#
Step "Bind Service to Application" finished#
#2026 10 06 12:37:21.887#Z#DEBUG#91ca7629-c182-11f1-ab57-eeee0a835edd.OPERATION#flowable-async-job-executor-thread-10052#
[BindServiceToApplicationStep] Executing task "bindServiceToApplicationTask" of process "9ed4a0fe-c182-11f1-906e-eeee0a90c402"...#
#2026 10 06 12:37:21.889#Z#DEBUG#91ca7629-c182-11f1-ab57-eeee0a835edd.OPERATION#flowable-async-job-executor-thread-10052#
[BindServiceToApplicationStep] Getting async job "ea6c591c-6a43-44cc-8720-2244e0d9cb91"#
#2026 10 06 12:37:21.915#Z#DEBUG#91ca7629-c182-11f1-ab57-eeee0a835edd.OPERATION#flowable-async-job-executor-thread-10052#
[BindServiceToApplicationStep] Getting service instance "EAM-logging"...#
#2026 10 06 12:37:22.046#Z#DEBUG#91ca7629-c182-11f1-ab57-eeee0a835edd.OPERATION#flowable-async-job-executor-thread-10052#
[BindServiceToApplicationStep] Async service binding operation with id "ea6c591c-6a43-44cc-8720-2244e0d9cb91" finished#
#2026 10 06 12:37:22.047#Z#DEBUG#91ca7629-c182-11f1-ab57-eeee0a835edd.OPERATION#flowable-async-job-executor-thread-10052#
Step "Bind Service to Application" finished#
#2026 10 06 12:37:21.866#Z#DEBUG#91ca7629-c182-11f1-ab57-eeee0a835edd.OPERATION#flowable-async-job-executor-thread-10814#
[UploadAppStep] Executing task "uploadAppTask" of process "a7da8056-c182-11f1-a137-eeee0a8fe793"...#
#2026 10 06 12:37:21.868#Z#DEBUG#91ca7629-c182-11f1-ab57-eeee0a835edd.OPERATION#flowable-async-job-executor-thread-10814#
[UploadAppStep] Application upload timeout is default one: 3,600 seconds#
#2026 10 06 12:37:21.869#Z#DEBUG#91ca7629-c182-11f1-ab57-eeee0a835edd.OPERATION#pool-14-thread-3#
[UploadAppStep] Upload of application: EAM-srv started on instance: 1#
#2026 10 06 12:37:21.869#Z#DEBUG#91ca7629-c182-11f1-ab57-eeee0a835edd.OPERATION#pool-14-thread-3#
[UploadAppStep] Uploading file "EAM-srv/data.zip" for application "EAM-srv"#
#2026 10 06 12:37:22.032#Z#INFO#91ca7629-c182-11f1-ab57-eeee0a835edd.OPERATION#pool-14-thread-3#
[UploadAppStep] Time elapsed for app binary download: 162 in millis#
#2026 10 06 12:37:22.032#Z#INFO#91ca7629-c182-11f1-ab57-eeee0a835edd.OPERATION#pool-14-thread-3#
[UploadAppStep] Size of app EAM-srv is 3,766,926 bytes#
#2026 10 06 12:37:22.032#Z#DEBUG#91ca7629-c182-11f1-ab57-eeee0a835edd.OPERATION#pool-14-thread-3#
[UploadAppStep] Asynchronously uploading binaries for application "EAM-srv"...#
#2026 10 06 12:37:22.233#Z#INFO#91ca7629-c182-11f1-ab57-eeee0a835edd.OPERATION#pool-14-thread-3#
[UploadAppStep] Started async upload of application "EAM-srv"#
#2026 10 06 12:37:22.237#Z#INFO#91ca7629-c182-11f1-ab57-eeee0a835edd.OPERATION#flowable-async-job-executor-thread-10814#
[UploadAppStep] Time elapsed for upload: 369 in millis#
#2026 10 06 12:37:22.238#Z#DEBUG#91ca7629-c182-11f1-ab57-eeee0a835edd.OPERATION#flowable-async-job-executor-thread-10814#
[UploadAppStep] Getting application "EAM-srv"...#
#2026 10 06 12:37:22.266#Z#DEBUG#91ca7629-c182-11f1-ab57-eeee0a835edd.OPERATION#App upload monitor: 0eb9ede5-a50e-4319-93e5-15dd8db787bc#
[UploadAppStep] Upload status: PROCESSING_UPLOAD#
#2026 10 06 12:37:22.271#Z#DEBUG#91ca7629-c182-11f1-ab57-eeee0a835edd.OPERATION#flowable-async-job-executor-thread-10814#
[UploadAppStep] Getting environment of application "c585b5c4-a6da-4931-ac71-1a4919acace9"...#
#2026 10 06 12:37:22.300#Z#DEBUG#91ca7629-c182-11f1-ab57-eeee0a835edd.OPERATION#flowable-async-job-executor-thread-10814#
[UploadAppStep] Updating environment of application "EAM-srv"#
#2026 10 06 12:37:22.368#Z#DEBUG#91ca7629-c182-11f1-ab57-eeee0a835edd.OPERATION#flowable-async-job-executor-thread-10814#
Step "Upload App" finished#
#2026 10 06 12:37:25.090#Z#DEBUG#91ca7629-c182-11f1-ab57-eeee0a835edd.OPERATION#flowable-async-job-executor-thread-10811#
[DetermineVcapServicesPropertiesChangedStep] Executing task "determineVcapServicesPropertiesChangedTask" of process "aef496ca-c182-11f1-906e-eeee0a90c402"...#
#2026 10 06 12:37:25.091#Z#DEBUG#91ca7629-c182-11f1-ab57-eeee0a835edd.OPERATION#flowable-async-job-executor-thread-10811#
[DetermineVcapServicesPropertiesChangedStep] VCAP_SERVICES properties for application "EAM" changed: true#
#2026 10 06 12:37:25.091#Z#DEBUG#91ca7629-c182-11f1-ab57-eeee0a835edd.OPERATION#flowable-async-job-executor-thread-10811#
Step "Determine vcap services properties changed" finished#
#2026 10 06 12:37:25.117#Z#DEBUG#91ca7629-c182-11f1-ab57-eeee0a835edd.OPERATION#flowable-async-job-executor-thread-10811#
[UploadAppStep] Executing task "uploadAppTask" of process "aef496ca-c182-11f1-906e-eeee0a90c402"...#
#2026 10 06 12:37:25.119#Z#DEBUG#91ca7629-c182-11f1-ab57-eeee0a835edd.OPERATION#flowable-async-job-executor-thread-10811#
[UploadAppStep] Application upload timeout is default one: 3,600 seconds#
#2026 10 06 12:37:25.119#Z#INFO#91ca7629-c182-11f1-ab57-eeee0a835edd.OPERATION#flowable-async-job-executor-thread-10811#
[UploadAppStep] Uploading application "EAM"...#
#2026 10 06 12:37:25.124#Z#DEBUG#91ca7629-c182-11f1-ab57-eeee0a835edd.OPERATION#flowable-async-job-executor-thread-10811#
[UploadAppStep] Getting application "EAM"...#
#2026 10 06 12:37:25.154#Z#DEBUG#91ca7629-c182-11f1-ab57-eeee0a835edd.OPERATION#flowable-async-job-executor-thread-10811#
[UploadAppStep] Getting environment of application "fdff3cfa-eac9-4271-9cc2-7c17f54349a4"...#
#2026 10 06 12:37:25.185#Z#INFO#91ca7629-c182-11f1-ab57-eeee0a835edd.OPERATION#flowable-async-job-executor-thread-10811#
[UploadAppStep] Calculating application digest: "EAM"#
#2026 10 06 12:37:25.289#Z#DEBUG#91ca7629-c182-11f1-ab57-eeee0a835edd.OPERATION#flowable-async-job-executor-thread-10811#
Step "Upload App" finished#
#2026 10 06 12:37:31.908#Z#DEBUG#91ca7629-c182-11f1-ab57-eeee0a835edd.OPERATION#flowable-async-job-executor-thread-10820#
[UploadAppStep] Executing task "uploadAppTask" of process "aef496ca-c182-11f1-906e-eeee0a90c402"...#
#2026 10 06 12:37:31.909#Z#DEBUG#91ca7629-c182-11f1-ab57-eeee0a835edd.OPERATION#flowable-async-job-executor-thread-10820#
[UploadAppStep] Application upload timeout is default one: 3,600 seconds#
#2026 10 06 12:37:31.911#Z#DEBUG#91ca7629-c182-11f1-ab57-eeee0a835edd.OPERATION#pool-14-thread-3#
[UploadAppStep] Upload of application: EAM started on instance: 1#
#2026 10 06 12:37:31.911#Z#DEBUG#91ca7629-c182-11f1-ab57-eeee0a835edd.OPERATION#pool-14-thread-3#
[UploadAppStep] Uploading file "EAM/data.zip" for application "EAM"#
#2026 10 06 12:37:31.914#Z#DEBUG#91ca7629-c182-11f1-ab57-eeee0a835edd.OPERATION#flowable-async-job-executor-thread-10822#
[UploadAppStep] Executing task "uploadAppTask" of process "a7da8056-c182-11f1-a137-eeee0a8fe793"...#
#2026 10 06 12:37:31.918#Z#DEBUG#91ca7629-c182-11f1-ab57-eeee0a835edd.OPERATION#flowable-async-job-executor-thread-10822#
[UploadAppStep] Application upload timeout is default one: 3,600 seconds#
#2026 10 06 12:37:31.918#Z#DEBUG#91ca7629-c182-11f1-ab57-eeee0a835edd.OPERATION#flowable-async-job-executor-thread-10822#
[UploadAppStep] Checking upload status of application "EAM-srv"...#
#2026 10 06 12:37:31.918#Z#DEBUG#91ca7629-c182-11f1-ab57-eeee0a835edd.OPERATION#flowable-async-job-executor-thread-10822#
[UploadAppStep] Getting package "0eb9ede5-a50e-4319-93e5-15dd8db787bc"...#
#2026 10 06 12:37:31.938#Z#DEBUG#91ca7629-c182-11f1-ab57-eeee0a835edd.OPERATION#flowable-async-job-executor-thread-10822#
[UploadAppStep] Application "EAM-srv" uploaded#
#2026 10 06 12:37:31.939#Z#DEBUG#91ca7629-c182-11f1-ab57-eeee0a835edd.OPERATION#flowable-async-job-executor-thread-10822#
Step "Upload App" finished#
#2026 10 06 12:37:31.893#Z#DEBUG#91ca7629-c182-11f1-ab57-eeee0a835edd.OPERATION#flowable-async-job-executor-thread-13328#
[StageAppStep] Executing task "stageAppTask" of process "9d853d45-c182-11f1-ab57-eeee0a835edd"...#
#2026 10 06 12:37:31.894#Z#DEBUG#91ca7629-c182-11f1-ab57-eeee0a835edd.OPERATION#flowable-async-job-executor-thread-13328#
[StageAppStep] Application stage timeout is default one: 3,600 seconds#
#2026 10 06 12:37:31.894#Z#DEBUG#91ca7629-c182-11f1-ab57-eeee0a835edd.OPERATION#flowable-async-job-executor-thread-13328#
[StageAppStep] Checking status of application "EAM-db-deployer"...#
#2026 10 06 12:37:31.894#Z#DEBUG#91ca7629-c182-11f1-ab57-eeee0a835edd.OPERATION#flowable-async-job-executor-thread-13328#
[StageAppStep] Getting build "ac6b1afd-8eb5-4057-ae22-1f95e21d5d85"...#
#2026 10 06 12:37:31.945#Z#DEBUG#91ca7629-c182-11f1-ab57-eeee0a835edd.OPERATION#flowable-async-job-executor-thread-13328#
[StageAppStep] Staging status of application "EAM-db-deployer": PENDING#
#2026 10 06 12:37:31.946#Z#DEBUG#91ca7629-c182-11f1-ab57-eeee0a835edd.OPERATION#flowable-async-job-executor-thread-13328#
[StageAppStep] Getting application guid "EAM-db-deployer"...#
#2026 10 06 12:37:32.031#Z#DEBUG#91ca7629-c182-11f1-ab57-eeee0a835edd.OPERATION#flowable-async-job-executor-thread-13328#
Step "Stage App" finished#
#2026 10 06 12:37:31.969#Z#DEBUG#91ca7629-c182-11f1-ab57-eeee0a835edd.OPERATION#flowable-async-job-executor-thread-10822#
[ScaleAppStep] Executing task "scaleAppTask" of process "a7da8056-c182-11f1-a137-eeee0a8fe793"...#
#2026 10 06 12:37:31.971#Z#DEBUG#91ca7629-c182-11f1-ab57-eeee0a835edd.OPERATION#flowable-async-job-executor-thread-10822#
[ScaleAppStep] Scaling application "EAM-srv"...#
#2026 10 06 12:37:31.971#Z#DEBUG#91ca7629-c182-11f1-ab57-eeee0a835edd.OPERATION#flowable-async-job-executor-thread-10822#
[ScaleAppStep] Getting application guid "EAM-srv"...#
#2026 10 06 12:37:31.999#Z#DEBUG#91ca7629-c182-11f1-ab57-eeee0a835edd.OPERATION#flowable-async-job-executor-thread-10822#
[ScaleAppStep] Getting process for application "c585b5c4-a6da-4931-ac71-1a4919acace9"...#
#2026 10 06 12:37:32.031#Z#DEBUG#91ca7629-c182-11f1-ab57-eeee0a835edd.OPERATION#flowable-async-job-executor-thread-10822#
[ScaleAppStep] Application "EAM-srv" scaled#
#2026 10 06 12:37:32.031#Z#DEBUG#91ca7629-c182-11f1-ab57-eeee0a835edd.OPERATION#flowable-async-job-executor-thread-10822#
Step "Scale App" finished#
#2026 10 06 12:37:32.059#Z#DEBUG#91ca7629-c182-11f1-ab57-eeee0a835edd.OPERATION#flowable-async-job-executor-thread-10822#
[DetermineDesiredStateAchievingActionsStep] Executing task "determineDesiredStateAchievingActionsTask" of process "a7da8056-c182-11f1-a137-eeee0a8fe793"...#
#2026 10 06 12:37:32.060#Z#DEBUG#91ca7629-c182-11f1-ab57-eeee0a835edd.OPERATION#flowable-async-job-executor-thread-10822#
[DetermineDesiredStateAchievingActionsStep] Getting application "EAM-srv"...#
#2026 10 06 12:37:32.086#Z#DEBUG#91ca7629-c182-11f1-ab57-eeee0a835edd.OPERATION#flowable-async-job-executor-thread-10822#
[DetermineDesiredStateAchievingActionsStep] Getting instances for application "EAM-srv"...#
#2026 10 06 12:37:32.086#Z#DEBUG#91ca7629-c182-11f1-ab57-eeee0a835edd.OPERATION#flowable-async-job-executor-thread-10822#
[DetermineDesiredStateAchievingActionsStep] Getting environment of application "c585b5c4-a6da-4931-ac71-1a4919acace9"...#
#2026 10 06 12:37:32.129#Z#DEBUG#91ca7629-c182-11f1-ab57-eeee0a835edd.OPERATION#flowable-async-job-executor-thread-10822#
[DetermineDesiredStateAchievingActionsStep] Current state of application EAM-srv: STOPPED#
#2026 10 06 12:37:32.130#Z#DEBUG#91ca7629-c182-11f1-ab57-eeee0a835edd.OPERATION#flowable-async-job-executor-thread-10822#
[DetermineDesiredStateAchievingActionsStep] Desired state of application EAM-srv: STARTED#
#2026 10 06 12:37:32.130#Z#DEBUG#91ca7629-c182-11f1-ab57-eeee0a835edd.OPERATION#flowable-async-job-executor-thread-10822#
[DetermineDesiredStateAchievingActionsStep] Actions that should be executed on application EAM-srv: [STAGE, START]#
#2026 10 06 12:37:32.130#Z#DEBUG#91ca7629-c182-11f1-ab57-eeee0a835edd.OPERATION#flowable-async-job-executor-thread-10822#
Step "Determine Desired State Achieving Actions" finished#
#2026 10 06 12:37:32.113#Z#INFO#91ca7629-c182-11f1-ab57-eeee0a835edd.OPERATION#pool-14-thread-3#
[UploadAppStep] Time elapsed for app binary download: 200 in millis#
#2026 10 06 12:37:32.113#Z#INFO#91ca7629-c182-11f1-ab57-eeee0a835edd.OPERATION#pool-14-thread-3#
[UploadAppStep] Size of app EAM is 7,686,400 bytes#
#2026 10 06 12:37:32.113#Z#DEBUG#91ca7629-c182-11f1-ab57-eeee0a835edd.OPERATION#pool-14-thread-3#
[UploadAppStep] Asynchronously uploading binaries for application "EAM"...#
#2026 10 06 12:37:32.365#Z#INFO#91ca7629-c182-11f1-ab57-eeee0a835edd.OPERATION#pool-14-thread-3#
[UploadAppStep] Started async upload of application "EAM"#
#2026 10 06 12:37:32.370#Z#INFO#91ca7629-c182-11f1-ab57-eeee0a835edd.OPERATION#flowable-async-job-executor-thread-10820#
[UploadAppStep] Time elapsed for upload: 460 in millis#
#2026 10 06 12:37:32.370#Z#DEBUG#91ca7629-c182-11f1-ab57-eeee0a835edd.OPERATION#flowable-async-job-executor-thread-10820#
[UploadAppStep] Getting application "EAM"...#
#2026 10 06 12:37:32.385#Z#DEBUG#91ca7629-c182-11f1-ab57-eeee0a835edd.OPERATION#App upload monitor: 065d4f57-7f4a-43c7-84f6-52fe6044f3f3#
[UploadAppStep] Upload status: PROCESSING_UPLOAD#
#2026 10 06 12:37:32.399#Z#DEBUG#91ca7629-c182-11f1-ab57-eeee0a835edd.OPERATION#flowable-async-job-executor-thread-10820#
[UploadAppStep] Getting environment of application "fdff3cfa-eac9-4271-9cc2-7c17f54349a4"...#
#2026 10 06 12:37:32.442#Z#DEBUG#91ca7629-c182-11f1-ab57-eeee0a835edd.OPERATION#flowable-async-job-executor-thread-10820#
[UploadAppStep] Updating environment of application "EAM"#
#2026 10 06 12:37:32.512#Z#DEBUG#91ca7629-c182-11f1-ab57-eeee0a835edd.OPERATION#flowable-async-job-executor-thread-10820#
Step "Upload App" finished#
#2026 10 06 12:37:32.165#Z#DEBUG#91ca7629-c182-11f1-ab57-eeee0a835edd.OPERATION#flowable-async-job-executor-thread-10822#
[StageAppStep] Executing task "stageAppTask" of process "a7da8056-c182-11f1-a137-eeee0a8fe793"...#
#2026 10 06 12:37:32.167#Z#DEBUG#91ca7629-c182-11f1-ab57-eeee0a835edd.OPERATION#flowable-async-job-executor-thread-10822#
[StageAppStep] Application stage timeout is default one: 3,600 seconds#
#2026 10 06 12:37:32.168#Z#INFO#91ca7629-c182-11f1-ab57-eeee0a835edd.OPERATION#flowable-async-job-executor-thread-10822#
[StageAppStep] Staging application "EAM-srv"...#
#2026 10 06 12:37:32.171#Z#DEBUG#91ca7629-c182-11f1-ab57-eeee0a835edd.OPERATION#flowable-async-job-executor-thread-10822#
[StageAppStep] Creating build for package "0eb9ede5-a50e-4319-93e5-15dd8db787bc"...#
#2026 10 06 12:37:37.612#Z#DEBUG#91ca7629-c182-11f1-ab57-eeee0a835edd.OPERATION#flowable-async-job-executor-thread-10822#
Step "Stage App" finished#
#2026 10 06 12:37:41.923#Z#DEBUG#91ca7629-c182-11f1-ab57-eeee0a835edd.OPERATION#flowable-async-job-executor-thread-13332#
[UploadAppStep] Executing task "uploadAppTask" of process "aef496ca-c182-11f1-906e-eeee0a90c402"...#
#2026 10 06 12:37:41.924#Z#DEBUG#91ca7629-c182-11f1-ab57-eeee0a835edd.OPERATION#flowable-async-job-executor-thread-13332#
[UploadAppStep] Application upload timeout is default one: 3,600 seconds#
#2026 10 06 12:37:41.924#Z#DEBUG#91ca7629-c182-11f1-ab57-eeee0a835edd.OPERATION#flowable-async-job-executor-thread-13332#
[UploadAppStep] Checking upload status of application "EAM"...#
#2026 10 06 12:37:41.924#Z#DEBUG#91ca7629-c182-11f1-ab57-eeee0a835edd.OPERATION#flowable-async-job-executor-thread-13332#
[UploadAppStep] Getting package "065d4f57-7f4a-43c7-84f6-52fe6044f3f3"...#
#2026 10 06 12:37:41.959#Z#DEBUG#91ca7629-c182-11f1-ab57-eeee0a835edd.OPERATION#flowable-async-job-executor-thread-13332#
[UploadAppStep] Application "EAM" uploaded#
#2026 10 06 12:37:41.959#Z#DEBUG#91ca7629-c182-11f1-ab57-eeee0a835edd.OPERATION#flowable-async-job-executor-thread-13332#
Step "Upload App" finished#
#2026 10 06 12:37:41.978#Z#DEBUG#91ca7629-c182-11f1-ab57-eeee0a835edd.OPERATION#flowable-async-job-executor-thread-13332#
[ScaleAppStep] Executing task "scaleAppTask" of process "aef496ca-c182-11f1-906e-eeee0a90c402"...#
#2026 10 06 12:37:41.979#Z#DEBUG#91ca7629-c182-11f1-ab57-eeee0a835edd.OPERATION#flowable-async-job-executor-thread-13332#
[ScaleAppStep] Scaling application "EAM"...#
#2026 10 06 12:37:41.979#Z#DEBUG#91ca7629-c182-11f1-ab57-eeee0a835edd.OPERATION#flowable-async-job-executor-thread-13332#
[ScaleAppStep] Getting application guid "EAM"...#
#2026 10 06 12:37:42.007#Z#DEBUG#91ca7629-c182-11f1-ab57-eeee0a835edd.OPERATION#flowable-async-job-executor-thread-13332#
[ScaleAppStep] Getting process for application "fdff3cfa-eac9-4271-9cc2-7c17f54349a4"...#
#2026 10 06 12:37:42.045#Z#DEBUG#91ca7629-c182-11f1-ab57-eeee0a835edd.OPERATION#flowable-async-job-executor-thread-13332#
[ScaleAppStep] Application "EAM" scaled#
#2026 10 06 12:37:42.045#Z#DEBUG#91ca7629-c182-11f1-ab57-eeee0a835edd.OPERATION#flowable-async-job-executor-thread-13332#
Step "Scale App" finished#
#2026 10 06 12:37:41.917#Z#DEBUG#91ca7629-c182-11f1-ab57-eeee0a835edd.OPERATION#flowable-async-job-executor-thread-13333#
[StageAppStep] Executing task "stageAppTask" of process "9d853d45-c182-11f1-ab57-eeee0a835edd"...#
#2026 10 06 12:37:41.918#Z#DEBUG#91ca7629-c182-11f1-ab57-eeee0a835edd.OPERATION#flowable-async-job-executor-thread-13333#
[StageAppStep] Application stage timeout is default one: 3,600 seconds#
#2026 10 06 12:37:41.919#Z#DEBUG#91ca7629-c182-11f1-ab57-eeee0a835edd.OPERATION#flowable-async-job-executor-thread-13333#
[StageAppStep] Checking status of application "EAM-db-deployer"...#
#2026 10 06 12:37:41.919#Z#DEBUG#91ca7629-c182-11f1-ab57-eeee0a835edd.OPERATION#flowable-async-job-executor-thread-13333#
[StageAppStep] Getting build "ac6b1afd-8eb5-4057-ae22-1f95e21d5d85"...#
#2026 10 06 12:37:41.951#Z#DEBUG#91ca7629-c182-11f1-ab57-eeee0a835edd.OPERATION#flowable-async-job-executor-thread-13333#
[StageAppStep] Staging status of application "EAM-db-deployer": STAGED#
#2026 10 06 12:37:41.952#Z#DEBUG#91ca7629-c182-11f1-ab57-eeee0a835edd.OPERATION#flowable-async-job-executor-thread-13333#
[StageAppStep] Getting application guid "EAM-db-deployer"...#
#2026 10 06 12:37:42.036#Z#DEBUG#91ca7629-c182-11f1-ab57-eeee0a835edd.OPERATION#flowable-async-job-executor-thread-13333#
[StageAppStep] Getting build "ac6b1afd-8eb5-4057-ae22-1f95e21d5d85"...#
#2026 10 06 12:37:42.068#Z#DEBUG#91ca7629-c182-11f1-ab57-eeee0a835edd.OPERATION#flowable-async-job-executor-thread-13333#
[StageAppStep] Binding droplet "4d3b898e-0269-4b1c-a946-511bbc92eb2a" to application "9531f7fa-4c33-4611-b045-6530a56e307f"...#
#2026 10 06 12:37:42.119#Z#INFO#91ca7629-c182-11f1-ab57-eeee0a835edd.OPERATION#flowable-async-job-executor-thread-13333#
[StageAppStep] Application "EAM-db-deployer" staged#
#2026 10 06 12:37:42.123#Z#DEBUG#91ca7629-c182-11f1-ab57-eeee0a835edd.OPERATION#flowable-async-job-executor-thread-13333#
Step "Stage App" finished#
#2026 10 06 12:37:42.074#Z#DEBUG#91ca7629-c182-11f1-ab57-eeee0a835edd.OPERATION#flowable-async-job-executor-thread-13332#
[DetermineDesiredStateAchievingActionsStep] Executing task "determineDesiredStateAchievingActionsTask" of process "aef496ca-c182-11f1-906e-eeee0a90c402"...#
#2026 10 06 12:37:42.076#Z#DEBUG#91ca7629-c182-11f1-ab57-eeee0a835edd.OPERATION#flowable-async-job-executor-thread-13332#
[DetermineDesiredStateAchievingActionsStep] Getting application "EAM"...#
#2026 10 06 12:37:42.113#Z#DEBUG#91ca7629-c182-11f1-ab57-eeee0a835edd.OPERATION#flowable-async-job-executor-thread-13332#
[DetermineDesiredStateAchievingActionsStep] Getting instances for application "EAM"...#
#2026 10 06 12:37:42.113#Z#DEBUG#91ca7629-c182-11f1-ab57-eeee0a835edd.OPERATION#flowable-async-job-executor-thread-13332#
[DetermineDesiredStateAchievingActionsStep] Getting environment of application "fdff3cfa-eac9-4271-9cc2-7c17f54349a4"...#
#2026 10 06 12:37:42.144#Z#DEBUG#91ca7629-c182-11f1-ab57-eeee0a835edd.OPERATION#flowable-async-job-executor-thread-13332#
[DetermineDesiredStateAchievingActionsStep] Current state of application EAM: STOPPED#
#2026 10 06 12:37:42.144#Z#DEBUG#91ca7629-c182-11f1-ab57-eeee0a835edd.OPERATION#flowable-async-job-executor-thread-13332#
[DetermineDesiredStateAchievingActionsStep] Desired state of application EAM: STARTED#
#2026 10 06 12:37:42.144#Z#DEBUG#91ca7629-c182-11f1-ab57-eeee0a835edd.OPERATION#flowable-async-job-executor-thread-13332#
[DetermineDesiredStateAchievingActionsStep] Actions that should be executed on application EAM: [STAGE, START]#
#2026 10 06 12:37:42.144#Z#DEBUG#91ca7629-c182-11f1-ab57-eeee0a835edd.OPERATION#flowable-async-job-executor-thread-13332#
Step "Determine Desired State Achieving Actions" finished#
#2026 10 06 12:37:42.198#Z#DEBUG#91ca7629-c182-11f1-ab57-eeee0a835edd.OPERATION#flowable-async-job-executor-thread-13333#
[PrepareToExecuteTasksStep] Executing task "prepareToExecuteTasksTask" of process "b92a925c-c182-11f1-ab57-eeee0a835edd"...#
#2026 10 06 12:37:42.199#Z#DEBUG#91ca7629-c182-11f1-ab57-eeee0a835edd.OPERATION#flowable-async-job-executor-thread-13333#
Step "Prepare To Execute Tasks" finished#
#2026 10 06 12:37:42.221#Z#DEBUG#91ca7629-c182-11f1-ab57-eeee0a835edd.OPERATION#flowable-async-job-executor-thread-13333#
[ExecuteTaskStep] Executing task "executeTaskTask" of process "b92a925c-c182-11f1-ab57-eeee0a835edd"...#
#2026 10 06 12:37:42.223#Z#DEBUG#91ca7629-c182-11f1-ab57-eeee0a835edd.OPERATION#flowable-async-job-executor-thread-13333#
[ExecuteTaskStep] Application task execution timeout is default one: 43,200 seconds#
#2026 10 06 12:37:42.224#Z#INFO#91ca7629-c182-11f1-ab57-eeee0a835edd.OPERATION#flowable-async-job-executor-thread-13333#
[ExecuteTaskStep] Executing task "deploy" on application "EAM-db-deployer"...#
#2026 10 06 12:37:42.227#Z#DEBUG#91ca7629-c182-11f1-ab57-eeee0a835edd.OPERATION#flowable-async-job-executor-thread-13333#
[ExecuteTaskStep] Running task on application "EAM-db-deployer": {
  "name" : "deploy",
  "command" : "npm start",
  "limits" : {
    "memory" : 256
  }
}#
#2026 10 06 12:37:42.483#Z#DEBUG#91ca7629-c182-11f1-ab57-eeee0a835edd.OPERATION#flowable-async-job-executor-thread-13333#
Step "Execute Task" finished#
#2026 10 06 12:37:42.185#Z#DEBUG#91ca7629-c182-11f1-ab57-eeee0a835edd.OPERATION#flowable-async-job-executor-thread-13332#
[StageAppStep] Executing task "stageAppTask" of process "aef496ca-c182-11f1-906e-eeee0a90c402"...#
#2026 10 06 12:37:42.186#Z#DEBUG#91ca7629-c182-11f1-ab57-eeee0a835edd.OPERATION#flowable-async-job-executor-thread-13332#
[StageAppStep] Application stage timeout is default one: 3,600 seconds#
#2026 10 06 12:37:42.188#Z#INFO#91ca7629-c182-11f1-ab57-eeee0a835edd.OPERATION#flowable-async-job-executor-thread-13332#
[StageAppStep] Staging application "EAM"...#
#2026 10 06 12:37:42.192#Z#DEBUG#91ca7629-c182-11f1-ab57-eeee0a835edd.OPERATION#flowable-async-job-executor-thread-13332#
[StageAppStep] Creating build for package "065d4f57-7f4a-43c7-84f6-52fe6044f3f3"...#
#2026 10 06 12:37:43.843#Z#DEBUG#91ca7629-c182-11f1-ab57-eeee0a835edd.OPERATION#flowable-async-job-executor-thread-13332#
Step "Stage App" finished#
#2026 10 06 12:37:51.961#Z#DEBUG#91ca7629-c182-11f1-ab57-eeee0a835edd.OPERATION#flowable-async-job-executor-thread-13344#
[StageAppStep] Executing task "stageAppTask" of process "a7da8056-c182-11f1-a137-eeee0a8fe793"...#
#2026 10 06 12:37:51.962#Z#DEBUG#91ca7629-c182-11f1-ab57-eeee0a835edd.OPERATION#flowable-async-job-executor-thread-13338#
[StageAppStep] Executing task "stageAppTask" of process "aef496ca-c182-11f1-906e-eeee0a90c402"...#
#2026 10 06 12:37:51.962#Z#DEBUG#91ca7629-c182-11f1-ab57-eeee0a835edd.OPERATION#flowable-async-job-executor-thread-13344#
[StageAppStep] Application stage timeout is default one: 3,600 seconds#
#2026 10 06 12:37:51.963#Z#DEBUG#91ca7629-c182-11f1-ab57-eeee0a835edd.OPERATION#flowable-async-job-executor-thread-13344#
[StageAppStep] Checking status of application "EAM-srv"...#
#2026 10 06 12:37:51.963#Z#DEBUG#91ca7629-c182-11f1-ab57-eeee0a835edd.OPERATION#flowable-async-job-executor-thread-13344#
[StageAppStep] Getting build "39fd90ad-bcbf-4984-a7be-e34450212dbf"...#
#2026 10 06 12:37:51.963#Z#DEBUG#91ca7629-c182-11f1-ab57-eeee0a835edd.OPERATION#flowable-async-job-executor-thread-13338#
[StageAppStep] Application stage timeout is default one: 3,600 seconds#
#2026 10 06 12:37:51.963#Z#DEBUG#91ca7629-c182-11f1-ab57-eeee0a835edd.OPERATION#flowable-async-job-executor-thread-13338#
[StageAppStep] Checking status of application "EAM"...#
#2026 10 06 12:37:51.963#Z#DEBUG#91ca7629-c182-11f1-ab57-eeee0a835edd.OPERATION#flowable-async-job-executor-thread-13338#
[StageAppStep] Getting build "c234c02c-a66a-47ff-b2e8-31e83ae5593b"...#
#2026 10 06 12:37:51.988#Z#DEBUG#91ca7629-c182-11f1-ab57-eeee0a835edd.OPERATION#flowable-async-job-executor-thread-13338#
[StageAppStep] Staging status of application "EAM": PENDING#
#2026 10 06 12:37:51.989#Z#DEBUG#91ca7629-c182-11f1-ab57-eeee0a835edd.OPERATION#flowable-async-job-executor-thread-13338#
[StageAppStep] Getting application guid "EAM"...#
#2026 10 06 12:37:51.991#Z#DEBUG#91ca7629-c182-11f1-ab57-eeee0a835edd.OPERATION#flowable-async-job-executor-thread-13344#
[StageAppStep] Staging status of application "EAM-srv": PENDING#
#2026 10 06 12:37:51.992#Z#DEBUG#91ca7629-c182-11f1-ab57-eeee0a835edd.OPERATION#flowable-async-job-executor-thread-13344#
[StageAppStep] Getting application guid "EAM-srv"...#
#2026 10 06 12:37:52.076#Z#DEBUG#91ca7629-c182-11f1-ab57-eeee0a835edd.OPERATION#flowable-async-job-executor-thread-13338#
Step "Stage App" finished#
#2026 10 06 12:37:51.949#Z#DEBUG#91ca7629-c182-11f1-ab57-eeee0a835edd.OPERATION#flowable-async-job-executor-thread-13340#
[ExecuteTaskStep] Executing task "executeTaskTask" of process "b92a925c-c182-11f1-ab57-eeee0a835edd"...#
#2026 10 06 12:37:51.950#Z#DEBUG#91ca7629-c182-11f1-ab57-eeee0a835edd.OPERATION#flowable-async-job-executor-thread-13340#
[ExecuteTaskStep] Application task execution timeout is default one: 43,200 seconds#
#2026 10 06 12:37:51.951#Z#DEBUG#91ca7629-c182-11f1-ab57-eeee0a835edd.OPERATION#flowable-async-job-executor-thread-13340#
[ExecuteTaskStep] Getting task "815b592c-a340-4571-b7d4-7dba3574d5cf"...#
#2026 10 06 12:37:51.980#Z#DEBUG#91ca7629-c182-11f1-ab57-eeee0a835edd.OPERATION#flowable-async-job-executor-thread-13340#
[ExecuteTaskStep] Task execution status: running#
#2026 10 06 12:37:51.981#Z#DEBUG#91ca7629-c182-11f1-ab57-eeee0a835edd.OPERATION#flowable-async-job-executor-thread-13340#
[ExecuteTaskStep] Getting application guid "EAM-db-deployer"...#
#2026 10 06 12:37:52.079#Z#DEBUG#91ca7629-c182-11f1-ab57-eeee0a835edd.OPERATION#flowable-async-job-executor-thread-13340#
Step "Execute Task" finished#
#2026 10 06 12:37:52.095#Z#DEBUG#91ca7629-c182-11f1-ab57-eeee0a835edd.OPERATION#flowable-async-job-executor-thread-13344#
Step "Stage App" finished#
#2026 10 06 12:38:01.969#Z#DEBUG#91ca7629-c182-11f1-ab57-eeee0a835edd.OPERATION#flowable-async-job-executor-thread-13350#
[StageAppStep] Executing task "stageAppTask" of process "a7da8056-c182-11f1-a137-eeee0a8fe793"...#
#2026 10 06 12:38:01.971#Z#DEBUG#91ca7629-c182-11f1-ab57-eeee0a835edd.OPERATION#flowable-async-job-executor-thread-13350#
[StageAppStep] Application stage timeout is default one: 3,600 seconds#
#2026 10 06 12:38:01.971#Z#DEBUG#91ca7629-c182-11f1-ab57-eeee0a835edd.OPERATION#flowable-async-job-executor-thread-13350#
[StageAppStep] Checking status of application "EAM-srv"...#
#2026 10 06 12:38:01.971#Z#DEBUG#91ca7629-c182-11f1-ab57-eeee0a835edd.OPERATION#flowable-async-job-executor-thread-13350#
[StageAppStep] Getting build "39fd90ad-bcbf-4984-a7be-e34450212dbf"...#
#2026 10 06 12:38:02.012#Z#DEBUG#91ca7629-c182-11f1-ab57-eeee0a835edd.OPERATION#flowable-async-job-executor-thread-13350#
[StageAppStep] Staging status of application "EAM-srv": PENDING#
#2026 10 06 12:38:02.013#Z#DEBUG#91ca7629-c182-11f1-ab57-eeee0a835edd.OPERATION#flowable-async-job-executor-thread-13350#
[StageAppStep] Getting application guid "EAM-srv"...#
#2026 10 06 12:38:02.091#Z#DEBUG#91ca7629-c182-11f1-ab57-eeee0a835edd.OPERATION#flowable-async-job-executor-thread-13350#
Step "Stage App" finished#
#2026 10 06 12:38:01.989#Z#DEBUG#91ca7629-c182-11f1-ab57-eeee0a835edd.OPERATION#flowable-async-job-executor-thread-10064#
[ExecuteTaskStep] Executing task "executeTaskTask" of process "b92a925c-c182-11f1-ab57-eeee0a835edd"...#
#2026 10 06 12:38:01.991#Z#DEBUG#91ca7629-c182-11f1-ab57-eeee0a835edd.OPERATION#flowable-async-job-executor-thread-10064#
[ExecuteTaskStep] Application task execution timeout is default one: 43,200 seconds#
#2026 10 06 12:38:01.993#Z#DEBUG#91ca7629-c182-11f1-ab57-eeee0a835edd.OPERATION#flowable-async-job-executor-thread-10064#
[ExecuteTaskStep] Getting task "815b592c-a340-4571-b7d4-7dba3574d5cf"...#
#2026 10 06 12:38:02.021#Z#DEBUG#91ca7629-c182-11f1-ab57-eeee0a835edd.OPERATION#flowable-async-job-executor-thread-10064#
[ExecuteTaskStep] Task execution status: failed#
#2026 10 06 12:38:02.022#Z#DEBUG#91ca7629-c182-11f1-ab57-eeee0a835edd.OPERATION#flowable-async-job-executor-thread-10064#
[ExecuteTaskStep] Getting application guid "EAM-db-deployer"...#
#2026 10 06 12:38:02.088#Z#ERROR#91ca7629-c182-11f1-ab57-eeee0a835edd.OPERATION#flowable-async-job-executor-thread-10064#
[ExecuteTaskStep] Execution of task "deploy" on application "EAM-db-deployer" failed.#
#2026 10 06 12:38:02.094#Z#INFO#91ca7629-c182-11f1-ab57-eeee0a835edd.OPERATION#flowable-async-job-executor-thread-10064#
[ExecuteTaskStep] Download the MTA operation logs for more details.#
#2026 10 06 12:38:02.098#Z#DEBUG#91ca7629-c182-11f1-ab57-eeee0a835edd.OPERATION#flowable-async-job-executor-thread-10064#
Step "Execute Task" finished#
#2026 10 06 12:38:01.990#Z#DEBUG#91ca7629-c182-11f1-ab57-eeee0a835edd.OPERATION#flowable-async-job-executor-thread-10063#
[StageAppStep] Executing task "stageAppTask" of process "aef496ca-c182-11f1-906e-eeee0a90c402"...#
#2026 10 06 12:38:01.992#Z#DEBUG#91ca7629-c182-11f1-ab57-eeee0a835edd.OPERATION#flowable-async-job-executor-thread-10063#
[StageAppStep] Application stage timeout is default one: 3,600 seconds#
#2026 10 06 12:38:01.993#Z#DEBUG#91ca7629-c182-11f1-ab57-eeee0a835edd.OPERATION#flowable-async-job-executor-thread-10063#
[StageAppStep] Checking status of application "EAM"...#
#2026 10 06 12:38:01.993#Z#DEBUG#91ca7629-c182-11f1-ab57-eeee0a835edd.OPERATION#flowable-async-job-executor-thread-10063#
[StageAppStep] Getting build "c234c02c-a66a-47ff-b2e8-31e83ae5593b"...#
#2026 10 06 12:38:02.022#Z#DEBUG#91ca7629-c182-11f1-ab57-eeee0a835edd.OPERATION#flowable-async-job-executor-thread-10063#
[StageAppStep] Staging status of application "EAM": PENDING#
#2026 10 06 12:38:02.023#Z#DEBUG#91ca7629-c182-11f1-ab57-eeee0a835edd.OPERATION#flowable-async-job-executor-thread-10063#
[StageAppStep] Getting application guid "EAM"...#
#2026 10 06 12:38:02.118#Z#DEBUG#91ca7629-c182-11f1-ab57-eeee0a835edd.OPERATION#flowable-async-job-executor-thread-10063#
Step "Stage App" finished#
#2026 10 06 12:38:05.092#Z#DEBUG#91ca7629-c182-11f1-ab57-eeee0a835edd.OPERATION#flowable-async-job-executor-thread-13350#
[ExecuteTaskStep] Executing task "executeTaskTask" of process "b92a925c-c182-11f1-ab57-eeee0a835edd"...#
#2026 10 06 12:38:05.098#Z#DEBUG#91ca7629-c182-11f1-ab57-eeee0a835edd.OPERATION#flowable-async-job-executor-thread-13350#
[ExecuteTaskStep] Application task execution timeout is default one: 43,200 seconds#
#2026 10 06 12:38:05.110#Z#INFO#91ca7629-c182-11f1-ab57-eeee0a835edd.OPERATION#flowable-async-job-executor-thread-13350#
[ExecuteTaskStep] Executing task "deploy" on application "EAM-db-deployer"...#
#2026 10 06 12:38:05.134#Z#DEBUG#91ca7629-c182-11f1-ab57-eeee0a835edd.OPERATION#flowable-async-job-executor-thread-13350#
[ExecuteTaskStep] Running task on application "EAM-db-deployer": {
  "name" : "deploy",
  "command" : "npm start",
  "limits" : {
    "memory" : 256
  }
}#
#2026 10 06 12:38:05.433#Z#DEBUG#91ca7629-c182-11f1-ab57-eeee0a835edd.OPERATION#flowable-async-job-executor-thread-13350#
Step "Execute Task" finished#
#2026 10 06 12:38:12.026#Z#DEBUG#91ca7629-c182-11f1-ab57-eeee0a835edd.OPERATION#flowable-async-job-executor-thread-10839#
[StageAppStep] Executing task "stageAppTask" of process "aef496ca-c182-11f1-906e-eeee0a90c402"...#
#2026 10 06 12:38:12.029#Z#DEBUG#91ca7629-c182-11f1-ab57-eeee0a835edd.OPERATION#flowable-async-job-executor-thread-10839#
[StageAppStep] Application stage timeout is default one: 3,600 seconds#
#2026 10 06 12:38:12.029#Z#DEBUG#91ca7629-c182-11f1-ab57-eeee0a835edd.OPERATION#flowable-async-job-executor-thread-10839#
[StageAppStep] Checking status of application "EAM"...#
#2026 10 06 12:38:12.029#Z#DEBUG#91ca7629-c182-11f1-ab57-eeee0a835edd.OPERATION#flowable-async-job-executor-thread-10839#
[StageAppStep] Getting build "c234c02c-a66a-47ff-b2e8-31e83ae5593b"...#
#2026 10 06 12:38:12.057#Z#DEBUG#91ca7629-c182-11f1-ab57-eeee0a835edd.OPERATION#flowable-async-job-executor-thread-10839#
[StageAppStep] Staging status of application "EAM": PENDING#
#2026 10 06 12:38:12.058#Z#DEBUG#91ca7629-c182-11f1-ab57-eeee0a835edd.OPERATION#flowable-async-job-executor-thread-10839#
[StageAppStep] Getting application guid "EAM"...#
#2026 10 06 12:38:12.151#Z#DEBUG#91ca7629-c182-11f1-ab57-eeee0a835edd.OPERATION#flowable-async-job-executor-thread-10839#
Step "Stage App" finished#
#2026 10 06 12:38:12.023#Z#DEBUG#91ca7629-c182-11f1-ab57-eeee0a835edd.OPERATION#flowable-async-job-executor-thread-10835#
[ExecuteTaskStep] Executing task "executeTaskTask" of process "b92a925c-c182-11f1-ab57-eeee0a835edd"...#
#2026 10 06 12:38:12.025#Z#DEBUG#91ca7629-c182-11f1-ab57-eeee0a835edd.OPERATION#flowable-async-job-executor-thread-10835#
[ExecuteTaskStep] Application task execution timeout is default one: 43,200 seconds#
#2026 10 06 12:38:12.026#Z#DEBUG#91ca7629-c182-11f1-ab57-eeee0a835edd.OPERATION#flowable-async-job-executor-thread-10835#
[ExecuteTaskStep] Getting task "0a5d9fd7-f4c1-4c3f-afed-cab45f3d5f13"...#
#2026 10 06 12:38:12.054#Z#DEBUG#91ca7629-c182-11f1-ab57-eeee0a835edd.OPERATION#flowable-async-job-executor-thread-10835#
[ExecuteTaskStep] Task execution status: running#
#2026 10 06 12:38:12.056#Z#DEBUG#91ca7629-c182-11f1-ab57-eeee0a835edd.OPERATION#flowable-async-job-executor-thread-10835#
[ExecuteTaskStep] Getting application guid "EAM-db-deployer"...#
#2026 10 06 12:38:12.152#Z#DEBUG#91ca7629-c182-11f1-ab57-eeee0a835edd.OPERATION#flowable-async-job-executor-thread-10835#
Step "Execute Task" finished#
#2026 10 06 12:38:11.999#Z#DEBUG#91ca7629-c182-11f1-ab57-eeee0a835edd.OPERATION#flowable-async-job-executor-thread-13360#
[StageAppStep] Executing task "stageAppTask" of process "a7da8056-c182-11f1-a137-eeee0a8fe793"...#
#2026 10 06 12:38:12.000#Z#DEBUG#91ca7629-c182-11f1-ab57-eeee0a835edd.OPERATION#flowable-async-job-executor-thread-13360#
[StageAppStep] Application stage timeout is default one: 3,600 seconds#
#2026 10 06 12:38:12.002#Z#DEBUG#91ca7629-c182-11f1-ab57-eeee0a835edd.OPERATION#flowable-async-job-executor-thread-13360#
[StageAppStep] Checking status of application "EAM-srv"...#
#2026 10 06 12:38:12.002#Z#DEBUG#91ca7629-c182-11f1-ab57-eeee0a835edd.OPERATION#flowable-async-job-executor-thread-13360#
[StageAppStep] Getting build "39fd90ad-bcbf-4984-a7be-e34450212dbf"...#
#2026 10 06 12:38:12.025#Z#DEBUG#91ca7629-c182-11f1-ab57-eeee0a835edd.OPERATION#flowable-async-job-executor-thread-13360#
[StageAppStep] Staging status of application "EAM-srv": STAGED#
#2026 10 06 12:38:12.026#Z#DEBUG#91ca7629-c182-11f1-ab57-eeee0a835edd.OPERATION#flowable-async-job-executor-thread-13360#
[StageAppStep] Getting application guid "EAM-srv"...#
#2026 10 06 12:38:12.104#Z#DEBUG#91ca7629-c182-11f1-ab57-eeee0a835edd.OPERATION#flowable-async-job-executor-thread-13360#
[StageAppStep] Getting build "39fd90ad-bcbf-4984-a7be-e34450212dbf"...#
#2026 10 06 12:38:12.131#Z#DEBUG#91ca7629-c182-11f1-ab57-eeee0a835edd.OPERATION#flowable-async-job-executor-thread-13360#
[StageAppStep] Binding droplet "1276b414-ddcb-464e-aad2-50f747215fc5" to application "c585b5c4-a6da-4931-ac71-1a4919acace9"...#
#2026 10 06 12:38:12.190#Z#INFO#91ca7629-c182-11f1-ab57-eeee0a835edd.OPERATION#flowable-async-job-executor-thread-13360#
[StageAppStep] Application "EAM-srv" staged#
#2026 10 06 12:38:12.195#Z#DEBUG#91ca7629-c182-11f1-ab57-eeee0a835edd.OPERATION#flowable-async-job-executor-thread-13360#
Step "Stage App" finished#
#2026 10 06 12:38:12.232#Z#DEBUG#91ca7629-c182-11f1-ab57-eeee0a835edd.OPERATION#flowable-async-job-executor-thread-13360#
[RestartAppStep] Executing task "startAppTask" of process "a7da8056-c182-11f1-a137-eeee0a8fe793"...#
#2026 10 06 12:38:12.236#Z#DEBUG#91ca7629-c182-11f1-ab57-eeee0a835edd.OPERATION#flowable-async-job-executor-thread-13360#
[RestartAppStep] Application start timeout is default one: 3,600 seconds#
#2026 10 06 12:38:12.238#Z#DEBUG#91ca7629-c182-11f1-ab57-eeee0a835edd.OPERATION#flowable-async-job-executor-thread-13360#
[RestartAppStep] Getting application "EAM-srv"...#
#2026 10 06 12:38:12.261#Z#INFO#91ca7629-c182-11f1-ab57-eeee0a835edd.OPERATION#flowable-async-job-executor-thread-13360#
[RestartAppStep] Starting application "EAM-srv"...#
#2026 10 06 12:38:12.264#Z#DEBUG#91ca7629-c182-11f1-ab57-eeee0a835edd.OPERATION#flowable-async-job-executor-thread-13360#
[RestartAppStep] Starting application "EAM-srv"...#
#2026 10 06 12:38:12.566#Z#DEBUG#91ca7629-c182-11f1-ab57-eeee0a835edd.OPERATION#flowable-async-job-executor-thread-13360#
Step "Start App" finished#
#2026 10 06 12:38:22.212#Z#DEBUG#91ca7629-c182-11f1-ab57-eeee0a835edd.OPERATION#flowable-async-job-executor-thread-13363#
[ExecuteTaskStep] Executing task "executeTaskTask" of process "b92a925c-c182-11f1-ab57-eeee0a835edd"...#
#2026 10 06 12:38:22.214#Z#DEBUG#91ca7629-c182-11f1-ab57-eeee0a835edd.OPERATION#flowable-async-job-executor-thread-13363#
[ExecuteTaskStep] Application task execution timeout is default one: 43,200 seconds#
#2026 10 06 12:38:22.215#Z#DEBUG#91ca7629-c182-11f1-ab57-eeee0a835edd.OPERATION#flowable-async-job-executor-thread-13363#
[ExecuteTaskStep] Getting task "0a5d9fd7-f4c1-4c3f-afed-cab45f3d5f13"...#
#2026 10 06 12:38:22.242#Z#DEBUG#91ca7629-c182-11f1-ab57-eeee0a835edd.OPERATION#flowable-async-job-executor-thread-13363#
[ExecuteTaskStep] Task execution status: failed#
#2026 10 06 12:38:22.244#Z#DEBUG#91ca7629-c182-11f1-ab57-eeee0a835edd.OPERATION#flowable-async-job-executor-thread-13363#
[ExecuteTaskStep] Getting application guid "EAM-db-deployer"...#
#2026 10 06 12:38:22.310#Z#ERROR#91ca7629-c182-11f1-ab57-eeee0a835edd.OPERATION#flowable-async-job-executor-thread-13363#
[ExecuteTaskStep] Execution of task "deploy" on application "EAM-db-deployer" failed.#
#2026 10 06 12:38:22.314#Z#INFO#91ca7629-c182-11f1-ab57-eeee0a835edd.OPERATION#flowable-async-job-executor-thread-13363#
[ExecuteTaskStep] Download the MTA operation logs for more details.#
#2026 10 06 12:38:22.317#Z#DEBUG#91ca7629-c182-11f1-ab57-eeee0a835edd.OPERATION#flowable-async-job-executor-thread-13363#
Step "Execute Task" finished#
#2026 10 06 12:38:22.246#Z#DEBUG#91ca7629-c182-11f1-ab57-eeee0a835edd.OPERATION#flowable-async-job-executor-thread-13367#
[RestartAppStep] Executing task "startAppTask" of process "cb493da6-c182-11f1-ab57-eeee0a835edd"...#
#2026 10 06 12:38:22.248#Z#DEBUG#91ca7629-c182-11f1-ab57-eeee0a835edd.OPERATION#flowable-async-job-executor-thread-13367#
[RestartAppStep] Application start timeout is default one: 3,600 seconds#
#2026 10 06 12:38:22.249#Z#DEBUG#91ca7629-c182-11f1-ab57-eeee0a835edd.OPERATION#flowable-async-job-executor-thread-13367#
[RestartAppStep] Checking status of application "EAM-srv"...#
#2026 10 06 12:38:22.249#Z#DEBUG#91ca7629-c182-11f1-ab57-eeee0a835edd.OPERATION#flowable-async-job-executor-thread-13367#
[RestartAppStep] Getting application "EAM-srv"...#
#2026 10 06 12:38:22.278#Z#DEBUG#91ca7629-c182-11f1-ab57-eeee0a835edd.OPERATION#flowable-async-job-executor-thread-13367#
[RestartAppStep] Getting instances for application "EAM-srv"...#
#2026 10 06 12:38:22.311#Z#DEBUG#91ca7629-c182-11f1-ab57-eeee0a835edd.OPERATION#flowable-async-job-executor-thread-13367#
[RestartAppStep] Application "EAM-srv": 0 of 1 instances running (1 starting)#
#2026 10 06 12:38:22.337#Z#DEBUG#91ca7629-c182-11f1-ab57-eeee0a835edd.OPERATION#flowable-async-job-executor-thread-13367#
Step "Start App" finished#
#2026 10 06 12:38:22.220#Z#DEBUG#91ca7629-c182-11f1-ab57-eeee0a835edd.OPERATION#flowable-async-job-executor-thread-13364#
[StageAppStep] Executing task "stageAppTask" of process "aef496ca-c182-11f1-906e-eeee0a90c402"...#
#2026 10 06 12:38:22.222#Z#DEBUG#91ca7629-c182-11f1-ab57-eeee0a835edd.OPERATION#flowable-async-job-executor-thread-13364#
[StageAppStep] Application stage timeout is default one: 3,600 seconds#
#2026 10 06 12:38:22.222#Z#DEBUG#91ca7629-c182-11f1-ab57-eeee0a835edd.OPERATION#flowable-async-job-executor-thread-13364#
[StageAppStep] Checking status of application "EAM"...#
#2026 10 06 12:38:22.222#Z#DEBUG#91ca7629-c182-11f1-ab57-eeee0a835edd.OPERATION#flowable-async-job-executor-thread-13364#
[StageAppStep] Getting build "c234c02c-a66a-47ff-b2e8-31e83ae5593b"...#
#2026 10 06 12:38:22.251#Z#DEBUG#91ca7629-c182-11f1-ab57-eeee0a835edd.OPERATION#flowable-async-job-executor-thread-13364#
[StageAppStep] Staging status of application "EAM": STAGED#
#2026 10 06 12:38:22.252#Z#DEBUG#91ca7629-c182-11f1-ab57-eeee0a835edd.OPERATION#flowable-async-job-executor-thread-13364#
[StageAppStep] Getting application guid "EAM"...#
#2026 10 06 12:38:22.335#Z#DEBUG#91ca7629-c182-11f1-ab57-eeee0a835edd.OPERATION#flowable-async-job-executor-thread-13364#
[StageAppStep] Getting build "c234c02c-a66a-47ff-b2e8-31e83ae5593b"...#
#2026 10 06 12:38:22.361#Z#DEBUG#91ca7629-c182-11f1-ab57-eeee0a835edd.OPERATION#flowable-async-job-executor-thread-13364#
[StageAppStep] Binding droplet "3fde030d-3277-4e00-b609-a4e40552bfe1" to application "fdff3cfa-eac9-4271-9cc2-7c17f54349a4"...#
#2026 10 06 12:38:22.412#Z#INFO#91ca7629-c182-11f1-ab57-eeee0a835edd.OPERATION#flowable-async-job-executor-thread-13364#
[StageAppStep] Application "EAM" staged#
#2026 10 06 12:38:22.416#Z#DEBUG#91ca7629-c182-11f1-ab57-eeee0a835edd.OPERATION#flowable-async-job-executor-thread-13364#
Step "Stage App" finished#
#2026 10 06 12:38:22.619#Z#DEBUG#91ca7629-c182-11f1-ab57-eeee0a835edd.OPERATION#flowable-async-job-executor-thread-13366#
[RestartAppStep] Executing task "startAppTask" of process "aef496ca-c182-11f1-906e-eeee0a90c402"...#
#2026 10 06 12:38:22.623#Z#DEBUG#91ca7629-c182-11f1-ab57-eeee0a835edd.OPERATION#flowable-async-job-executor-thread-13366#
[RestartAppStep] Application start timeout is default one: 3,600 seconds#
#2026 10 06 12:38:22.683#Z#DEBUG#91ca7629-c182-11f1-ab57-eeee0a835edd.OPERATION#flowable-async-job-executor-thread-13366#
[RestartAppStep] Getting application "EAM"...#
#2026 10 06 12:38:22.722#Z#INFO#91ca7629-c182-11f1-ab57-eeee0a835edd.OPERATION#flowable-async-job-executor-thread-13366#
[RestartAppStep] Starting application "EAM"...#
#2026 10 06 12:38:22.725#Z#DEBUG#91ca7629-c182-11f1-ab57-eeee0a835edd.OPERATION#flowable-async-job-executor-thread-13366#
[RestartAppStep] Starting application "EAM"...#
#2026 10 06 12:38:22.988#Z#DEBUG#91ca7629-c182-11f1-ab57-eeee0a835edd.OPERATION#flowable-async-job-executor-thread-13366#
Step "Start App" finished#
#2026 10 06 12:38:23.602#Z#DEBUG#91ca7629-c182-11f1-ab57-eeee0a835edd.OPERATION#flowable-async-job-executor-thread-10073#
[ExecuteTaskStep] Executing task "executeTaskTask" of process "b92a925c-c182-11f1-ab57-eeee0a835edd"...#
#2026 10 06 12:38:23.604#Z#DEBUG#91ca7629-c182-11f1-ab57-eeee0a835edd.OPERATION#flowable-async-job-executor-thread-10073#
[ExecuteTaskStep] Application task execution timeout is default one: 43,200 seconds#
#2026 10 06 12:38:23.670#Z#INFO#91ca7629-c182-11f1-ab57-eeee0a835edd.OPERATION#flowable-async-job-executor-thread-10073#
[ExecuteTaskStep] Executing task "deploy" on application "EAM-db-deployer"...#
#2026 10 06 12:38:23.675#Z#DEBUG#91ca7629-c182-11f1-ab57-eeee0a835edd.OPERATION#flowable-async-job-executor-thread-10073#
[ExecuteTaskStep] Running task on application "EAM-db-deployer": {
  "name" : "deploy",
  "command" : "npm start",
  "limits" : {
    "memory" : 256
  }
}#
#2026 10 06 12:38:23.960#Z#DEBUG#91ca7629-c182-11f1-ab57-eeee0a835edd.OPERATION#flowable-async-job-executor-thread-10073#
Step "Execute Task" finished#
#2026 10 06 12:38:32.294#Z#DEBUG#91ca7629-c182-11f1-ab57-eeee0a835edd.OPERATION#flowable-async-job-executor-thread-13374#
[ExecuteTaskStep] Executing task "executeTaskTask" of process "b92a925c-c182-11f1-ab57-eeee0a835edd"...#
#2026 10 06 12:38:32.295#Z#DEBUG#91ca7629-c182-11f1-ab57-eeee0a835edd.OPERATION#flowable-async-job-executor-thread-13374#
[ExecuteTaskStep] Application task execution timeout is default one: 43,200 seconds#
#2026 10 06 12:38:32.296#Z#DEBUG#91ca7629-c182-11f1-ab57-eeee0a835edd.OPERATION#flowable-async-job-executor-thread-13374#
[ExecuteTaskStep] Getting task "38a030d8-c9d8-45c1-ae40-0582ed14f6fb"...#
#2026 10 06 12:38:32.328#Z#DEBUG#91ca7629-c182-11f1-ab57-eeee0a835edd.OPERATION#flowable-async-job-executor-thread-13374#
[ExecuteTaskStep] Task execution status: running#
#2026 10 06 12:38:32.330#Z#DEBUG#91ca7629-c182-11f1-ab57-eeee0a835edd.OPERATION#flowable-async-job-executor-thread-13374#
[ExecuteTaskStep] Getting application guid "EAM-db-deployer"...#
#2026 10 06 12:38:32.407#Z#DEBUG#91ca7629-c182-11f1-ab57-eeee0a835edd.OPERATION#flowable-async-job-executor-thread-13374#
Step "Execute Task" finished#
#2026 10 06 12:38:32.126#Z#DEBUG#91ca7629-c182-11f1-ab57-eeee0a835edd.OPERATION#flowable-async-job-executor-thread-13376#
[RestartAppStep] Executing task "startAppTask" of process "d11c2d32-c182-11f1-ab57-eeee0a835edd"...#
#2026 10 06 12:38:32.129#Z#DEBUG#91ca7629-c182-11f1-ab57-eeee0a835edd.OPERATION#flowable-async-job-executor-thread-13376#
[RestartAppStep] Application start timeout is default one: 3,600 seconds#
#2026 10 06 12:38:32.129#Z#DEBUG#91ca7629-c182-11f1-ab57-eeee0a835edd.OPERATION#flowable-async-job-executor-thread-13376#
[RestartAppStep] Checking status of application "EAM-srv"...#
#2026 10 06 12:38:32.130#Z#DEBUG#91ca7629-c182-11f1-ab57-eeee0a835edd.OPERATION#flowable-async-job-executor-thread-13376#
[RestartAppStep] Getting instances for application "EAM-srv"...#
#2026 10 06 12:38:32.392#Z#DEBUG#91ca7629-c182-11f1-ab57-eeee0a835edd.OPERATION#flowable-async-job-executor-thread-13375#
[RestartAppStep] Executing task "startAppTask" of process "d17f8394-c182-11f1-ab57-eeee0a835edd"...#
#2026 10 06 12:38:32.394#Z#DEBUG#91ca7629-c182-11f1-ab57-eeee0a835edd.OPERATION#flowable-async-job-executor-thread-13375#
[RestartAppStep] Application start timeout is default one: 3,600 seconds#
#2026 10 06 12:38:32.395#Z#DEBUG#91ca7629-c182-11f1-ab57-eeee0a835edd.OPERATION#flowable-async-job-executor-thread-13375#
[RestartAppStep] Checking status of application "EAM"...#
#2026 10 06 12:38:32.395#Z#DEBUG#91ca7629-c182-11f1-ab57-eeee0a835edd.OPERATION#flowable-async-job-executor-thread-13375#
[RestartAppStep] Getting application "EAM"...#
#2026 10 06 12:38:32.425#Z#DEBUG#91ca7629-c182-11f1-ab57-eeee0a835edd.OPERATION#flowable-async-job-executor-thread-13375#
[RestartAppStep] Getting instances for application "EAM"...#
#2026 10 06 12:38:32.475#Z#DEBUG#91ca7629-c182-11f1-ab57-eeee0a835edd.OPERATION#flowable-async-job-executor-thread-13376#
[RestartAppStep] Application "EAM-srv": 1 of 1 instances running (1 running)#
#2026 10 06 12:38:32.492#Z#DEBUG#91ca7629-c182-11f1-ab57-eeee0a835edd.OPERATION#flowable-async-job-executor-thread-13376#
[RestartAppStep] Getting routes for application "c585b5c4-a6da-4931-ac71-1a4919acace9"...#
#2026 10 06 12:38:32.546#Z#INFO#91ca7629-c182-11f1-ab57-eeee0a835edd.OPERATION#flowable-async-job-executor-thread-13376#
[RestartAppStep] Application "EAM-srv" started and available at "8894508ftrial-dev-eam-srv.cfapps.us10-001.hana.ondemand.com"#
#2026 10 06 12:38:32.550#Z#DEBUG#91ca7629-c182-11f1-ab57-eeee0a835edd.OPERATION#flowable-async-job-executor-thread-13376#
Step "Start App" finished#
#2026 10 06 12:38:32.677#Z#DEBUG#91ca7629-c182-11f1-ab57-eeee0a835edd.OPERATION#flowable-async-job-executor-thread-13375#
[RestartAppStep] Application "EAM": 0 of 1 instances running (1 starting)#
#2026 10 06 12:38:32.729#Z#DEBUG#91ca7629-c182-11f1-ab57-eeee0a835edd.OPERATION#flowable-async-job-executor-thread-13375#
Step "Start App" finished#
#2026 10 06 12:38:42.293#Z#DEBUG#91ca7629-c182-11f1-ab57-eeee0a835edd.OPERATION#flowable-async-job-executor-thread-10847#
[RestartAppStep] Executing task "startAppTask" of process "d7328f4e-c182-11f1-ab57-eeee0a835edd"...#
#2026 10 06 12:38:42.295#Z#DEBUG#91ca7629-c182-11f1-ab57-eeee0a835edd.OPERATION#flowable-async-job-executor-thread-10848#
[RestartAppStep] Executing task "startAppTask" of process "d74ddfa7-c182-11f1-ab57-eeee0a835edd"...#
#2026 10 06 12:38:42.296#Z#DEBUG#91ca7629-c182-11f1-ab57-eeee0a835edd.OPERATION#flowable-async-job-executor-thread-10847#
[RestartAppStep] Application start timeout is default one: 3,600 seconds#
#2026 10 06 12:38:42.297#Z#DEBUG#91ca7629-c182-11f1-ab57-eeee0a835edd.OPERATION#flowable-async-job-executor-thread-10848#
[RestartAppStep] Application start timeout is default one: 3,600 seconds#
#2026 10 06 12:38:42.298#Z#DEBUG#91ca7629-c182-11f1-ab57-eeee0a835edd.OPERATION#flowable-async-job-executor-thread-10847#
Step "Start App" finished#
#2026 10 06 12:38:42.246#Z#DEBUG#91ca7629-c182-11f1-ab57-eeee0a835edd.OPERATION#flowable-async-job-executor-thread-10850#
[ExecuteTaskStep] Executing task "executeTaskTask" of process "b92a925c-c182-11f1-ab57-eeee0a835edd"...#
#2026 10 06 12:38:42.249#Z#DEBUG#91ca7629-c182-11f1-ab57-eeee0a835edd.OPERATION#flowable-async-job-executor-thread-10850#
[ExecuteTaskStep] Application task execution timeout is default one: 43,200 seconds#
#2026 10 06 12:38:42.251#Z#DEBUG#91ca7629-c182-11f1-ab57-eeee0a835edd.OPERATION#flowable-async-job-executor-thread-10850#
[ExecuteTaskStep] Getting task "38a030d8-c9d8-45c1-ae40-0582ed14f6fb"...#
#2026 10 06 12:38:42.275#Z#DEBUG#91ca7629-c182-11f1-ab57-eeee0a835edd.OPERATION#flowable-async-job-executor-thread-10850#
[ExecuteTaskStep] Task execution status: failed#
#2026 10 06 12:38:42.277#Z#DEBUG#91ca7629-c182-11f1-ab57-eeee0a835edd.OPERATION#flowable-async-job-executor-thread-10850#
[ExecuteTaskStep] Getting application guid "EAM-db-deployer"...#
#2026 10 06 12:38:42.330#Z#ERROR#91ca7629-c182-11f1-ab57-eeee0a835edd.OPERATION#flowable-async-job-executor-thread-10850#
[ExecuteTaskStep] Execution of task "deploy" on application "EAM-db-deployer" failed.#
#2026 10 06 12:38:42.336#Z#INFO#91ca7629-c182-11f1-ab57-eeee0a835edd.OPERATION#flowable-async-job-executor-thread-10850#
[ExecuteTaskStep] Download the MTA operation logs for more details.#
#2026 10 06 12:38:42.340#Z#DEBUG#91ca7629-c182-11f1-ab57-eeee0a835edd.OPERATION#flowable-async-job-executor-thread-10850#
Step "Execute Task" finished#
#2026 10 06 12:38:42.298#Z#DEBUG#91ca7629-c182-11f1-ab57-eeee0a835edd.OPERATION#flowable-async-job-executor-thread-10848#
[RestartAppStep] Checking status of application "EAM"...#
#2026 10 06 12:38:42.299#Z#DEBUG#91ca7629-c182-11f1-ab57-eeee0a835edd.OPERATION#flowable-async-job-executor-thread-10848#
[RestartAppStep] Getting instances for application "EAM"...#
#2026 10 06 12:38:42.334#Z#DEBUG#91ca7629-c182-11f1-ab57-eeee0a835edd.OPERATION#flowable-async-job-executor-thread-10848#
[RestartAppStep] Application "EAM": 1 of 1 instances running (1 running)#
#2026 10 06 12:38:42.391#Z#DEBUG#91ca7629-c182-11f1-ab57-eeee0a835edd.OPERATION#flowable-async-job-executor-thread-10848#
[RestartAppStep] Getting routes for application "fdff3cfa-eac9-4271-9cc2-7c17f54349a4"...#
#2026 10 06 12:38:42.435#Z#INFO#91ca7629-c182-11f1-ab57-eeee0a835edd.OPERATION#flowable-async-job-executor-thread-10848#
[RestartAppStep] Application "EAM" started and available at "8894508ftrial-dev-eam-srv.cfapps.us10-001.hana.ondemand.com, 8894508ftrial-dev-eam.cfapps.us10-001.hana.ondemand.com"#
#2026 10 06 12:38:42.439#Z#DEBUG#91ca7629-c182-11f1-ab57-eeee0a835edd.OPERATION#flowable-async-job-executor-thread-10848#
Step "Start App" finished#
#2026 10 06 12:38:42.457#Z#DEBUG#91ca7629-c182-11f1-ab57-eeee0a835edd.OPERATION#flowable-async-job-executor-thread-10850#
[PrepareToExecuteTasksStep] Executing task "prepareToExecuteTasksTask" of process "dd142487-c182-11f1-906e-eeee0a90c402"...#
#2026 10 06 12:38:42.458#Z#DEBUG#91ca7629-c182-11f1-ab57-eeee0a835edd.OPERATION#flowable-async-job-executor-thread-10850#
Step "Prepare To Execute Tasks" finished#
#2026 10 06 12:38:42.526#Z#DEBUG#91ca7629-c182-11f1-ab57-eeee0a835edd.OPERATION#flowable-async-job-executor-thread-10850#
[PublishConfigurationEntriesStep] Executing task "publishProvidedDependenciesTask" of process "dd0222f7-c182-11f1-906e-eeee0a90c402"...#
#2026 10 06 12:38:42.538#Z#DEBUG#91ca7629-c182-11f1-ab57-eeee0a835edd.OPERATION#flowable-async-job-executor-thread-10850#
[PublishConfigurationEntriesStep] Publishing public provided dependencies for application "EAM-srv"...#
#2026 10 06 12:38:42.539#Z#DEBUG#91ca7629-c182-11f1-ab57-eeee0a835edd.OPERATION#flowable-async-job-executor-thread-10850#
[PublishConfigurationEntriesStep] No public provided dependencies for publishing#
#2026 10 06 12:38:42.539#Z#DEBUG#91ca7629-c182-11f1-ab57-eeee0a835edd.OPERATION#flowable-async-job-executor-thread-10850#
Step "Publish Provided Dependencies" finished#
#2026 10 06 12:38:42.574#Z#DEBUG#91ca7629-c182-11f1-ab57-eeee0a835edd.OPERATION#flowable-async-job-executor-thread-10850#
[CreateOrUpdateServiceBrokerStep] Executing task "createOrUpdateServiceBrokerTask" of process "dd0222f7-c182-11f1-906e-eeee0a90c402"...#
#2026 10 06 12:38:42.575#Z#DEBUG#91ca7629-c182-11f1-ab57-eeee0a835edd.OPERATION#flowable-async-job-executor-thread-10850#
[CreateOrUpdateServiceBrokerStep] Creating service brokers...#
#2026 10 06 12:38:42.576#Z#DEBUG#91ca7629-c182-11f1-ab57-eeee0a835edd.OPERATION#flowable-async-job-executor-thread-10850#
Step "Create Or Update Service Broker " finished#
#2026 10 06 12:38:45.114#Z#DEBUG#91ca7629-c182-11f1-ab57-eeee0a835edd.OPERATION#flowable-async-job-executor-thread-10083#
[ExecuteTaskStep] Executing task "executeTaskTask" of process "b92a925c-c182-11f1-ab57-eeee0a835edd"...#
#2026 10 06 12:38:45.116#Z#DEBUG#91ca7629-c182-11f1-ab57-eeee0a835edd.OPERATION#flowable-async-job-executor-thread-10083#
[ExecuteTaskStep] Application task execution timeout is default one: 43,200 seconds#
#2026 10 06 12:38:45.118#Z#INFO#91ca7629-c182-11f1-ab57-eeee0a835edd.OPERATION#flowable-async-job-executor-thread-10083#
[ExecuteTaskStep] Executing task "deploy" on application "EAM-db-deployer"...#
#2026 10 06 12:38:45.122#Z#DEBUG#91ca7629-c182-11f1-ab57-eeee0a835edd.OPERATION#flowable-async-job-executor-thread-10083#
[ExecuteTaskStep] Running task on application "EAM-db-deployer": {
  "name" : "deploy",
  "command" : "npm start",
  "limits" : {
    "memory" : 256
  }
}#
#2026 10 06 12:38:45.401#Z#DEBUG#91ca7629-c182-11f1-ab57-eeee0a835edd.OPERATION#flowable-async-job-executor-thread-10083#
Step "Execute Task" finished#
#2026 10 06 12:38:52.287#Z#DEBUG#91ca7629-c182-11f1-ab57-eeee0a835edd.OPERATION#flowable-async-job-executor-thread-13384#
[RestartAppStep] Executing task "startAppTask" of process "dd17a6fe-c182-11f1-906e-eeee0a90c402"...#
#2026 10 06 12:38:52.291#Z#DEBUG#91ca7629-c182-11f1-ab57-eeee0a835edd.OPERATION#flowable-async-job-executor-thread-13384#
[RestartAppStep] Application start timeout is default one: 3,600 seconds#
#2026 10 06 12:38:52.293#Z#DEBUG#91ca7629-c182-11f1-ab57-eeee0a835edd.OPERATION#flowable-async-job-executor-thread-13384#
Step "Start App" finished#
#2026 10 06 12:38:52.412#Z#DEBUG#91ca7629-c182-11f1-ab57-eeee0a835edd.OPERATION#flowable-async-job-executor-thread-13384#
[PrepareToExecuteTasksStep] Executing task "prepareToExecuteTasksTask" of process "e300de3c-c182-11f1-ab57-eeee0a835edd"...#
#2026 10 06 12:38:52.413#Z#DEBUG#91ca7629-c182-11f1-ab57-eeee0a835edd.OPERATION#flowable-async-job-executor-thread-13384#
Step "Prepare To Execute Tasks" finished#
#2026 10 06 12:38:52.452#Z#DEBUG#91ca7629-c182-11f1-ab57-eeee0a835edd.OPERATION#flowable-async-job-executor-thread-13384#
[PublishConfigurationEntriesStep] Executing task "publishProvidedDependenciesTask" of process "e2f7b658-c182-11f1-ab57-eeee0a835edd"...#
#2026 10 06 12:38:52.452#Z#DEBUG#91ca7629-c182-11f1-ab57-eeee0a835edd.OPERATION#flowable-async-job-executor-thread-13384#
[PublishConfigurationEntriesStep] Publishing public provided dependencies for application "EAM"...#
#2026 10 06 12:38:52.453#Z#DEBUG#91ca7629-c182-11f1-ab57-eeee0a835edd.OPERATION#flowable-async-job-executor-thread-13384#
[PublishConfigurationEntriesStep] No public provided dependencies for publishing#
#2026 10 06 12:38:52.453#Z#DEBUG#91ca7629-c182-11f1-ab57-eeee0a835edd.OPERATION#flowable-async-job-executor-thread-13384#
Step "Publish Provided Dependencies" finished#
#2026 10 06 12:38:52.481#Z#DEBUG#91ca7629-c182-11f1-ab57-eeee0a835edd.OPERATION#flowable-async-job-executor-thread-13384#
[CreateOrUpdateServiceBrokerStep] Executing task "createOrUpdateServiceBrokerTask" of process "e2f7b658-c182-11f1-ab57-eeee0a835edd"...#
#2026 10 06 12:38:52.482#Z#DEBUG#91ca7629-c182-11f1-ab57-eeee0a835edd.OPERATION#flowable-async-job-executor-thread-13384#
[CreateOrUpdateServiceBrokerStep] Creating service brokers...#
#2026 10 06 12:38:52.483#Z#DEBUG#91ca7629-c182-11f1-ab57-eeee0a835edd.OPERATION#flowable-async-job-executor-thread-13384#
Step "Create Or Update Service Broker " finished#
#2026 10 06 12:38:52.400#Z#DEBUG#91ca7629-c182-11f1-ab57-eeee0a835edd.OPERATION#flowable-async-job-executor-thread-10084#
[ExecuteTaskStep] Executing task "executeTaskTask" of process "b92a925c-c182-11f1-ab57-eeee0a835edd"...#
#2026 10 06 12:38:52.402#Z#DEBUG#91ca7629-c182-11f1-ab57-eeee0a835edd.OPERATION#flowable-async-job-executor-thread-10084#
[ExecuteTaskStep] Application task execution timeout is default one: 43,200 seconds#
#2026 10 06 12:38:52.405#Z#DEBUG#91ca7629-c182-11f1-ab57-eeee0a835edd.OPERATION#flowable-async-job-executor-thread-10084#
[ExecuteTaskStep] Getting task "7dd27bc5-08a0-402d-b81a-dad14c3de85a"...#
#2026 10 06 12:38:52.427#Z#DEBUG#91ca7629-c182-11f1-ab57-eeee0a835edd.OPERATION#flowable-async-job-executor-thread-10084#
[ExecuteTaskStep] Task execution status: running#
#2026 10 06 12:38:52.428#Z#DEBUG#91ca7629-c182-11f1-ab57-eeee0a835edd.OPERATION#flowable-async-job-executor-thread-10084#
[ExecuteTaskStep] Getting application guid "EAM-db-deployer"...#
#2026 10 06 12:38:52.525#Z#DEBUG#91ca7629-c182-11f1-ab57-eeee0a835edd.OPERATION#flowable-async-job-executor-thread-10084#
Step "Execute Task" finished#
#2026 10 06 12:39:02.382#Z#DEBUG#91ca7629-c182-11f1-ab57-eeee0a835edd.OPERATION#flowable-async-job-executor-thread-13392#
[ExecuteTaskStep] Executing task "executeTaskTask" of process "b92a925c-c182-11f1-ab57-eeee0a835edd"...#
#2026 10 06 12:39:02.384#Z#DEBUG#91ca7629-c182-11f1-ab57-eeee0a835edd.OPERATION#flowable-async-job-executor-thread-13392#
[ExecuteTaskStep] Application task execution timeout is default one: 43,200 seconds#
#2026 10 06 12:39:02.387#Z#DEBUG#91ca7629-c182-11f1-ab57-eeee0a835edd.OPERATION#flowable-async-job-executor-thread-13392#
[ExecuteTaskStep] Getting task "7dd27bc5-08a0-402d-b81a-dad14c3de85a"...#
#2026 10 06 12:39:02.420#Z#DEBUG#91ca7629-c182-11f1-ab57-eeee0a835edd.OPERATION#flowable-async-job-executor-thread-13392#
[ExecuteTaskStep] Task execution status: failed#
#2026 10 06 12:39:02.421#Z#DEBUG#91ca7629-c182-11f1-ab57-eeee0a835edd.OPERATION#flowable-async-job-executor-thread-13392#
[ExecuteTaskStep] Getting application guid "EAM-db-deployer"...#
#2026 10 06 12:39:02.477#Z#ERROR#91ca7629-c182-11f1-ab57-eeee0a835edd.OPERATION#flowable-async-job-executor-thread-13392#
[ExecuteTaskStep] Execution of task "deploy" on application "EAM-db-deployer" failed.#
#2026 10 06 12:39:02.481#Z#INFO#91ca7629-c182-11f1-ab57-eeee0a835edd.OPERATION#flowable-async-job-executor-thread-13392#
[ExecuteTaskStep] Download the MTA operation logs for more details.#
#2026 10 06 12:39:02.483#Z#DEBUG#91ca7629-c182-11f1-ab57-eeee0a835edd.OPERATION#flowable-async-job-executor-thread-13392#
Step "Execute Task" finished#
